edrpou,name,short_name,opf,stan,registration,terminated_info
00032106,НАЦІОНАЛЬНИЙ БАНК УКРАЇНИ,НАЦІОНАЛЬНИЙ БАНК,ОРГАН ДЕРЖАВНОЇ ВЛАДИ,зареєстровано,20.05.1999; 05.05.2005; 10701200000008289,
00135390,"АКЦІОНЕРНЕ ТОВАРИСТВО ""УКРНАФТА""","АТ ""УКРНАФТА""",АКЦІОНЕРНЕ ТОВАРИСТВО,зареєстровано,31.03.1994; 27.10.2004; 10741200000002352,
00276104,КАРПАТСЬКИЙ БІОСФЕРНИЙ ЗАПОВІДНИК,КБЗ,"ДЕРЖАВНА ОРГАНІЗАЦІЯ (УСТАНОВА, ЗАКЛАД)",зареєстровано,03.08.2001; 06.03.2007; 13171200000000631,
00380497,"ПРИВАТНЕ АКЦІОНЕРНЕ ТОВАРИСТВО ""ІЗЯСЛАВСЬКИЙ ХЛІБОЗАВОД""","ПРАТ ""ІЗЯСЛАВСЬКИЙ ХЛІБОЗАВОД""",ПРИВАТНЕ АКЦІОНЕРНЕ ТОВАРИСТВО,зареєстровано,12.10.1994; 23.11.2004; 16581200000000039,
00445914,"ПРИВАТНЕ АКЦІОНЕРНЕ ТОВАРИСТВО ""ОБУХІВСЬКИЙ МОЛОЧНИЙ ЗАВОД""","ПРАТ""ОБУХІВСЬКИЙ МОЛОКОЗАВОД""",ПРИВАТНЕ АКЦІОНЕРНЕ ТОВАРИСТВО,зареєстровано,22.08.1995; 21.02.2006; 13421200000000922,
00445920,"ТОВАРИСТВО З ОБМЕЖЕНОЮ ВІДПОВІДАЛЬНІСТЮ ""ПЕРЕЯСЛАВ-МОЛПРОДУКТ""","ТОВ ""ПЕРЕЯСЛАВ-МОЛПРОДУКТ""",ТОВАРИСТВО З ОБМЕЖЕНОЮ ВІДПОВІДАЛЬНІСТЮ,зареєстровано,24.04.2001; 12.10.2010; 13431450000000638,
00447853,"ПРИВАТНЕ АКЦІОНЕРНЕ ТОВАРИСТВО ""ЮРІЯ""","ПРАТ  ""ЮРІЯ""",ПРИВАТНЕ АКЦІОНЕРНЕ ТОВАРИСТВО,зареєстровано,10.03.1995; 02.08.2004; 10261200000000088,
00693517,ДНІПРОПЕТРОВСЬКА РЕГІОНАЛЬНА ДЕРЖАВНА ЛАБОРАТОРІЯ ДЕРЖАВНОЇ СЛУЖБИ УКРАЇНИ З ПИТАНЬ БЕЗПЕЧНОСТІ ХАРЧОВИХ ПРОДУКТІВ ТА ЗАХИСТУ СПОЖИВАЧІВ,ДРегДЛ Держпродспоживслужби,"ДЕРЖАВНА ОРГАНІЗАЦІЯ (УСТАНОВА, ЗАКЛАД)",зареєстровано,15.11.1999; 24.01.2007; 12241200000033676,
01280527,"КОМУНАЛЬНЕ НЕКОМЕРЦІЙНЕ ПІДПРИЄМСТВО ""МІСЬКА КЛІНІЧНА ЛІКАРНЯ № 4"" ДНІПРОВСЬКОЇ МІСЬКОЇ РАДИ","КНП ""МКЛ № 4"" ДМР",КОМУНАЛЬНЕ ПІДПРИЄМСТВО,зареєстровано,18.02.2002; 05.12.2019; 12241450000092908,
01565129,"КОМУНАЛЬНЕ ПІДПРИЄМСТВО ""ВОЛОДИМИРСЬКИЙ РИНОК""","КП ""ВОЛОДИМИРСЬКИЙ РИНОК""",КОМУНАЛЬНЕ ПІДПРИЄМСТВО,зареєстровано,09.04.2001; 31.10.2006; 10681200000017312,
01982531,"КОМУНАЛЬНЕ НЕКОМЕРЦІЙНЕ ПІДПРИЄМСТВО ""ІЛЛІНЕЦЬКА МІСЬКА ЛІКАРНЯ"" ІЛЛІНЕЦЬКОЇ МІСЬКОЇ РАДИ","КНП ""ІЛЛІНЕЦЬКА МІСЬКА ЛІКАРНЯ""",КОМУНАЛЬНЕ ПІДПРИЄМСТВО,зареєстровано,15.06.2001; 30.07.2018; 11521450000000909,
01982726,"КОМУНАЛЬНЕ НЕКОМЕРЦІЙНЕ ПІДПРИЄМСТВО ""ЯМПІЛЬСЬКА ТЕРИТОРІАЛЬНА ЛІКАРНЯ"" ЯМПІЛЬСЬКОЇ МІСЬКОЇ РАДИ","КНП ""ЯМПІЛЬСЬКА ТЕРИТОРІАЛЬНА ЛІКАРНЯ""",КОМУНАЛЬНЕ ПІДПРИЄМСТВО,зареєстровано,14.06.2004; 28.12.2018; 11731450000000630,
01982896,"КОМУНАЛЬНЕ ПІДПРИЄМСТВО ""ГОРОХІВСЬКА БАГАТОПРОФІЛЬНА ЛІКАРНЯ ГОРОХІВСЬКОЇ МІСЬКОЇ РАДИ""","КП ""ГОРОХІВСЬКА БАГАТОПРОФІЛЬНА ЛІКАРНЯ""",КОМУНАЛЬНЕ ПІДПРИЄМСТВО,зареєстровано,04.04.2003; 04.12.2018; 11811450000001120,
01987273,"КОМУНАЛЬНИЙ ЗАКЛАД ""НОВОМОСКОВСЬКА ЦЕНТРАЛЬНА МІСЬКА ЛІКАРНЯ ""","КЗ ""НОВОМОСКОВСЬКА ЦМЛ""","КОМУНАЛЬНА ОРГАНІЗАЦІЯ (УСТАНОВА, ЗАКЛАД)",припинено,04.12.2002; 16.09.2005; 12291200000000273,07.10.2019; 12291120024000273; Державна реєстрація припинення юридичної особи в результаті її реорганізації
01991613,РОМАНІВСЬКА ЦЕНТРАЛЬНА РАЙОННА ЛІКАРНЯ,РОМАНІВСЬКА ЦРЛ,"КОМУНАЛЬНА ОРГАНІЗАЦІЯ (УСТАНОВА, ЗАКЛАД)",припинено,24.03.2003; 16.10.2005; 12991200000000094,05.09.2019; 12991120025000094; Державна реєстрація припинення юридичної особи в результаті її реорганізації
01993256,"КОМУНАЛЬНЕ НЕКОМЕРЦІЙНЕ ПІДПРИЄМСТВО ""ІВАНО-ФРАНКІВСЬКА ОБЛАСНА ДИТЯЧА КЛІНІЧНА ЛІКАРНЯ ІВАНО-ФРАНКІВСЬКОЇ ОБЛАСНОЇ РАДИ""","КНП ""ІФОДКЛ ІФ ОР""",КОМУНАЛЬНЕ ПІДПРИЄМСТВО,зареєстровано,11.08.1993; 07.11.2019; 11191450000016950,
01993598,"КОМУНАЛЬНЕ НЕКОМЕРЦІЙНЕ ПІДПРИЄМСТВО ""ПЕРЕГІНСЬКА ЛІКАРНЯ"" ПЕРЕГІНСЬКОЇ СЕЛИЩНОЇ РАДИ","КНП ""ПЕРЕГІНСЬКА ЛІКАРНЯ"" ПСР",КОМУНАЛЬНЕ ПІДПРИЄМСТВО,зареєстровано,12.07.1999; 26.11.2019; 11141450000001023,
01993776,"КОМУНАЛЬНЕ НЕКОМЕРЦІЙНЕ ПІДПРИЄМСТВО ""КИЇВСЬКА МІСЬКА КЛІНІЧНА ЛІКАРНЯ №18"" ВИКОНАВЧОГО ОРГАНУ КИЇВСЬКОЇ МІСЬКОЇ РАДИ (КИЇВСЬКОЇ МІСЬКОЇ ДЕРЖАВНОЇ АДМІНІСТРАЦІЇ)","КНП ""КМКЛ №18""",КОМУНАЛЬНЕ ПІДПРИЄМСТВО,зареєстровано,11.12.1998; 03.02.2020; 10741450000089850,
01994669,"КОМУНАЛЬНЕ НЕКОМЕРЦІЙНЕ ПІДПРИЄМСТВО ""ЛІКАРНЯ ІНТЕНСИВНОГО ЛІКУВАННЯ БОЯРСЬКОЇ МІСЬКОЇ РАДИ""","КНП ""ЛІЛ БОЯРСЬКОЇ МІСЬКОЇ РАДИ""",КОМУНАЛЬНЕ ПІДПРИЄМСТВО,зареєстровано,16.07.1996; 09.01.2019; 13391450000017276,
01999218,"КОМУНАЛЬНЕ НЕКОМЕРЦІЙНЕ ПІДПРИЄМСТВО ""ГАДЯЦЬКА МІСЬКА ЦЕНТРАЛЬНА ЛІКАРНЯ"" ГАДЯЦЬКОЇ МІСЬКОЇ РАДИ","КНП ""ГАДЯЦЬКА МЦЛ""",КОМУНАЛЬНЕ ПІДПРИЄМСТВО,зареєстровано,03.06.1998; 31.10.2018; 15601450000001027,
02000105,"КОМУНАЛЬНЕ НЕКОМЕРЦІЙНЕ ПІДПРИЄМСТВО ""ЗДОЛБУНІВСЬКА  ЦЕНТРАЛЬНА МІСЬКА ЛІКАРНЯ"" ЗДОЛБУНІВСЬКОЇ МІСЬКОЇ РАДИ РІВНЕНСЬКОЇ ОБЛАСТІ","КНП ""ЗДОЛБУНІВСЬКА ЦМЛ""",КОМУНАЛЬНЕ ПІДПРИЄМСТВО,зареєстровано,20.03.1998; 29.12.2018; 15961450000001346,
02000145,"КОМУНАЛЬНЕ НЕКОМЕРЦІЙНЕ ПІДПРИЄМСТВО ""ДЯДЬКОВИЦЬКА ЛІКАРНЯ З ЦЕНТРОМ ПАЛІАТИВНОЇ ДОПОМОГИ"" ДЯДЬКОВИЦЬКОЇ СІЛЬСЬКОЇ РАДИ РІВНЕНСЬКОГО РАЙОНУ РІВНЕНСЬКОЇ ОБЛАСТІ","КНП ""ДЯДЬКОВИЦЬКА ЛЦПД"" ДСР",КОМУНАЛЬНЕ ПІДПРИЄМСТВО,зареєстровано,25.06.1999; 26.03.2019; 16021450000003663,
02002701,"КОМУНАЛЬНЕ НЕКОМЕРЦІЙНЕ ПІДПРИЄМСТВО ""БЕРЕСТИНСЬКА МІСЬКА ЛІКАРНЯ""","КНП ""Берестинська міська лікарня""",КОМУНАЛЬНЕ ПІДПРИЄМСТВО,зареєстровано,30.09.1997; 08.01.2019; 14631450000000689,
02002807,"КОМУНАЛЬНЕ НЕКОМЕРЦІЙНЕ ПІДПРИЄМСТВО ""БОРІВСЬКА ЦЕНТРАЛЬНА ЛІКАРНЯ БОРІВСЬКОЇ СЕЛИЩНОЇ РАДИ""","КНП ""БЦЛ БСР""",КОМУНАЛЬНЕ ПІДПРИЄМСТВО,зареєстровано,29.12.1997; 22.10.2019; 14511450000001727,
02007265,"КОМУНАЛЬНЕ НЕКОМЕРЦІЙНЕ ТОВАРИСТВО ""ДНІПРОВСЬКИЙ ОБЛАСНИЙ КЛІНІЧНИЙ ОНКОЛОГІЧНИЙ ДИСПАНСЕР"" ДНІПРОПЕТРОВСЬКОЇ ОБЛАСНОЇ РАДИ""","КНТ ""ДОКОД"" ДОР""",КОМУНАЛЬНЕ НЕКОМЕРЦІЙНЕ ТОВАРИСТВО,зареєстровано,22.09.2000; 17.01.2020; 12241450000093290,
02007549,"КОМУНАЛЬНЕ ПІДПРИЄМСТВО ""КРОЛЕВЕЦЬКА ЛІКАРНЯ"" КРОЛЕВЕЦЬКОЇ МІСЬКОЇ РАДИ","КП ""КРОЛЕВЕЦЬКА ЛІКАРНЯ"" КРОЛЕВЕЦЬКОЇ МІСЬКОЇ РАДИ",КОМУНАЛЬНЕ ПІДПРИЄМСТВО,зареєстровано,06.02.1998; 27.12.2018; 16151450000000761,
02010422,"КОМУНАЛЬНЕ ПІДПРИЄМСТВО ""ОСТРОЗЬКА ОБЛАСНА ПСИХІАТРИЧНА ЛІКАРНЯ"" РІВНЕНСЬКОЇ ОБЛАСНОЇ РАДИ","КОМУНАЛЬНЕ ПІДПРИЄМСТВО ""ОСТРОЗЬКА ОПЛ"" РОР",КОМУНАЛЬНЕ ПІДПРИЄМСТВО,зареєстровано,24.03.1998; 02.01.2019; 16071450000001006,
02010801,ОДЕСЬКИЙ НАЦІОНАЛЬНИЙ МЕДИЧНИЙ УНІВЕРСИТЕТ,ОНМедУ,"ДЕРЖАВНА ОРГАНІЗАЦІЯ (УСТАНОВА, ЗАКЛАД)",зареєстровано,16.10.2006; 16.10.2006; 15561200000022681,
02011031,"КОМУНАЛЬНЕ НЕКОМЕРЦІЙНЕ ПІДПРИЄМСТВО ""ВІННИЦЬКА ОБЛАСНА КЛІНІЧНА ЛІКАРНЯ ІМ. М.І. ПИРОГОВА ВІННИЦЬКОЇ ОБЛАСНОЇ РАДИ""","КНП ""ВОКЛ ІМ. М.І. ПИРОГОВА ВОР""",КОМУНАЛЬНЕ ПІДПРИЄМСТВО,зареєстровано,30.03.2000; 08.10.2019; 11741450000017437,
02070855,ІВАНО-ФРАНКІВСЬКИЙ НАЦІОНАЛЬНИЙ ТЕХНІЧНИЙ УНІВЕРСИТЕТ НАФТИ І ГАЗУ,ІВАНО-ФРАНКІВСЬКИЙ НАЦІОНАЛЬНИЙ ТЕХНІЧНИЙ УНІВЕРСИТЕТ НАФТИ І ГАЗУ,"ДЕРЖАВНА ОРГАНІЗАЦІЯ (УСТАНОВА, ЗАКЛАД)",зареєстровано,31.01.2002; 02.03.2005; 11191200000001026,
02070944,КИЇВСЬКИЙ НАЦІОНАЛЬНИЙ УНІВЕРСИТЕТ ІМЕНІ ТАРАСА ШЕВЧЕНКА,,"ДЕРЖАВНА ОРГАНІЗАЦІЯ (УСТАНОВА, ЗАКЛАД)",зареєстровано,21.01.1994; 06.12.2005; 10741200000013049,
02071139,НАЦІОНАЛЬНИЙ ЮРИДИЧНИЙ УНІВЕРСИТЕТ  ІМЕНІ ЯРОСЛАВА МУДРОГО,НЮУ,"ДЕРЖАВНА ОРГАНІЗАЦІЯ (УСТАНОВА, ЗАКЛАД)",зареєстровано,29.11.2001; 14.12.2004; 14801200000004734,
02124781,УПРАВЛІННЯ ОСВІТИ ВИКОНКОМУ САКСАГАНСЬКОЇ РАЙОННОЇ У МІСТІ РАДИ,,ОРГАН МІСЦЕВОГО САМОВРЯДУВАННЯ,зареєстровано,10.09.1993; 26.12.2007; 12271200000009894,
02142282,ВІДДІЛ ОСВІТИ ВИКОНКОМУ ПОКРОВСЬКОЇ РАЙОННОЇ В МІСТІ РАДИ,ВІДДІЛ ОСВІТИ,ОРГАН МІСЦЕВОГО САМОВРЯДУВАННЯ,зареєстровано,02.03.2001; 31.10.2005; 12271200000004126,
02142307,ВІДДІЛ ОСВІТИ ВИКОНАВЧОГО КОМІТЕТУ ТЕРНІВСЬКОЇ РАЙОННОЇ У МІСТІ РАДИ,ВІДДІЛ ОСВІТИ ВИКОНКОМУ ТЕРНІВСЬКОЇ РАЙОННОЇ У МІСТІ РАДИ,ОРГАН МІСЦЕВОГО САМОВРЯДУВАННЯ,зареєстровано,22.12.1998; 21.06.2005; 12271200000002963,
02145725,ДЕПАРТАМЕНТ ОСВІТИ ПОЛТАВСЬКОЇ МІСЬКОЇ РАДИ,,ОРГАН МІСЦЕВОГО САМОВРЯДУВАННЯ,зареєстровано,15.08.2006; 16.08.2006; 15881200000005255,
02544974,ПРОФЕСІЙНО-ТЕХНІЧНЕ УЧИЛИЩЕ №36 СМТ.НОВГОРОДКА,ПТУ №36 СМТ НОВГОРОДКА,"ДЕРЖАВНА ОРГАНІЗАЦІЯ (УСТАНОВА, ЗАКЛАД)",зареєстровано,21.07.1955; 09.03.2006; 14321200000000217,
02545365,ЗОЛОЧІВСЬКИЙ ПРОФЕСІЙНИЙ ЛІЦЕЙ,ЗПЛ,"ДЕРЖАВНА ОРГАНІЗАЦІЯ (УСТАНОВА, ЗАКЛАД)",зареєстровано,11.04.2003; 05.10.2005; 13991200000000384,
02548386,"ДЕРЖАВНИЙ НАВЧАЛЬНИЙ ЗАКЛАД ""ПОЛОНСЬКИЙ АГРОПРОМИСЛОВИЙ ЦЕНТР ПРОФЕСІЙНОЇ ОСВІТИ""","ДНЗ ""ПОЛОНСЬКИЙ АЦПО""","ДЕРЖАВНА ОРГАНІЗАЦІЯ (УСТАНОВА, ЗАКЛАД)",зареєстровано,16.07.2003; 04.12.2008; 16631200000000431,
02548587,"ДЕРЖАВНИЙ НАВЧАЛЬНИЙ ЗАКЛАД ""УМАНСЬКИЙ ПРОФЕСІЙНИЙ ЛІЦЕЙ""","ДНЗ ""УМАНСЬКИЙ ПЛ""","ДЕРЖАВНА ОРГАНІЗАЦІЯ (УСТАНОВА, ЗАКЛАД)",зареєстровано,24.09.2003; 07.11.2005; 10251200000000448,
02548759,"ДЕРЖАВНИЙ НАВЧАЛЬНИЙ ЗАКЛАД ""ЗОЛОТОНІСЬКИЙ ПРОФЕСІЙНИЙ ЛІЦЕЙ""",ЗПЛ,"ДЕРЖАВНА ОРГАНІЗАЦІЯ (УСТАНОВА, ЗАКЛАД)",зареєстровано,18.07.2003; 10.02.2006; 10221200000000227,
03188240,"КОМУНАЛЬНИЙ ЗАКЛАД ""СТАРОДОБРОВІЛЬСЬКИЙ ПСИХОНЕВРОЛОГІЧНИЙ ІНТЕРНАТ"" ДНІПРОПЕТРОВСЬКОЇ ОБЛАСНОЇ РАДИ""","КЗ ""СТАРОДОБРОВІЛЬСЬКИЙ ПНІ"" ДОР""","КОМУНАЛЬНА ОРГАНІЗАЦІЯ (УСТАНОВА, ЗАКЛАД)",зареєстровано,17.07.1997; 22.06.2005; 12201200000000118,
03188470,"КОМУНАЛЬНА УСТАНОВА ""ДОВБИСЬКИЙ ПСИХОНЕВРОЛОГІЧНИЙ ІНТЕРНАТ"" ЖИТОМИРСЬКОЇ ОБЛАСНОЇ РАДИ","КУ ""ДОВБИСЬКИЙ ПСИХОНЕВРОЛОГІЧНИЙ ІНТЕРНАТ"" ЖОР","КОМУНАЛЬНА ОРГАНІЗАЦІЯ (УСТАНОВА, ЗАКЛАД)",зареєстровано,20.01.1994; 20.02.2006; 12821200000000136,
03189015,"КОМУНАЛЬНИЙ ЗАКЛАД ЛЬВІВСЬКОЇ ОБЛАСНОЇ РАДИ ""БУКІВСЬКИЙ ДИТЯЧИЙ БУДИНОК-ІНТЕРНАТ""","КЗ ЛОР ""БУКІВСЬКИЙ ДИТЯЧИЙ БУДИНОК-ІНТЕРНАТ""","КОМУНАЛЬНА ОРГАНІЗАЦІЯ (УСТАНОВА, ЗАКЛАД)",зареєстровано,28.02.2002; 23.05.2008; 14091200000000536,
03189179,ХОРОЛЬСЬКИЙ БУДИНОК-ІНТЕРНАТ ДЛЯ ГРОМАДЯН ПОХИЛОГО ВІКУ ТА ОСІБ З ІНВАЛІДНІСТЮ,ХОРОЛЬСЬКИЙ БУДИНОК-ІНТЕРНАТ,"КОМУНАЛЬНА ОРГАНІЗАЦІЯ (УСТАНОВА, ЗАКЛАД)",зареєстровано,20.03.2001; 09.11.2006; 15801200000000337,
03189222,ЗІНЬКІВСЬКИЙ ДИТЯЧИЙ БУДИНОК - ІНТЕРНАТ ІМ. О.В. СИНЯГОВСЬКОГО,ЗДБІ ІМ. О.В. СИНЯГОВСЬКОГО,"КОМУНАЛЬНА ОРГАНІЗАЦІЯ (УСТАНОВА, ЗАКЛАД)",зареєстровано,17.01.1995; 13.10.2006; 15641200000000271,
03189363,КОМУНАЛЬНА УСТАНОВА СУМСЬКОЇ ОБЛАСНОЇ РАДИ ЛЕБЕДИНСЬКИЙ ПСИХОНЕВРОЛОГІЧНИЙ ІНТЕРНАТ,КУ СОР ЛЕБЕДИНСЬКИЙ ПСИХОНЕВРОЛОГІЧНИЙ ІНТЕРНАТ ,"КОМУНАЛЬНА ОРГАНІЗАЦІЯ (УСТАНОВА, ЗАКЛАД)",зареєстровано,17.09.1997; 23.11.2004; 16291200000000020,
03189498,СКАЛА-ПОДІЛЬСЬКИЙ ПСИХОНЕВРОЛОГІЧНИЙ БУДИНОК-ІНТЕРНАТ,,"КОМУНАЛЬНА ОРГАНІЗАЦІЯ (УСТАНОВА, ЗАКЛАД)",зареєстровано,17.11.1997; 21.10.2004; 16361200000000071,
03189506,БЕРЕЖАНСЬКИЙ ПСИХОНЕВРОЛОГІЧНИЙ БУДИНОК-ІНТЕРНАТ,,"КОМУНАЛЬНА ОРГАНІЗАЦІЯ (УСТАНОВА, ЗАКЛАД)",зареєстровано,17.10.1994; 15.12.2004; 16471200000000024,
03190047,"КОМУНАЛЬНИЙ ЗАКЛАД ""ПОПАСНЯНСЬКИЙ ОБЛАСНИЙ ПСИХОНЕВРОЛОГІЧНИЙ ІНТЕРНАТ""",,"КОМУНАЛЬНА ОРГАНІЗАЦІЯ (УСТАНОВА, ЗАКЛАД)",зареєстровано,28.05.2003; 20.07.2006; 13721200000000393,
03190484,ВИНОГРАДІВСЬКИЙ ПСИХОНЕВРОЛОГІЧНИЙ ІНТЕРНАТ,ВИНОГРАДІВСЬКИЙ ПНІ,"КОМУНАЛЬНА ОРГАНІЗАЦІЯ (УСТАНОВА, ЗАКЛАД)",зареєстровано,12.02.2004; 10.06.2005; 16711200000000143,
03190596,ГОРОЖАНСЬКИЙ ПСИХОНЕВРОЛОГІЧНИЙ ІНТЕРНАТ,ГОРОЖАНСЬКИЙ ПНІ,"КОМУНАЛЬНА ОРГАНІЗАЦІЯ (УСТАНОВА, ЗАКЛАД)",зареєстровано,20.03.2002; 07.11.2006; 15031200000000547,
04055104,НОВОМИРГОРОДСЬКА МІСЬКА РАДА,,ОРГАН МІСЦЕВОГО САМОВРЯДУВАННЯ,зареєстровано,31.01.1995; 23.05.2006; 14341200000000257,
04057830,ДУБЕНСЬКА РАЙОННА ДЕРЖАВНА АДМІНІСТРАЦІЯ,ДУБЕНСЬКА РДА,ОРГАН ДЕРЖАВНОЇ ВЛАДИ,зареєстровано,09.06.1992; 15.11.2006; 16051200000000388,
04062127,КІЦМАНСЬКА МІСЬКА РАДА ЧЕРНІВЕЦЬКОГО РАЙОНУ ЧЕРНІВЕЦЬКОЇ ОБЛАСТІ,КІЦМАНСЬКА МІСЬКА РАДА,ОРГАН МІСЦЕВОГО САМОВРЯДУВАННЯ,зареєстровано,21.05.1997; 15.04.2008; 10321200000000497,
04332851,СЕРЕХОВИЧІВСЬКА СІЛЬСЬКА РАДА,СЕРЕХОВИЧІВСЬКА СІЛЬСЬКА РАДА,ОРГАН МІСЦЕВОГО САМОВРЯДУВАННЯ,зареєстровано,16.07.1994; 03.04.2008; 11931200000000253,
04334755,КОПАЧІВСЬКА СІЛЬСЬКА РАДА,,ОРГАН МІСЦЕВОГО САМОВРЯДУВАННЯ,зареєстровано,21.04.1998; 01.12.2005; 11921200000000199,
04343470,ОЛЕВСЬКА МІСЬКА РАДА,,ОРГАН МІСЦЕВОГО САМОВРЯДУВАННЯ,зареєстровано,21.05.1997; 14.11.2006; 12961200000000239,
04349923,СЕРЕДНЯНСЬКА СЕЛИЩНА РАДА УЖГОРОДСЬКОГО РАЙОНУ ЗАКАРПАТСЬКОЇ ОБЛАСТІ,,ОРГАН МІСЦЕВОГО САМОВРЯДУВАННЯ,зареєстровано,21.05.1997; 22.03.2007; 13201200000001075,
04350910,МІЖГІРСЬКА СЕЛИЩНА РАДА,МІЖГІРСЬКА С/РАДА,ОРГАН МІСЦЕВОГО САМОВРЯДУВАННЯ,зареєстровано,23.11.1977; 09.11.2005; 13141200000000198,
04412395,ДМИТРІВСЬКА СЕЛИЩНА РАДА,,ОРГАН МІСЦЕВОГО САМОВРЯДУВАННЯ,зареєстровано,21.05.1997; 06.04.2007; 10401200000000532,
04417174,ГОРІШНЬОШЕРОВЕЦЬКА СІЛЬСЬКА РАДА ЧЕРНІВЕЦЬКОГО РАЙОНУ ЧЕРНІВЕЦЬКОЇ ОБЛАСТІ,ГОРІШНЬОШЕРОВЕЦЬКА СІЛЬСЬКА РАДА,ОРГАН МІСЦЕВОГО САМОВРЯДУВАННЯ,зареєстровано,28.05.1997; 11.03.2006; 10301200000000250,
04418535,ВЕРЕНЧАНСЬКА СІЛЬСЬКА РАДА ЧЕРНІВЕЦЬКОГО РАЙОНУ ЧЕРНІВЕЦЬКОЇ ОБЛАСТІ,,ОРГАН МІСЦЕВОГО САМОВРЯДУВАННЯ,зареєстровано,21.05.1997; 07.08.2009; 10301200000000528,
04545340,"КОМУНАЛЬНИЙ ЗАКЛАД ЛЬВІВСЬКОЇ ОБЛАСНОЇ РАДИ  ""СОКАЛЬСЬКИЙ АКАДЕМІЧНИЙ ЛІЦЕЙ імені Т.ШЕВЧЕНКА""","КЗ ЛОР ""Сокальський академічний ліцей""","КОМУНАЛЬНА ОРГАНІЗАЦІЯ (УСТАНОВА, ЗАКЛАД)",зареєстровано,16.02.2001; 30.05.2005; 14081200000000346,
04590665,РОЗБИШІВСЬКИЙ НАВЧАЛЬНО-РЕАБІЛІТАЦІЙНИЙ ЦЕНТР З ПОГЛИБЛЕНИМ ПРОФЕСІЙНО-ТРУДОВИМ НАВЧАННЯМ ПОЛТАВСЬКОЇ ОБЛАСНОЇ РАДИ,НАВЧАЛЬНО-РЕАБІЛІТАЦІЙНИЙ ЦЕНТР,"КОМУНАЛЬНА ОРГАНІЗАЦІЯ (УСТАНОВА, ЗАКЛАД)",зареєстровано,11.12.2003; 20.03.2020; 15601450000001084,
05266524,"КОМУНАЛЬНИЙ ЗАКЛАД ""СОСНИЦЬКИЙ НАВЧАЛЬНО-РЕАБІЛІТАЦІЙНИЙ ЦЕНТР"" ЧЕРНІГІВСЬКОЇ ОБЛАСНОЇ РАДИ","КЗ ""СОСНИЦЬКИЙ НРЦ""","КОМУНАЛЬНА ОРГАНІЗАЦІЯ (УСТАНОВА, ЗАКЛАД)",зареєстровано,11.12.2002; 12.08.2016; 10571450000000409,
05395948,ЖИТОМИРСЬКА СПЕЦІАЛЬНА ШКОЛА ЖИТОМИРСЬКОЇ ОБЛАСНОЇ РАДИ,ЖИТОМИРСЬКА СПЕЦШКОЛА,"КОМУНАЛЬНА ОРГАНІЗАЦІЯ (УСТАНОВА, ЗАКЛАД)",зареєстровано,25.06.2003; 30.08.2004; 13051200000000198,
05396876,"КОМУНАЛЬНЕ НЕКОМЕРЦІЙНЕ ПІДПРИЄМСТВО ""ХЕРСОНСЬКА МІСЬКА КЛІНІЧНА ЛІКАРНЯ ІМЕНІ О.С.ЛУЧАНСЬКОГО"" ХЕРСОНСЬКОЇ МІСЬКОЇ РАДИ","КНП ""ХЕРСОНСЬКА МІСЬКА КЛІНІЧНА ЛІКАРНЯ ІМ. О.С.ЛУЧАНСЬКОГО"" ХМР",КОМУНАЛЬНЕ ПІДПРИЄМСТВО,зареєстровано,14.12.2001; 26.11.2018; 14991450000022126,
05409745,"ПРИВАТНЕ АКЦІОНЕРНЕ ТОВАРИСТВО ""МИКОЛАЇВМОЛПРОМ""","ПРАТ ""МИКОЛАЇВМОЛПРОМ""",ПРИВАТНЕ АКЦІОНЕРНЕ ТОВАРИСТВО,припинено,30.06.2000; 14.12.2004; 15221200000001266,10.09.2018; 15221120027001266; Державна реєстрація припинення юридичної особи в результаті її реорганізації
05498849,"КОМУНАЛЬНЕ НЕКОМЕРЦІЙНЕ ПІДПРИЄМСТВО ""ОБЛАСНА ІНФЕКЦІЙНА КЛІНІЧНА ЛІКАРНЯ"" ЗАПОРІЗЬКОЇ ОБЛАСНОЇ РАДИ","КНП ""ОІКЛ"" ЗОР",КОМУНАЛЬНЕ ПІДПРИЄМСТВО,зареєстровано,02.02.2004; 28.02.2020; 11031450000048876,
05498909,"КОМУНАЛЬНА УСТАНОВА ""ОБЛАСНА КЛІНІЧНА ПСИХІАТРИЧНА ЛІКАРНЯ"" ЗАПОРІЗЬКОЇ ОБЛАСНОЇ РАДИ","КУ ""ОБЛАСНА КЛІНІЧНА  ПСИХЛІКАРНЯ"" ЗОР","КОМУНАЛЬНА ОРГАНІЗАЦІЯ (УСТАНОВА, ЗАКЛАД)",припинено,12.12.2003; 18.01.2006; 11031200000011481,28.02.2020; 11031120013011481; Державна реєстрація припинення юридичної особи в результаті її реорганізації
07567158,ВІЙСЬКОВА ЧАСТИНА А2595,,"ДЕРЖАВНА ОРГАНІЗАЦІЯ (УСТАНОВА, ЗАКЛАД)",зареєстровано,26.08.1996; 29.06.2011; 13931200000000806,
08562594,"ДЕРЖАВНА  УСТАНОВА  ""ВІННИЦЬКА ВИПРАВНА КОЛОНІЯ (№86)""",,"ДЕРЖАВНА ОРГАНІЗАЦІЯ (УСТАНОВА, ЗАКЛАД)",зареєстровано,29.11.1999; 03.07.2008; 11741200000006928,
08562909,"ДЕРЖАВНА УСТАНОВА ""ДНІПРОВСЬКА ВИПРАВНА КОЛОНІЯ(№ 89)""",,"ДЕРЖАВНА ОРГАНІЗАЦІЯ (УСТАНОВА, ЗАКЛАД)",зареєстровано,12.03.1999; 19.01.2006; 12241200000022958,
08562921,"ДЕРЖАВНА УСТАНОВА ""СОЛОНЯНСЬКА ВИПРАВНА КОЛОНІЯ (№21)""",СОЛОНЯНСЬКА ВИПРАВНА КОЛОНІЯ №21,"ДЕРЖАВНА ОРГАНІЗАЦІЯ (УСТАНОВА, ЗАКЛАД)",зареєстровано,29.11.1999; 01.07.2008; 12151200000000577,
08562973,"Державна установа ""Табір для тримання військовополонених ""Центр 5""","табір ""Центр 5""","ДЕРЖАВНА ОРГАНІЗАЦІЯ (УСТАНОВА, ЗАКЛАД)",зареєстровано,29.11.1999; 17.12.2004; 12171200000000015,
08563553,"ДЕРЖАВНА УСТАНОВА ""ЗАПОРІЗЬКИЙ  СЛІДЧИЙ  ІЗОЛЯТОР""",,"ДЕРЖАВНА ОРГАНІЗАЦІЯ (УСТАНОВА, ЗАКЛАД)",зареєстровано,29.11.1999; 14.04.2006; 11031200000013025,
08563694,"ДЕРЖАВНА УСТАНОВА ""КИЇВСЬКИЙ СЛІДЧИЙ ІЗОЛЯТОР""",,"ДЕРЖАВНА ОРГАНІЗАЦІЯ (УСТАНОВА, ЗАКЛАД)",зареєстровано,18.01.1964; 07.12.2006; 10741200000021675,
08571995,ЛЬВІВСЬКИЙ ДЕРЖАВНИЙ УНІВЕРСИТЕТ ВНУТРІШНІХ СПРАВ,ЛЬВДУВС,"ДЕРЖАВНА ОРГАНІЗАЦІЯ (УСТАНОВА, ЗАКЛАД)",зареєстровано,30.12.2005; 29.03.2006; 14151200000011914,
08590768,КРИВОРІЗЬКИЙ ЛІЦЕЙ БЕЗПЕКОВОГО СПРЯМУВАННЯ ТА НАЦІОНАЛЬНО-ПАТРІОТИЧНОГО ВИХОВАННЯ МІНІСТЕРСТВА ВНУТРІШНІХ СПРАВ УКРАЇНИ,КРИВОРІЗЬКИЙ ЛІЦЕЙ МВС,"ДЕРЖАВНА ОРГАНІЗАЦІЯ (УСТАНОВА, ЗАКЛАД)",зареєстровано,31.05.2004; 08.05.2007; 10701200000028117,
08731849,"ДЕРЖАВНА УСТАНОВА ""МЕНСЬКА ВИПРАВНА КОЛОНІЯ (№91)""",,"ДЕРЖАВНА ОРГАНІЗАЦІЯ (УСТАНОВА, ЗАКЛАД)",зареєстровано,29.11.1999; 15.07.2005; 10501200000000155,
08733162,"ДЕРЖАВНА УСТАНОВА ""ТЕМНІВСЬКА ВИПРАВНА КОЛОНІЯ (№100) """,,"ДЕРЖАВНА ОРГАНІЗАЦІЯ (УСТАНОВА, ЗАКЛАД)",зареєстровано,29.11.1999; 19.01.2005; 14711200000000339,
08733899,"ДЕРЖАВНА УСТАНОВА ""ТЕРИТОРІАЛЬНЕ МЕДИЧНЕ ОБ'ЄДНАННЯ МІНІСТЕРСТВА ВНУТРІШНІХ СПРАВ УКРАЇНИ ПО СУМСЬКІЙ ОБЛАСТІ""","ДУ ""ТМО МВС УКРАЇНИ ПО СУМСЬКІЙ ОБЛАСТІ""","ДЕРЖАВНА ОРГАНІЗАЦІЯ (УСТАНОВА, ЗАКЛАД)",зареєстровано,17.06.2004; 25.04.2007; 16321200000005717,
08734492,"ДЕРЖАВНА УСТАНОВА ""ТЕРИТОРІАЛЬНЕ МЕДИЧНЕ ОБ'ЄДНАННЯ МІНІСТЕРСТВА ВНУТРІШНІХ СПРАВ УКРАЇНИ ПО ЗАКАРПАТСЬКІЙ ОБЛАСТІ""","ДУ ""ТМО МВС УКРАЇНИ ПО ЗАКАРПАТСЬКІЙ ОБЛАСТІ""","ДЕРЖАВНА ОРГАНІЗАЦІЯ (УСТАНОВА, ЗАКЛАД)",зареєстровано,03.06.1994; 14.05.2007; 13241200000003144,
08751177,НАЦІОНАЛЬНА АКАДЕМІЯ ВНУТРІШНІХ СПРАВ,НАВС,"ДЕРЖАВНА ОРГАНІЗАЦІЯ (УСТАНОВА, ЗАКЛАД)",зареєстровано,27.01.1992; 20.02.2006; 10731200000008702,
08803661,ВІЙСЬКОВА ЧАСТИНА 3029 НАЦІОНАЛЬНОЇ ГВАРДІЇ УКРАЇНИ,,"ДЕРЖАВНА ОРГАНІЗАЦІЯ (УСТАНОВА, ЗАКЛАД)",зареєстровано,19.03.1993; 12.11.2014; 11031450000037050,
13310311,ЛІЦЕЙ №1 м. НЕМИРОВА ім. М.Д. ЛЕОНТОВИЧА НЕМИРІВСЬКОЇ МІСЬКОЇ РАДИ,ЛІЦЕЙ №1 м. НЕМИРОВА,"КОМУНАЛЬНА ОРГАНІЗАЦІЯ (УСТАНОВА, ЗАКЛАД)",зареєстровано,21.05.2002; 28.02.2008; 11601200000000507,
13736671,КОЦЮБИНСЬКИЙ ЛІЦЕЙ №1 КОЦЮБИНСЬКОЇ СЕЛИЩНОЇ РАДИ БУЧАНСЬКОГО РАЙОНУ КИЇВСЬКОЇ ОБЛАСТІ,КОЦЮБИНСЬКИЙ ЛІЦЕЙ №1,"КОМУНАЛЬНА ОРГАНІЗАЦІЯ (УСТАНОВА, ЗАКЛАД)",зареєстровано,14.07.1992; 10.05.2006; 13571200000001425,
14023068,"КОМУНАЛЬНА УСТАНОВА СУМСЬКА ЗАГАЛЬНООСВІТНЯ ШКОЛА І-ІІІ СТУПЕНІВ №6, М. СУМИ, СУМСЬКОЇ ОБЛАСТІ",КУ СУМСЬКА ЗОШ №6,"КОМУНАЛЬНА ОРГАНІЗАЦІЯ (УСТАНОВА, ЗАКЛАД)",зареєстровано,22.10.1993; 17.12.2004; 16321200000000780,
14231737,"АКЦІОНЕРНЕ ТОВАРИСТВО ""БАЗИС""","АТ ""БАЗИС""",АКЦІОНЕРНЕ ТОВАРИСТВО,в стані припинення,20.06.1994; 25.06.2005; 10641200000001977,
14271109,"комунальний заклад ""Чернівецький обласний навчально-реабілітаційний центр № 1""",Чернівецький навчально-реабілітаційний центр № 1,"КОМУНАЛЬНА ОРГАНІЗАЦІЯ (УСТАНОВА, ЗАКЛАД)",зареєстровано,16.11.2001; 12.04.2011; 10381450000007152,
14316936,"ДЕРЖАВНА УСТАНОВА ""КАГАРЛИЦЬКА ВИПРАВНА КОЛОНІЯ(№115)""",КАГАРЛИЦЬКА ВИПРАВНА КОЛОНІЯ (№115),"ДЕРЖАВНА ОРГАНІЗАЦІЯ (УСТАНОВА, ЗАКЛАД)",зареєстровано,14.07.2000; 25.12.2008; 13381200000000647,
14321541,ВІЙСЬКОВА ЧАСТИНА 1472,ВЧ 1472,"ДЕРЖАВНА ОРГАНІЗАЦІЯ (УСТАНОВА, ЗАКЛАД)",зареєстровано,01.08.2003; 31.03.2006; 11411200000000903,
14321618,ГОЛОВНИЙ ВІЙСЬКОВО-МЕДИЧНИЙ КЛІНІЧНИЙ ЦЕНТР (ЦЕНТРАЛЬНИЙ КЛІНІЧНИЙ ГОСПІТАЛЬ ) ДЕРЖАВНОЇ ПРИКОРДОННОЇ СЛУЖБИ УКРАЇНИ (ВІЙСЬКОВА ЧАСТИНА 1465),ГВМКЦ (ЦКГ) ДПСУ,"ДЕРЖАВНА ОРГАНІЗАЦІЯ (УСТАНОВА, ЗАКЛАД)",зареєстровано,19.04.2004; 21.02.2006; 10681200000014493,
14321624,ВІЙСЬКОВА ЧАСТИНА 1489,В/Ч 1489,"ДЕРЖАВНА ОРГАНІЗАЦІЯ (УСТАНОВА, ЗАКЛАД)",зареєстровано,29.03.2005; 31.03.2005; 15561200000006483,
14321883,ВІЙСЬКОВА ЧАСТИНА 2382,В/Ч 2382,"ДЕРЖАВНА ОРГАНІЗАЦІЯ (УСТАНОВА, ЗАКЛАД)",зареєстровано,15.05.1998; 16.11.2011; 10751200000001284,
14323416,ВІЙСЬКОВА ЧАСТИНА 1141,В/Ч 1141,"ДЕРЖАВНА ОРГАНІЗАЦІЯ (УСТАНОВА, ЗАКЛАД)",припинено,19.01.2000; 14.06.2012; 11981020000006835,03.10.2014; 11981120003006835; Державна реєстрація припинення юридичної особи в результаті її реорганізації
14373294,Головний логістичний центр Державної прикордонної служби України (військова частина 1575),Військова частина 1575,"ДЕРЖАВНА ОРГАНІЗАЦІЯ (УСТАНОВА, ЗАКЛАД)",зареєстровано,09.04.1998; 02.02.2006; 13971200000000314,
16502790,"ДЕРЖАВНЕ ПІДПРИЄМСТВО УКРАЇНИ ""МІЖНАРОДНИЙ ДИТЯЧИЙ ЦЕНТР ""АРТЕК""","ДПУ МДЦ ""АРТЕК""",ДЕРЖАВНЕ ПІДПРИЄМСТВО,в стані припинення,19.06.1995; 19.07.2005; 11461200000001249,
20001562,УПРАВЛІННЯ СЛУЖБИ БЕЗПЕКИ УКРАЇНИ В ЗАКАРПАТСЬКІЙ ОБЛАСТІ,УСБУ В ЗАКАРПАТСЬКІЙ ОБЛАСТІ,"ДЕРЖАВНА ОРГАНІЗАЦІЯ (УСТАНОВА, ЗАКЛАД)",зареєстровано,18.01.1995; 09.12.2005; 13241200000001661,
20087813,УЛАНІВСЬКИЙ ЛІЦЕЙ УЛАНІВСЬКОЇ СІЛЬСЬКОЇ РАДИ,УЛАНІВСЬКИЙ ЛІЦЕЙ ,"КОМУНАЛЬНА ОРГАНІЗАЦІЯ (УСТАНОВА, ЗАКЛАД)",зареєстровано,29.04.2002; 03.11.2006; 11691200000000245,
20131856,"ОПОРНИЙ ЗАКЛАД ЗАГАЛЬНОЇ СЕРЕДНЬОЇ ОСВІТИ ""ЛОКАЧИНСЬКИЙ ЛІЦЕЙ"" ЛОКАЧИНСЬКОЇ СЕЛИЩНОЇ РАДИ ВОЛОДИМИРСЬКОГО РАЙОНУ ВОЛИНСЬКОЇ ОБЛАСТІ","ОЗЗСО ""ЛОКАЧИНСЬКИЙ ЛІЦЕЙ"" ","КОМУНАЛЬНА ОРГАНІЗАЦІЯ (УСТАНОВА, ЗАКЛАД)",зареєстровано,28.04.1992; 07.11.2005; 11861200000000098,
20453376,ХУСТСЬКА СПЕЦІАЛЬНА ШКОЛА І-ІІІ СТУПЕНІВ ЗАКАРПАТСЬКОЇ ОБЛАСНОЇ РАДИ,ХУСТСЬКА СПЕЦІАЛЬНА ШКОЛА ,"КОМУНАЛЬНА ОРГАНІЗАЦІЯ (УСТАНОВА, ЗАКЛАД)",зареєстровано,11.09.1996; 11.04.2005; 13251200000000097,
20508858,"КОМУНАЛЬНИЙ ЗАКЛАД ""ЗАПОРІЗЬКА СПЕЦІАЛЬНА ЗАГАЛЬНООСВІТНЯ ШКОЛА-ІНТЕРНАТ № 2"" ЗАПОРІЗЬКОЇ ОБЛАСНОЇ РАДИ",ЗАПОРІЗЬКА ШКОЛА-ІНТЕРНАТ №2,"КОМУНАЛЬНА ОРГАНІЗАЦІЯ (УСТАНОВА, ЗАКЛАД)",зареєстровано,14.02.1991; 18.02.2009; 11031200000024905,
20509042,"КОМУНАЛЬНИЙ ЗАКЛАД ""ЗАПОРІЗЬКИЙ ОБЛАСНИЙ АКАДЕМІЧНИЙ ЛІЦЕЙ ""АЛЬТА"" ЗАПОРІЗЬКОЇ ОБЛАСНОЇ РАДИ","КЗ ""ЗАПОРІЗЬКИЙ ОБЛАСНИЙ АКАДЕМІЧНИЙ ЛІЦЕЙ ""АЛЬТА"" ЗОР","КОМУНАЛЬНА ОРГАНІЗАЦІЯ (УСТАНОВА, ЗАКЛАД)",зареєстровано,25.10.2001; 08.11.2006; 11031200000016097,
20518733,"КОМУНАЛЬНИЙ ЗАКЛАД ""ЗАПОРІЗЬКА СПЕЦІАЛЬНА ЗАГАЛЬНООСВІТНЯ ШКОЛА-ІНТЕРНАТ ""ОРІЄНТИР"" ЗАПОРІЗЬКОЇ ОБЛАСНОЇ РАДИ","ЗАПОРІЗЬКА ШКОЛА-ІНТЕРНАТ ""ОРІЄНТИР""","КОМУНАЛЬНА ОРГАНІЗАЦІЯ (УСТАНОВА, ЗАКЛАД)",зареєстровано,25.10.2001; 15.08.2008; 11031200000023663,
20558856,"ЗАКЛАД ДОШКІЛЬНОЇ ОСВІТИ (ЯСЛА-САДОК) № 10 ""КАТРУСЯ"" ІВАНО-ФРАНКІВСЬКОЇ МІСЬКОЇ РАДИ","ЗДО № 10 ""КАТРУСЯ""","КОМУНАЛЬНА ОРГАНІЗАЦІЯ (УСТАНОВА, ЗАКЛАД)",зареєстровано,30.06.2004; 10.07.2006; 11191200000004106,
20559212,"ЗАКЛАД ДОШКІЛЬНОЇ ОСВІТИ (ЯСЛА-САДОК) №4 ""КАЛИНОВА СОПІЛКА"" ІВАНО-ФРАНКІВСЬКОЇ МІСЬКОЇ РАДИ","ЗДО №4 ""КАЛИНОВА СОПІЛКА""","КОМУНАЛЬНА ОРГАНІЗАЦІЯ (УСТАНОВА, ЗАКЛАД)",зареєстровано,30.06.2004; 14.07.2006; 11191200000004110,
20583682,ДЕМИДІВСЬКИЙ ЛІЦЕЙ ДИМЕРСЬКОЇ СЕЛИЩНОЇ РАДИ,ДЕМИДІВСЬКИЙ ЛІЦЕЙ ,"КОМУНАЛЬНА ОРГАНІЗАЦІЯ (УСТАНОВА, ЗАКЛАД)",зареєстровано,30.03.1998; 30.08.2016; 13341200001004327,
20602327,БІЛОЦЕРКІВСЬКИЙ ЛІЦЕЙ-ГІМНАЗІЯ №12 БІЛОЦЕРКІВСЬКОЇ МІСЬКОЇ РАДИ КИЇВСЬКОЇ ОБЛАСТІ,БІЛОЦЕРКІВСЬКИЙ ЛІЦЕЙ №12,"КОМУНАЛЬНА ОРГАНІЗАЦІЯ (УСТАНОВА, ЗАКЛАД)",зареєстровано,31.01.1994; 07.09.2005; 13531200000001123,
20623513,РЖИЩІВСЬКИЙ ГЕРІАТРИЧНИЙ ПАНСІОНАТ,РГП,"КОМУНАЛЬНА ОРГАНІЗАЦІЯ (УСТАНОВА, ЗАКЛАД)",зареєстровано,14.02.1995; 14.03.2005; 13591200000000011,
20760948,"МЕДИЧНИЙ РЕАБІЛІТАЦІЙНИЙ ЦЕНТР МВС УКРАЇНИ ""ПЕРЛИНА ПРИКАРПАТТЯ""","МРЦ МВС УКРАЇНИ ""ПЕРЛИНА ПРИКАРПАТТЯ""","ДЕРЖАВНА ОРГАНІЗАЦІЯ (УСТАНОВА, ЗАКЛАД)",зареєстровано,20.02.1992; 13.08.2004; 14181200000000003,
20835913,ЛЬВІВСЬКИЙ ПРОФЕСІЙНИЙ КОЛЕДЖ ГОТЕЛЬНО-ТУРИСТИЧНОГО ТА РЕСТОРАННОГО СЕРВІСУ,ЛЬВІВСЬКИЙ  ПКГТРС,"ДЕРЖАВНА ОРГАНІЗАЦІЯ (УСТАНОВА, ЗАКЛАД)",в стані припинення,18.08.2003; 18.02.2005; 14151200000003401,
20989154,УПРАВЛІННЯ ОСВІТИ БІЛГОРОД-ДНІСТРОВСЬКОЇ МІСЬКОЇ РАДИ,УПРАВЛІННЯ ОСВІТИ,"КОМУНАЛЬНА ОРГАНІЗАЦІЯ (УСТАНОВА, ЗАКЛАД)",зареєстровано,24.10.2002; 28.12.2005; 15521200000000578,
21065765,ПИРЯТИНСЬКИЙ ЛІЦЕЙ ПИРЯТИНСЬКОЇ МІСЬКОЇ РАДИ ПОЛТАВСЬКОЇ ОБЛАСТІ,ПИРЯТИНСЬКИЙ ЛІЦЕЙ,"КОМУНАЛЬНА ОРГАНІЗАЦІЯ (УСТАНОВА, ЗАКЛАД)",зареєстровано,14.07.2004; 06.12.2004; 15761200000000047,
21078029,"ПРИВАТНЕ ПІДПРИЄМСТВО ""ДІАДЕМА""","ПП ""ДІАДЕМА""",ПРИВАТНЕ ПІДПРИЄМСТВО,зареєстровано,14.04.1998; 26.01.2006; 15851200000002621,
21340160,"НЕТІШИНСЬКА ГІМНАЗІЯ ""ГАРМОНІЯ"" НЕТІШИНСЬКОЇ МІСЬКОЇ РАДИ ШЕПЕТІВСЬКОГО РАЙОНУ ХМЕЛЬНИЦЬКОЇ ОБЛАСТІ","НЕТІШИНСЬКА ГІМНАЗІЯ ""ГАРМОНІЯ""","КОМУНАЛЬНА ОРГАНІЗАЦІЯ (УСТАНОВА, ЗАКЛАД)",зареєстровано,01.02.1995; 17.01.2007; 16721200000000284,
21423970,ГЕРЦАЇВСЬКА МІСЬКА РАДА ЧЕРНІВЕЦЬКОГО РАЙОНУ ЧЕРНІВЕЦЬКОЇ ОБЛАСТІ,ГЕРЦАЇВСЬКА МІСЬКА РАДА,ОРГАН МІСЦЕВОГО САМОВРЯДУВАННЯ,зареєстровано,21.05.1997; 06.07.2006; 10281200000000132,
21505980,"ТОВАРИСТВО З ОБМЕЖЕНОЮ ВІДПОВІДАЛЬНІСТЮ ""ФІРМА ""ФАВОР""","ТОВ ""ФІРМА ""ФАВОР""",ТОВАРИСТВО З ОБМЕЖЕНОЮ ВІДПОВІДАЛЬНІСТЮ,зареєстровано,12.07.1993; 12.08.2004; 10721200000000247,
21620913,"ТОВАРИСТВО З ОБМЕЖЕНОЮ ВІДПОВІДАЛЬНІСТЮ ""ГРАНАТ""","ТОВ ""ГРАНАТ""",ТОВАРИСТВО З ОБМЕЖЕНОЮ ВІДПОВІДАЛЬНІСТЮ,зареєстровано,11.08.1995; 02.08.2004; 10671200000000136,
21723406,ТУЛЬЧИНСЬКИЙ ЛІЦЕЙ №1 ТУЛЬЧИНСЬКОЇ МІСЬКОЇ РАДИ ВІННИЦЬКОЇ ОБЛАСТІ,ТУЛЬЧИНСЬКИЙ ЛІЦЕЙ №1,"КОМУНАЛЬНА ОРГАНІЗАЦІЯ (УСТАНОВА, ЗАКЛАД)",зареєстровано,16.12.1992; 09.01.2005; 11681200000000064,
22061485,Заклад дошкільної освіти № 6 міста Житомира,ЗДО № 6 м.Житомира,"КОМУНАЛЬНА ОРГАНІЗАЦІЯ (УСТАНОВА, ЗАКЛАД)",зареєстровано,27.02.2003; 14.03.2006; 13051200000003548,
22061841,Заклад дошкільної освіти № 57 міста Житомира,ЗДО № 57 м.Житомира,"КОМУНАЛЬНА ОРГАНІЗАЦІЯ (УСТАНОВА, ЗАКЛАД)",зареєстровано,11.02.1993; 27.01.2006; 13051200000003317,
22094289,БЕРЕГІВСЬКИЙ ЛІЦЕЙ ІМЕНІ ГАБОРА БЕТЛЕНА БЕРЕГІВСЬКОЇ МІСЬКОЇ РАДИ ЗАКАРПАТСЬКОЇ ОБЛАСТІ,БЕРЕГІВСЬКИЙ ЛІЦЕЙ ІМЕНІ ГАБОРА БЕТЛЕНА,"КОМУНАЛЬНА ОРГАНІЗАЦІЯ (УСТАНОВА, ЗАКЛАД)",зареєстровано,23.06.1995; 24.04.2008; 13221200000000463,
22114862,БУШТИНСЬКИЙ ЛІЦЕЙ БУШТИНСЬКОЇ СЕЛИЩНОЇ РАДИ ТЯЧІВСЬКОГО РАЙОНУ ЗАКАРПАТСЬКОЇ ОБЛАСТІ,"""БУШТИНСЬКИЙ ЛІЦЕЙ""","КОМУНАЛЬНА ОРГАНІЗАЦІЯ (УСТАНОВА, ЗАКЛАД)",зареєстровано,29.11.1996; 25.02.2005; 13191200000000232,
22133718,"КОМУНАЛЬНИЙ   ЗАКЛАД ВИЩОЇ ОСВІТИ  ""ХОРТИЦЬКА НАЦІОНАЛЬНА НАВЧАЛЬНО-РЕАБІЛІТАЦІЙНА АКАДЕМІЯ"" ЗАПОРІЗЬКОЇ ОБЛАСНОЇ РАДИ","""ХОРТИЦЬКА НАЦІОНАЛЬНА АКАДЕМІЯ""","КОМУНАЛЬНА ОРГАНІЗАЦІЯ (УСТАНОВА, ЗАКЛАД)",зареєстровано,28.12.1995; 17.12.2005; 11031200000010661,
22203264,Кучаківський ліцей імені гетьмана Івана Сулими Бориспільської міської ради Київської області,Кучаківський ліцей імені гетьмана Івана Сулими,"КОМУНАЛЬНА ОРГАНІЗАЦІЯ (УСТАНОВА, ЗАКЛАД)",зареєстровано,16.03.1995; 27.12.2006; 13301200000001084,
22203815,"КОМУНАЛЬНА ОРГАНІЗАЦІЯ (УСТАНОВА, ЗАКЛАД) КОМУНАЛЬНИЙ ЗАКЛАД КИЇВСЬКОЇ ОБЛАСНОЇ РАДИ ""КИЇВСЬКИЙ ОБЛАСНИЙ ЛІЦЕЙ""","КЗ КОР ""КИЇВСЬКИЙ ОБЛАСНИЙ ЛІЦЕЙ""","КОМУНАЛЬНА ОРГАНІЗАЦІЯ (УСТАНОВА, ЗАКЛАД)",зареєстровано,12.04.1995; 22.09.2009; 13351200000000377,
22207996,ВЕЛИКОДИМЕРСЬКИЙ ЛІЦЕЙ ВЕЛИКОДИМЕРСЬКОЇ СЕЛИЩНОЇ РАДИ БРОВАРСЬКОГО РАЙОНУ КИЇВСЬКОЇ ОБЛАСТІ,ВЕЛИКОДИМЕРСЬКИЙ ЛІЦЕЙ,"КОМУНАЛЬНА ОРГАНІЗАЦІЯ (УСТАНОВА, ЗАКЛАД)",зареєстровано,27.08.2001; 14.02.2006; 13321200000000614,
22219354,"КОМУНАЛЬНИЙ ЗАКЛАД ""СВІТЛОВОДСЬКА СПЕЦІАЛЬНА ШКОЛА КІРОВОГРАДСЬКОЇ ОБЛАСНОЇ РАДИ""","КЗ ""СВІТЛОВОДСЬКА СПЕЦІАЛЬНА ШКОЛА КОР""","КОМУНАЛЬНА ОРГАНІЗАЦІЯ (УСТАНОВА, ЗАКЛАД)",зареєстровано,21.11.1996; 01.11.2018; 14461450000002722,
22404614,"ПРИВАТНЕ ПІДПРИЄМСТВО ""СУЗІР'Я""","ПП ""СУЗІР'Я""",ПРИВАТНЕ ПІДПРИЄМСТВО,зареєстровано,16.02.1995; 28.01.2005; 14191200000000149,
22538987,"КРЕМЕНЧУЦЬКИЙ ЛІЦЕЙ №17 ""ВИБІР"" ІМЕНІ М.Г.НЕЛЕНЯ КРЕМЕНЧУЦЬКОЇ МІСЬКОЇ РАДИ КРЕМЕНЧУЦЬКОГО РАЙОНУ ПОЛТАВСЬКОЇ ОБЛАСТІ",КРЕМЕНЧУЦЬКИЙ ЛІЦЕЙ №17,"КОМУНАЛЬНА ОРГАНІЗАЦІЯ (УСТАНОВА, ЗАКЛАД)",зареєстровано,22.11.2001; 17.02.2005; 15851200000000805,
22547644,"КОМУНАЛЬНИЙ ЗАКЛАД ""ЦЕНТР СОЦІАЛЬНО - ПСИХОЛОГІЧНОЇ РЕАБІЛІТАЦІЇ ДІТЕЙ"" ПОЛТАВСЬКОЇ ОБЛАСНОЇ РАДИ","КЗ ""ЦСПРД"" ПОР","КОМУНАЛЬНА ОРГАНІЗАЦІЯ (УСТАНОВА, ЗАКЛАД)",зареєстровано,23.07.2001; 08.11.2005; 15601200000000219,
22548394,МИРГОРОДСЬКИЙ ЛІЦЕЙ ІМЕНІ Т.Г.ШЕВЧЕНКА МИРГОРОДСЬКОЇ МІСЬКОЇ РАДИ ПОЛТАВСЬКОЇ ОБЛАСТІ,МИРГОРОДСЬКИЙ ЛІЦЕЙ ІМ.Т.Г.ШЕВЧЕНКА,"КОМУНАЛЬНА ОРГАНІЗАЦІЯ (УСТАНОВА, ЗАКЛАД)",зареєстровано,14.03.1994; 06.01.2005; 15871200000000045,
22548922,КРЕМЕНЧУЦЬКА ГІМНАЗІЯ №3 КРЕМЕНЧУЦЬКОЇ МІСЬКОЇ РАДИ КРЕМЕНЧУЦЬКОГО РАЙОНУ ПОЛТАВСЬКОЇ ОБЛАСТІ,КРЕМЕНЧУЦЬКА ГІМНАЗІЯ №3,"КОМУНАЛЬНА ОРГАНІЗАЦІЯ (УСТАНОВА, ЗАКЛАД)",зареєстровано,29.03.2001; 17.03.2005; 15851200000000930,
22559434,ЗАРІЧНЕНСЬКИЙ  ЦЕНТР НАДАННЯ СОЦІАЛЬНИХ ПОСЛУГ ЗАРІЧНЕНСЬКОЇ СЕЛИЩНОЇ РАДИ ВАРАСЬКОГО РАЙОНУ РІВНЕНСЬКОЇ ОБЛАСТІ,,"КОМУНАЛЬНА ОРГАНІЗАЦІЯ (УСТАНОВА, ЗАКЛАД)",зареєстровано,14.08.1995; 17.02.2005; 15951200000000031,
22774245,"КОМУНАЛЬНИЙ ЗАКЛАД ЗАГАЛЬНОЇ СЕРЕДНЬОЇ ОСВІТИ ""ГІМНАЗІЯ №12 ХМЕЛЬНИЦЬКОЇ МІСЬКОЇ РАДИ""","""ГІМНАЗІЯ №12""","КОМУНАЛЬНА ОРГАНІЗАЦІЯ (УСТАНОВА, ЗАКЛАД)",зареєстровано,25.05.1995; 21.12.2005; 16731200000002630,
22786426,"КОМУНАЛЬНИЙ ЗАКЛАД ЗАГАЛЬНОЇ СЕРЕДНЬОЇ ОСВІТИ ""ЛІЦЕЙ №17 ХМЕЛЬНИЦЬКОЇ МІСЬКОЇ РАДИ""","""ЛІЦЕЙ №17""","КОМУНАЛЬНА ОРГАНІЗАЦІЯ (УСТАНОВА, ЗАКЛАД)",зареєстровано,25.05.1998; 26.12.2005; 16731200000002679,
22798277,"ПРИВАТНЕ ПІДПРИЄМСТВО ""АРГО""","ПП ""АРГО""",ПРИВАТНЕ ПІДПРИЄМСТВО,зареєстровано,10.05.1995; 25.10.2005; 10251200000000423,
22831813,ОПОРНИЙ ЗАКЛАД ОСВІТИ «ВОЛОКІВСЬКИЙ ЛІЦЕЙ» ВОЛОКІВСЬКОЇ СІЛЬСЬКОЇ РАДИ ЧЕРНІВЕЦЬКОГО РАЙОНУ ЧЕРНІВЕЦЬКОЇ ОБЛАСТІ,ОЗО «ВОЛОКІВСЬКИЙ ЛІЦЕЙ»,"КОМУНАЛЬНА ОРГАНІЗАЦІЯ (УСТАНОВА, ЗАКЛАД)",зареєстровано,09.11.1995; 18.05.2005; 10291200000000108,
22875220,"ЛІЦЕЙ ""ДОМІНАНТА"" ДНІПРОВСЬКОГО РАЙОНУ М. КИЄВА","ЛІЦЕЙ ""ДОМІНАНТА"" М. КИЄВА","КОМУНАЛЬНА ОРГАНІЗАЦІЯ (УСТАНОВА, ЗАКЛАД)",зареєстровано,23.04.2004; 30.08.2004; 10671200000000381,
22999932,"ДЕРЖАВНА ОРГАНІЗАЦІЯ (УСТАНОВА, ЗАКЛАД) ВІЙСЬКОВА ЧАСТИНА А3723",,"ДЕРЖАВНА ОРГАНІЗАЦІЯ (УСТАНОВА, ЗАКЛАД)",скасовано,,
23018304,"Опорний заклад ""Вишнівський ліцей"" Вишнівської сільської ради","ОЗ ""Вишнівський ліцей""","КОМУНАЛЬНА ОРГАНІЗАЦІЯ (УСТАНОВА, ЗАКЛАД)",зареєстровано,03.08.1995; 17.10.2005; 11891200000000140,
23049747,КОМУНАЛЬНИЙ ЗАКЛАД СУМСЬКИЙ ЛІЦЕЙ № 24 СУМСЬКОЇ МІСЬКОЇ РАДИ,КЗ Сумський ліцей № 24 СМР,"КОМУНАЛЬНА ОРГАНІЗАЦІЯ (УСТАНОВА, ЗАКЛАД)",зареєстровано,18.04.1995; 11.11.2004; 16321200000000559,
23064971,"КОМУНАЛЬНИЙ ЗАКЛАД "" ЖМЕРИНСЬКИЙ ЛІЦЕЙ №5 ""","КЗ "" ЖМЕРИНСЬКИЙ ЛІЦЕЙ №5""","КОМУНАЛЬНА ОРГАНІЗАЦІЯ (УСТАНОВА, ЗАКЛАД)",зареєстровано,12.01.1994; 12.05.2006; 11751200000000218,
23076709,"КОМУНАЛЬНИЙ ЗАКЛАД ""ЛІЦЕЙ №1"" КАМ'ЯНСЬКОЇ МІСЬКОЇ РАДИ",ЛІЦЕЙ №1,"КОМУНАЛЬНА ОРГАНІЗАЦІЯ (УСТАНОВА, ЗАКЛАД)",зареєстровано,15.05.1995; 01.10.2008; 12231200000003905,
23078513,"КОМУНАЛЬНИЙ ЗАКЛАД ОСВІТИ ""КОТОВСЬКА СПЕЦІАЛЬНА ШКОЛА"" ДНІПРОПЕТРОВСЬКОЇ ОБЛАСНОЇ РАДИ""","КЗО ""КОТОВСЬКА СШ"" ДОР""","КОМУНАЛЬНА ОРГАНІЗАЦІЯ (УСТАНОВА, ЗАКЛАД)",зареєстровано,22.11.2002; 30.09.2008; 12061200000000561,
23247186,"ТОВАРИСТВО З ОБМЕЖЕНОЮ ВІДПОВІДАЛЬНІСТЮ ""МІНОС ПАРТНЕР""","ТОВ ""МІНОС ПАРТНЕР""",ТОВАРИСТВО З ОБМЕЖЕНОЮ ВІДПОВІДАЛЬНІСТЮ,зареєстровано,09.10.1996; 21.08.2019; 10381450000012267,
23280315,ГІМНАЗІЯ №6 ГОРІШНЬОПЛАВНІВСЬКОЇ МІСЬКОЇ РАДИ КРЕМЕНЧУЦЬКОГО РАЙОНУ ПОЛТАВСЬКОЇ ОБЛАСТІ,ГІМНАЗІЯ №6,"КОМУНАЛЬНА ОРГАНІЗАЦІЯ (УСТАНОВА, ЗАКЛАД)",зареєстровано,10.05.1995; 14.12.2004; 15841200000000049,
23280506,"ОПОРНИЙ ЗАКЛАД ОСВІТИ ""МИРГОРОДСЬКА ГІМНАЗІЯ №3 МИРГОРОДСЬКОЇ МІСЬКОЇ РАДИ ПОЛТАВСЬКОЇ ОБЛАСТІ""","ОЗО ""МИРГОРОДСЬКА ГІМНАЗІЯ №3 МИРГОРОДСЬКОЇ МР""","КОМУНАЛЬНА ОРГАНІЗАЦІЯ (УСТАНОВА, ЗАКЛАД)",зареєстровано,22.12.1993; 04.01.2005; 15871200000000041,
23311317,"ГОЛОВНИЙ ЦЕНТР КАПІТАЛЬНОГО БУДІВНИЦТВА, РЕКОНСТРУКЦІЇ ТА ЗАКУПІВЕЛЬ ДЕРЖАВНОЇ ПРИКОРДОННОЇ СЛУЖБИ УКРАЇНИ",,"ДЕРЖАВНА ОРГАНІЗАЦІЯ (УСТАНОВА, ЗАКЛАД)",зареєстровано,09.12.2004; 09.12.2004; 10651200000001421,
23313925,ВІЙСЬКОВА ЧАСТИНА 3039,ВЧ 3039,"ДЕРЖАВНА ОРГАНІЗАЦІЯ (УСТАНОВА, ЗАКЛАД)",припинено,17.04.1995; 25.04.2012; 15221200000022433,26.09.2014; 15221120004022433; Державна реєстрація припинення юридичної особи в результаті її реорганізації
23553919,Кременчуцька гімназія №7 Кременчуцької міської ради Кременчуцького району Полтавської області,Кременчуцька гімназія №7,"КОМУНАЛЬНА ОРГАНІЗАЦІЯ (УСТАНОВА, ЗАКЛАД)",зареєстровано,23.12.1993; 17.03.2005; 15851200000000934,
23554037,КРЕМЕНЧУЦЬКА ГІМНАЗІЯ №16 КРЕМЕНЧУЦЬКОЇ МІСЬКОЇ РАДИ КРЕМЕНЧУЦЬКОГО РАЙОНУ ПОЛТАВСЬКОЇ ОБЛАСТІ,КРЕМЕНЧУЦЬКА ГІМНАЗІЯ № 16,"КОМУНАЛЬНА ОРГАНІЗАЦІЯ (УСТАНОВА, ЗАКЛАД)",зареєстровано,29.03.2001; 13.03.2005; 15851200000000908,
23568909,БОЯРСЬКА ЗАГАЛЬНООСВІТНЯ ШКОЛА І-ІІІ СТУПЕНІВ №1 БОЯРСЬКОЇ МІСЬКОЇ РАДИ,Боярська ЗОШ I-III ступенів №1,"КОМУНАЛЬНА ОРГАНІЗАЦІЯ (УСТАНОВА, ЗАКЛАД)",зареєстровано,31.01.2003; 03.05.2006; 13391200000003029,
23590955,"КРЕМЕНЕЦЬКИЙ ЗАКЛАД ДОШКІЛЬНОЇ ОСВІТИ №2 ""ЗОЛОТИЙ КЛЮЧИК"" КОМБІНОВАНОГО ТИПУ ІЗ ГРУПАМИ ЗАГАЛЬНОГО РОЗВИТКУ І З ВАДАМИ ЗОРУ","ЗДО №2 ""ЗОЛОТИЙ КЛЮЧИК""","КОМУНАЛЬНА ОРГАНІЗАЦІЯ (УСТАНОВА, ЗАКЛАД)",зареєстровано,30.09.1996; 06.03.2007; 16401200000001754,
23623471,ЧОРНОМОРСЬКИЙ НАЦІОНАЛЬНИЙ УНІВЕРСИТЕТ ІМЕНІ ПЕТРА МОГИЛИ,ЧНУ ІМ. ПЕТРА МОГИЛИ,"ДЕРЖАВНА ОРГАНІЗАЦІЯ (УСТАНОВА, ЗАКЛАД)",зареєстровано,10.05.2002; 09.03.2005; 15221200000002098,
24618963,ЧОРТКІВСЬКИЙ ЛІЦЕЙ № 5 ЧОРТКІВСЬКОЇ МІСЬКОЇ РАДИ ТЕРНОПІЛЬСЬКОЇ ОБЛАСТІ,ЧОРТКІВСЬКИЙ ЛІЦЕЙ № 5,"КОМУНАЛЬНА ОРГАНІЗАЦІЯ (УСТАНОВА, ЗАКЛАД)",зареєстровано,24.06.1996; 24.03.2005; 16341200000000106,
24767172,"МАЛЕ ПРИВАТНЕ ПІДПРИЄМСТВО ""ХАДЖИБЕЙ""","МПП ""ХАДЖИБЕЙ""",ПРИВАТНЕ ПІДПРИЄМСТВО,зареєстровано,31.03.1997; 30.03.2006; 15561200000018535,
24789564,"ТОВАРИСТВО З ОБМЕЖЕНОЮ ВІДПОВІДАЛЬНІСТЮ ""ПРОМАГРОТРЕЙД""","ТОВ ""ПРОМАГРОТРЕЙД""",ТОВАРИСТВО З ОБМЕЖЕНОЮ ВІДПОВІДАЛЬНІСТЮ,зареєстровано,19.09.1997; 09.09.2005; 15221200000004097,
24827827,КРЕМЕНЧУЦЬКА ГІМНАЗІЯ №8 КРЕМЕНЧУЦЬКОЇ МІСЬКОЇ РАДИ КРЕМЕНЧУЦЬКОГО РАЙОНУ ПОЛТАВСЬКОЇ ОБЛАСТІ,КРЕМЕНЧУЦЬКА ГІМНАЗІЯ №8,"КОМУНАЛЬНА ОРГАНІЗАЦІЯ (УСТАНОВА, ЗАКЛАД)",зареєстровано,13.04.1995; 16.02.2005; 15851200000000787,
24827843,КРЕМЕНЧУЦЬКА ГІМНАЗІЯ №12 КРЕМЕНЧУЦЬКОЇ МІСЬКОЇ РАДИ КРЕМЕНЧУЦЬКОГО РАЙОНУ ПОЛТАВСЬКОЇ ОБЛАСТІ,КРЕМЕНЧУЦЬКА ГІМНАЗІЯ №12,"КОМУНАЛЬНА ОРГАНІЗАЦІЯ (УСТАНОВА, ЗАКЛАД)",зареєстровано,22.03.2001; 16.02.2005; 15851200000000791,
24830485,КРЕМЕНЧУЦЬКА ГІМНАЗІЯ №20 КРЕМЕНЧУЦЬКОЇ МІСЬКОЇ РАДИ КРЕМЕНЧУЦЬКОГО РАЙОНУ  ПОЛТАВСЬКОЇ ОБЛАСТІ,КРЕМЕНЧУЦЬКА ГІМНАЗІЯ №20,"КОМУНАЛЬНА ОРГАНІЗАЦІЯ (УСТАНОВА, ЗАКЛАД)",зареєстровано,13.04.1995; 17.02.2005; 15851200000000804,
24882690,"ТАРАЩАНСЬКИЙ АКАДЕМІЧНИЙ ЛІЦЕЙ ""ЕРУДИТ"" ТАРАЩАНСЬКОЇ МІСЬКОЇ РАДИ КИЇВСЬКОЇ ОБЛАСТІ","ТАРАЩАНСЬКИЙ АКАДЕМІЧНИЙ ЛІЦЕЙ ""ЕРУДИТ""","КОМУНАЛЬНА ОРГАНІЗАЦІЯ (УСТАНОВА, ЗАКЛАД)",зареєстровано,18.10.1999; 06.12.2005; 13481200000000142,
24892121,Яготинський ліцей №2 Яготинської міської ради,Яготинський ліцей №2,"КОМУНАЛЬНА ОРГАНІЗАЦІЯ (УСТАНОВА, ЗАКЛАД)",зареєстровано,24.03.1995; 11.05.2005; 13511200000000089,
25073081,"ПРИВАТНЕ СІЛЬСЬКОГОСПОДАРСЬКЕ ВИРОБНИЧО-ТОРГОВЕ ПІДПРИЄМСТВО ФІРМА ""КВІЛТ""","ПСВТПФ ""КВІЛТ""",ПРИВАТНЕ ПІДПРИЄМСТВО,зареєстровано,05.02.1999; 05.06.2006; 11101200000000365,
25293724,БІЛОЦЕРКІВСЬКИЙ ПРИРОДНИЧО-МАТЕМАТИЧНИЙ ЛІЦЕЙ-ГІМНАЗІЯ № 16 ІМ. М.О. КИРИЛЕНКА БІЛОЦЕРКІВСЬКОЇ МІСЬКОЇ РАДИ КИЇВСЬКОЇ ОБЛАСТІ,БПМЛГ №16,"КОМУНАЛЬНА ОРГАНІЗАЦІЯ (УСТАНОВА, ЗАКЛАД)",зареєстровано,22.02.2001; 24.02.2007; 13531200000002601,
25299980,КНЯЖИЦЬКИЙ ЛІЦЕЙ БРОВАРСЬКОЇ МІСЬКОЇ РАДИ БРОВАРСЬКОГО РАЙОНУ КИЇВСЬКОЇ ОБЛАСТІ,КНЯЖИЦЬКИЙ ЛІЦЕЙ,"КОМУНАЛЬНА ОРГАНІЗАЦІЯ (УСТАНОВА, ЗАКЛАД)",зареєстровано,12.12.1997; 10.02.2005; 13321200000000178,
25315704,БІЛІВСЬКА ЗАГАЛЬНООСВІТНЯ ШКОЛА І-ІІІ СТУПЕНІВ РІВНЕНСЬКОЇ РАЙОННОЇ РАДИ РІВНЕНСЬКОЇ ОБЛАСТІ,БІЛІВСЬКА ЗОШ І - ІІІ СТ.,"КОМУНАЛЬНА ОРГАНІЗАЦІЯ (УСТАНОВА, ЗАКЛАД)",припинено,05.12.1997; 03.11.2005; 16021200000000408,31.07.2020; 16021120010000408; Державна реєстрація припинення юридичної особи в результаті її реорганізації
25315851,ШУБКІВСЬКИЙ ЛІЦЕЙ БІЛОКРИНИЦЬКОЇ СІЛЬСЬКОЇ РАДИ РІВНЕНСЬКОГО РАЙОНУ РІВНЕНСЬКОЇ ОБЛАСТІ,ШУБКІВСЬКИЙ ЛІЦЕЙ,"КОМУНАЛЬНА ОРГАНІЗАЦІЯ (УСТАНОВА, ЗАКЛАД)",зареєстровано,22.12.1997; 03.11.2005; 16021200000000407,
25317583,КЛЕВАНСЬКИЙ ЛІЦЕЙ №1 КЛЕВАНСЬКОЇ СЕЛИЩНОЇ РАДИ,КЛЕВАНСЬКИЙ ЛІЦЕЙ №1,"КОМУНАЛЬНА ОРГАНІЗАЦІЯ (УСТАНОВА, ЗАКЛАД)",зареєстровано,25.12.1997; 26.12.2006; 16021200000000828,
25318743,ГОЛИШІВСЬКИЙ ЗАКЛАД ДОШКІЛЬНОЇ ОСВІТИ ЯСЛА - САДОК ЗОРЯНСЬКОЇ СІЛЬСЬКОЇ РАДИ РІВНЕНСЬКОГО РАЙОНУ РІВНЕНСЬКОЇ ОБЛАСТІ,,"КОМУНАЛЬНА ОРГАНІЗАЦІЯ (УСТАНОВА, ЗАКЛАД)",зареєстровано,24.02.1998; 16.10.2006; 16021200000000742,
25439518,РІЧКІВСЬКА ЗАГАЛЬНООСВІТНЯ ШКОЛА І-ІІ СТУПЕНІВ МІЖГІРСЬКОЇ РАЙОННОЇ РАДИ ЗАКАРПАТСЬКОЇ ОБЛАСТІ,РІЧКІВСЬКА ЗОШ І-ІІ СТ,"КОМУНАЛЬНА ОРГАНІЗАЦІЯ (УСТАНОВА, ЗАКЛАД)",припинено,19.12.1996; 21.02.2005; 13141200000000098,11.12.2017; 13141120008000098; Державна реєстрація припинення юридичної особи в результаті її реорганізації
25495497,"КОМУНАЛЬНИЙ ЗАКЛАД ""КОВАЛІВСЬКИЙ ЛІЦЕЙ"" НЕМИРІВСЬКОЇ МІСЬКОЇ РАДИ",КОВАЛІВСЬКИЙ ЛІЦЕЙ,"КОМУНАЛЬНА ОРГАНІЗАЦІЯ (УСТАНОВА, ЗАКЛАД)",зареєстровано,12.11.1992; 21.02.2008; 11601200000000496,
25658410,"Славутицький ліцей ""БезМеж"" Славутицької міської ради Вишгородського району Київської області","Славутицький ліцей ""БезМеж""","КОМУНАЛЬНА ОРГАНІЗАЦІЯ (УСТАНОВА, ЗАКЛАД)",зареєстровано,22.07.1998; 08.02.2005; 13601200000000120,
25658485,"НОВОСІЛКІВСЬКИЙ АКАДЕМІЧНИЙ ЛІЦЕЙ ""ЕРУДИТ"" ЧАБАНІВСЬКОЇ СЕЛИЩНОЇ РАДИ ФАСТІВСЬКОГО РАЙОНУ КИЇВСЬКОЇ ОБЛАСТІ","НОВОСІЛКІВСЬКИЙ АКАДЕМ. ЛІЦЕЙ ""ЕРУДИТ""","КОМУНАЛЬНА ОРГАНІЗАЦІЯ (УСТАНОВА, ЗАКЛАД)",зареєстровано,23.02.1998; 25.06.2005; 13391200000001388,
25666728,СВЯТОПЕТРІВСЬКИЙ АКАДЕМІЧНИЙ ЛІЦЕЙ БІЛОГОРОДСЬКОЇ СІЛЬСЬКОЇ РАДИ БУЧАНСЬКОГО РАЙОНУ КИЇВСЬКОЇ ОБЛАСТІ,СВЯТОПЕТРІВСЬКИЙ АКАДЕМІЧНИЙ ЛІЦЕЙ,"КОМУНАЛЬНА ОРГАНІЗАЦІЯ (УСТАНОВА, ЗАКЛАД)",зареєстровано,29.03.2002; 16.03.2007; 13391200000004313,
25680639,КИЇВСЬКА МІСЬКА КЛІНІЧНА ЛІКАРНЯ №12,КМКЛ №12,"КОМУНАЛЬНА ОРГАНІЗАЦІЯ (УСТАНОВА, ЗАКЛАД)",припинено,27.10.1998; 09.10.2008; 10701200000034769,03.02.2020; 10701120009034769; Державна реєстрація припинення юридичної особи в результаті її реорганізації
25867728,КРЕМЕНЧУЦЬКИЙ ЛІЦЕЙ З ПОСИЛЕНОЮ ВІЙСЬКОВО-ФІЗИЧНОЮ ПІДГОТОВКОЮ ІМЕНІ ГЕРОЯ УКРАЇНИ ВІТАЛІЯ КОВАЛЯ ПОЛТАВСЬКОЇ ОБЛАСНОЇ РАДИ,ЛІЦЕЙ З ПОСИЛЕНОЮ ВІЙСЬКОВО-ФІЗИЧНОЮ ПІДГОТОВКОЮ ІМЕНІ ГЕРОЯ УКРАЇНИ ВІТАЛІЯ КОВАЛЯ,"КОМУНАЛЬНА ОРГАНІЗАЦІЯ (УСТАНОВА, ЗАКЛАД)",зареєстровано,05.08.2002; 21.10.2004; 15851200000000326,
25948289,"КОМУНАЛЬНА УСТАНОВА ""ЦЕНТР РЕАБІЛІТАЦІЇ ОСІБ З ВАДАМИ ПСИХОФІЗИЧНОГО РОЗВИТКУ""","КУ ""ЦРОВПР""","КОМУНАЛЬНА ОРГАНІЗАЦІЯ (УСТАНОВА, ЗАКЛАД)",зареєстровано,28.12.2005; 29.12.2005; 15561200000016025,
25950978,"КОМУНАЛЬНИЙ ЗАКЛАД ""ПЕТРОПАВЛІВСЬКО-БОРЩАГІВСЬКИЙ ЗАКЛАД ДОШКІЛЬНОЇ ОСВІТИ ""МАЛЯТКО"" БОРЩАГІВСЬКОЇ СІЛЬСЬКОЇ РАДИ БУЧАНСЬКОГО РАЙОНУ КИЇВСЬКОЇ ОБЛАСТІ","КЗ ""ЗДО ""МАЛЯТКО""","КОМУНАЛЬНА ОРГАНІЗАЦІЯ (УСТАНОВА, ЗАКЛАД)",зареєстровано,24.05.2002; 03.04.2009; 13391200000006037,
26037851,СЛАВУТСЬКИЙ ЛІЦЕЙ СЛАВУТСЬКОЇ МІСЬКОЇ РАДИ,СЛАВУТСЬКИЙ ЛІЦЕЙ,"КОМУНАЛЬНА ОРГАНІЗАЦІЯ (УСТАНОВА, ЗАКЛАД)",зареєстровано,14.09.2001; 18.10.2007; 16751200000000306,
26098858,БОРЖАВСЬКА ГІМНАЗІЯ БЕРЕГІВСЬКОЇ МІСЬКОЇ РАДИ ЗАКАРПАТСЬКОЇ ОБЛАСТІ,БОРЖАВСЬКА ГІМНАЗІЯ,"КОМУНАЛЬНА ОРГАНІЗАЦІЯ (УСТАНОВА, ЗАКЛАД)",зареєстровано,14.01.2002; 13.02.2008; 13091200000000407,
26147924,БІЛОЦЕРКІВСЬКИЙ ГЕТЬМАНСЬКИЙ ЛІЦЕЙ-ГІМНАЗІЯ  БІЛОЦЕРКІВСЬКОЇ МІСЬКОЇ РАДИ КИЇВСЬКОЇ ОБЛАСТІ,ГЕТЬМАНСЬКИЙ ЛІЦЕЙ,"КОМУНАЛЬНА ОРГАНІЗАЦІЯ (УСТАНОВА, ЗАКЛАД)",зареєстровано,28.02.2002; 19.03.2007; 13531200000002659,
26212030,ВАРІВСЬКИЙ ЛІЦЕЙ ІМЕНІ ФЕРЕНЦА РАКОЦІ ІІ БЕРЕГІВСЬКОЇ МІСЬКОЇ РАДИ ЗАКАРПАТСЬКОЇ ОБЛАСТІ,ВАРІВСЬКИЙ ЛІЦЕЙ ІМ. ФЕРЕНЦА РАКОЦІ ІІ,"КОМУНАЛЬНА ОРГАНІЗАЦІЯ (УСТАНОВА, ЗАКЛАД)",зареєстровано,14.01.2002; 17.01.2007; 13091200000000283,
26242321,"КОМУНАЛЬНИЙ ЗАКЛАД ""БРАЇЛІВСЬКИЙ ЛІЦЕЙ ІМЕНІ В.О. ЗАБАШТАНСЬКОГО"" ЖМЕРИНСЬКОЇ МІСЬКОЇ ТЕРИТОРІАЛЬНОЇ ГРОМАДИ","КЗ ""БРАЇЛІВСЬКИЙ ЛІЦЕЙ ІМЕНІ В.О. ЗАБАШТАНСЬКОГО"" ЖМЕРИНСЬКОЇ МІСЬКОЇ ТГ","КОМУНАЛЬНА ОРГАНІЗАЦІЯ (УСТАНОВА, ЗАКЛАД)",зареєстровано,18.06.2002; 15.02.2006; 11511200000000151,
26242508,БРАЇЛІВСЬКА ГІМНАЗІЯ ЖМЕРИНСЬКОЇ МІСЬКОЇ ТЕРИТОРІАЛЬНОЇ ГРОМАДИ,БРАЇЛІВСЬКА ГІМНАЗІЯ,"КОМУНАЛЬНА ОРГАНІЗАЦІЯ (УСТАНОВА, ЗАКЛАД)",зареєстровано,30.08.2003; 19.10.2007; 11511200000000393,
26243177,"КОМУНАЛЬНИЙ ЗАКЛАД ""ЗАКЛАД ДОШКІЛЬНОЇ ОСВІТИ №77 ВІННИЦЬКОЇ МІСЬКОЇ РАДИ""","КЗ ""ЗДО № 77 ВМР""","КОМУНАЛЬНА ОРГАНІЗАЦІЯ (УСТАНОВА, ЗАКЛАД)",зареєстровано,13.06.2002; 03.01.2006; 11741200000003039,
26304973,ПОЛТАВСЬКИЙ НАВЧАЛЬНО-ВИХОВНИЙ КОМПЛЕКС (ЗНЗ - ДНЗ) №16 ПОЛТАВСЬКОЇ МІСЬКОЇ РАДИ ПОЛТАВСЬКОЇ ОБЛАСТІ,НВК №16,"КОМУНАЛЬНА ОРГАНІЗАЦІЯ (УСТАНОВА, ЗАКЛАД)",зареєстровано,15.05.1996; 16.12.2004; 15881200000000910,
26312524,ГОРЕНИЦЬКИЙ ЛІЦЕЙ БІЛОГОРОДСЬКОЇ СІЛЬСЬКОЇ РАДИ БУЧАНСЬКОГО РАЙОНУ КИЇВСЬКОЇ ОБЛАСТІ,ГОРЕНИЦЬКИЙ ЛІЦЕЙ,"КОМУНАЛЬНА ОРГАНІЗАЦІЯ (УСТАНОВА, ЗАКЛАД)",зареєстровано,27.06.2001; 15.03.2006; 13391200000002881,
26322698,"Заклад дошкільної освіти (ясла-садок) ""СВІТАНОК"" Кам'янецької селищної ради Кропивницького району Кіровоградської області","ЗДО ""СВІТАНОК""","КОМУНАЛЬНА ОРГАНІЗАЦІЯ (УСТАНОВА, ЗАКЛАД)",зареєстровано,17.07.1996; 11.08.2011; 14321200000000379,
26326940,ТЕРЕСВЯНСЬКИЙ  ЛІЦЕЙ ІМЕНІ ВІТАЛІЯ БЕНЧАКА ТЕРЕСВЯНСЬКОЇ СЕЛИЩНОЇ РАДИ ТЯЧІВСЬКОГО РАЙОНУ ЗАКАРПАТСЬКОЇ ОБЛАСТІ,ТЕРЕСВЯНСЬКИЙ ЛІЦЕЙ ІМЕНІ ВІТАЛІЯ БЕНЧАКА,"КОМУНАЛЬНА ОРГАНІЗАЦІЯ (УСТАНОВА, ЗАКЛАД)",зареєстровано,29.11.1996; 23.02.2005; 13191200000000223,
26372638,ВОДЯНСЬКИЙ ЛІЦЕЙ ВЕРХНЬОДНІПРОВСЬКОЇ МІСЬКОЇ РАДИ,ВОДЯНСЬКИЙ ЛІЦЕЙ,"КОМУНАЛЬНА ОРГАНІЗАЦІЯ (УСТАНОВА, ЗАКЛАД)",зареєстровано,28.08.2003; 20.01.2007; 12021200000000324,
26419446,"Комунальний заклад ""Кодимський ліцей"" Кодимської міської ради Подільського району Одеської області","КЗ ""Кодимський ліцей""","КОМУНАЛЬНА ОРГАНІЗАЦІЯ (УСТАНОВА, ЗАКЛАД)",зареєстровано,15.07.2003; 07.03.2006; 15371200000000140,
26495341,Комунальна установа ''Центр надання соціальних послуг Городоцької міської ради'',КУ ''ЦНСП Городоцької міської ради'',"КОМУНАЛЬНА ОРГАНІЗАЦІЯ (УСТАНОВА, ЗАКЛАД)",зареєстровано,26.12.2003; 24.01.2006; 16551200000000189,
26514587,СЛАВУТСЬКА ГІМНАЗІЯ №4 СЛАВУТСЬКОЇ МІСЬКОЇ РАДИ,СЛАВУТСЬКА ГІМНАЗІЯ №4,"КОМУНАЛЬНА ОРГАНІЗАЦІЯ (УСТАНОВА, ЗАКЛАД)",зареєстровано,22.01.2004; 10.02.2006; 16751200000000181,
30212155,КИЇВСЬКА МІСЬКА КЛІНІЧНА ЛІКАРНЯ №4,КМКЛ №4,"КОМУНАЛЬНА ОРГАНІЗАЦІЯ (УСТАНОВА, ЗАКЛАД)",припинено,30.11.1998; 02.10.2008; 10731200000016379,03.02.2020; 10731120012016379; Державна реєстрація припинення юридичної особи в результаті її реорганізації
30356917,"ПРИВАТНЕ АКЦІОНЕРНЕ ТОВАРИСТВО ""ТЕРНОПІЛЬСЬКИЙ МОЛОКОЗАВОД""","ПРАТ ""ТЕРНОПІЛЬСЬКИЙ МОЛОКОЗАВОД""",ПРИВАТНЕ АКЦІОНЕРНЕ ТОВАРИСТВО,зареєстровано,23.10.2000; 01.10.2004; 16511200000000047,
30636739,"""ПІДПРИЄМСТВО ""РОМАН"" МІЖНАРОДНОЇ ЛІГИ УКРАЇНСЬКИХ ІНВАЛІДІВ-ІНТЕЛЕКТУАЛІВ ""СОФІЯ""","ПІДПРИЄМСТВО ""РОМАН"" МЛУІІ СОФІЯ","ПІДПРИЄМСТВО ОБ'ЄДНАННЯ ГРОМАДЯН (РЕЛІГІЙНОЇ ОРГАНІЗАЦІЇ,ПРОФСПІЛКИ)",зареєстровано,24.11.1999; 27.12.2005; 10741200000013996,
30927520,"ТОВАРИСТВО З ОБМЕЖЕНОЮ ВІДПОВІДАЛЬНІСТЮ ""АКВАПЛАСТ""","ТОВ ""АКВАПЛАСТ""",ТОВАРИСТВО З ОБМЕЖЕНОЮ ВІДПОВІДАЛЬНІСТЮ,зареєстровано,06.05.2000; 05.05.2005; 12241200000011330,
30948011,"КОМУНАЛЬНИЙ ЗАКЛАД ""ЛІЦЕЙ ""МАКСИМУМ"" КРОПИВНИЦЬКОЇ МІСЬКОЇ РАДИ""","ЛІЦЕЙ ""МАКСИМУМ""","КОМУНАЛЬНА ОРГАНІЗАЦІЯ (УСТАНОВА, ЗАКЛАД)",зареєстровано,17.04.2000; 02.02.2005; 14441200000000689,
31259168,"ТОВАРИСТВО З ОБМЕЖЕНОЮ ВІДПОВІДАЛЬНІСТЮ ""РАДИВИЛІВМОЛОКО""","ТОВ ""РАДИВИЛІВМОЛОКО""",ТОВАРИСТВО З ОБМЕЖЕНОЮ ВІДПОВІДАЛЬНІСТЮ,зареєстровано,27.12.2000; 07.10.2005; 16011200000000148,
31325298,"ТОВАРИСТВО З ОБМЕЖЕНОЮ ВІДПОВІДАЛЬНІСТЮ ""СДС-ІНВЕСТ""","ТОВ ""СДС-ІНВЕСТ""",ТОВАРИСТВО З ОБМЕЖЕНОЮ ВІДПОВІДАЛЬНІСТЮ,зареєстровано,17.01.2001; 08.11.2004; 11741200000000522,
31345733,"ПРИВАТНЕ ПІДПРИЄМСТВО ""ГЕРМЕС-1""","ПП ""ГЕРМЕС-1",ПРИВАТНЕ ПІДПРИЄМСТВО,зареєстровано,19.02.2001; 10.04.2006; 11101200000000337,
31816235,"ТОВАРИСТВО З ОБМЕЖЕНОЮ ВІДПОВІДАЛЬНІСТЮ ""БАДМ""","ТОВ ""БАДМ""",ТОВАРИСТВО З ОБМЕЖЕНОЮ ВІДПОВІДАЛЬНІСТЮ,зареєстровано,18.01.2002; 08.04.2005; 12241200000010118,
32121458,"КОНЦЕРН ""МІСЬКІ ТЕПЛОВІ МЕРЕЖІ""","КОНЦЕРН ""МТМ""",КОНЦЕРН,зареєстровано,26.07.2002; 10.08.2004; 11031200000000104,
32298653,"ТОВАРИСТВО З ОБМЕЖЕНОЮ ВІДПОВІДАЛЬНІСТЮ ""ОПТІТРЕЙД""","ТОВ ""ОПТІТРЕЙД""",ТОВАРИСТВО З ОБМЕЖЕНОЮ ВІДПОВІДАЛЬНІСТЮ,зареєстровано,10.01.2003; 29.11.2005; 12241200000020267,
32320552,"ТОВАРИСТВО З ОБМЕЖЕНОЮ ВІДПОВІДАЛЬНІСТЮ ""ЕКО-СФЕРА""","ТОВ "" ЕКО-СФЕРА""",ТОВАРИСТВО З ОБМЕЖЕНОЮ ВІДПОВІДАЛЬНІСТЮ,зареєстровано,05.03.2003; 27.12.2004; 11531200000000051,
32699979,"СПІЛЬНЕ ПІДПРИЄМСТВО ""КІЦМАНСЬКИЙ КОМБІНАТ ХЛІБОПРОДУКТІВ""","СП ""КІЦМАНСЬКИЙ КОМБІНАТ ХЛІБОПРОДУКТІВ""",ПІДПРИЄМСТВО СПОЖИВЧОЇ КООПЕРАЦІЇ,зареєстровано,24.12.2003; 13.03.2008; 10321200000000485,
32704590,"ПРИВАТНЕ ПІДПРИЄМСТВО ""РОСА""","ПП ""РОСА""",ПРИВАТНЕ ПІДПРИЄМСТВО,зареєстровано,14.11.2003; 14.12.2005; 10651200000005062,
32706231,"КОМУНАЛЬНЕ ПІДПРИЄМСТВО ОБОЛОНСЬКОГО РАЙОНУ М.КИЄВА ""ДИТЯЧИЙ КІНОТЕАТР ""КАДР""","КП ""ДК ""КАДР""",КОМУНАЛЬНЕ ПІДПРИЄМСТВО,зареєстровано,26.11.2003; 14.12.2005; 10691200000005913,
33340098,Вільногірський ліцей № 5 Вільногірської міської ради Дніпропетровської області,Вільногірський ліцей № 5 ,"КОМУНАЛЬНА ОРГАНІЗАЦІЯ (УСТАНОВА, ЗАКЛАД)",зареєстровано,13.06.1995; 20.04.2005; 12221200000000080,
33551192,"ДЕРЖАВНИЙ ЗАКЛАД ""ЦЕНТР СОЦІАЛЬНО-ПОБУТОВОГО ТА КУЛЬТУРНОГО ЗАБЕЗПЕЧЕННЯ""","ДЗ ""ЦСПКЗ""","ДЕРЖАВНА ОРГАНІЗАЦІЯ (УСТАНОВА, ЗАКЛАД)",зареєстровано,18.05.2005; 18.05.2005; 10741020000007320,
33562670,"ТОВАРИСТВО З ОБМЕЖЕНОЮ ВІДПОВІДАЛЬНІСТЮ ""ХОДОРІВСЬКИЙ М'ЯСОКОМБІНАТ""","ТЗОВ ""ХОДОРІВСЬКИЙ М'ЯСОКОМБІНАТ""",ТОВАРИСТВО З ОБМЕЖЕНОЮ ВІДПОВІДАЛЬНІСТЮ,зареєстровано,01.06.2005; 01.06.2005; 14151020000005250,
33763070,"УПРАВЛІННЯ ОСВІТИ, РЕЛІГІЙ ТА У СПРАВАХ НАЦІОНАЛЬНОСТЕЙ  ВИКОНАВЧОГО КОМІТЕТУ ХУСТСЬКОЇ МІСЬКОЇ РАДИ",,ОРГАН МІСЦЕВОГО САМОВРЯДУВАННЯ,зареєстровано,12.10.2005; 13.10.2005; 13251020000000200,
33920250,"КОМУНАЛЬНА УСТАНОВА ""НОВОБОРІВСЬКИЙ ПСИХОНЕВРОЛОГІЧНИЙ ІНТЕРНАТ"" ЖИТОМИРСЬКОЇ ОБЛАСНОЇ РАДИ","КУ  ""НОВОБОРІВСЬКИЙ ПСИХОНЕВРОЛОГІЧНИЙ ІНТЕРНАТ""","КОМУНАЛЬНА ОРГАНІЗАЦІЯ (УСТАНОВА, ЗАКЛАД)",зареєстровано,23.12.2005; 23.12.2005; 12851020000000226,
34169287,УДОБНЕНСЬКИЙ ЛІЦЕЙ МАЯКІВСЬКОЇ СІЛЬСЬКОЇ РАДИ ОДЕСЬКОГО РАЙОНУ ОДЕСЬКОЇ ОБЛАСТІ,УДОБНЕНСЬКИЙ ЛІЦЕЙ,"КОМУНАЛЬНА ОРГАНІЗАЦІЯ (УСТАНОВА, ЗАКЛАД)",зареєстровано,15.02.2006; 07.03.2006; 15301020000000270,
34200887,"ТОВАРИСТВО З ОБМЕЖЕНОЮ ВІДПОВІДАЛЬНІСТЮ ""РУОЛ СТАНДАРТ""",,ТОВАРИСТВО З ОБМЕЖЕНОЮ ВІДПОВІДАЛЬНІСТЮ,зареєстровано,15.01.2007; 15.01.2007; 14411020000000217,
34325992,"ТОВАРИСТВО З ОБМЕЖЕНОЮ ВІДПОВІДАЛЬНІСТЮ ""ДАСТОР-УЖГОРОД""","ТОВ ""ДАСТОР-УЖГОРОД""",ТОВАРИСТВО З ОБМЕЖЕНОЮ ВІДПОВІДАЛЬНІСТЮ,зареєстровано,10.04.2006; 10.04.2006; 13241020000002153,
34461367,"КОМУНАЛЬНИЙ ЗАКЛАД ДОШКІЛЬНОЇ ОСВІТИ ""КАЛИНОНЬКА"" ДОЛИНСЬКОЇ МІСЬКОЇ РАДИ","КЗДО ""КАЛИНОНЬКА""","КОМУНАЛЬНА ОРГАНІЗАЦІЯ (УСТАНОВА, ЗАКЛАД)",зареєстровано,29.06.2006; 29.06.2006; 14241020000000293,
34626184,"Заклад дошкільної освіти №3 ""Веселка"" Жмеринської міської територіальної громади","ЗДО №3 ""Веселка"" ","КОМУНАЛЬНА ОРГАНІЗАЦІЯ (УСТАНОВА, ЗАКЛАД)",зареєстровано,04.10.2006; 04.10.2006; 11751230000000266,
35492401,"КОМУНАЛЬНЕ НЕКОМЕРЦІЙНЕ ПІДПРИЄМСТВО ""ТЕРНОПІЛЬСЬКИЙ ОБЛАСНИЙ КЛІНІЧНИЙ  ПЕРИНАТАЛЬНИЙ ЦЕНТР ""МАТИ І ДИТИНА"" ТЕРНОПІЛЬСЬКОЇ ОБЛАСНОЇ РАДИ",,КОМУНАЛЬНЕ ПІДПРИЄМСТВО,зареєстровано,14.11.2007; 10.06.2019; 16461450000012035,
35623111,НОВОСЕЛІВСЬКИЙ ЗАКЛАД ДОШКІЛЬНОЇ ОСВІТИ (ЯСЛА-ДИТЯЧИЙ САДОК) САРАТСЬКОЇ СЕЛИЩНОЇ РАДИ БІЛГОРОД-ДНІСТРОВСЬКОГО РАЙОНУ ОДЕСЬКОЇ ОБЛАСТІ,НОВОСЕЛІВСЬКИЙ 3ДО (ЯСЛА-ДИТЯЧИЙ САДОК)  ,"КОМУНАЛЬНА ОРГАНІЗАЦІЯ (УСТАНОВА, ЗАКЛАД)",зареєстровано,10.12.2007; 10.12.2007; 15471020000000444,
35814729,"КОМУНАЛЬНЕ ПІДПРИЄМСТВО ""КОЗЯТИНСЬКА ЦЕНТРАЛЬНА РАЙОННА ЛІКАРНЯ"" КОЗЯТИНСЬКОЇ МІСЬКОЇ РАДИ","КП "" КОЗЯТИНСЬКА ЦРЛ""",КОМУНАЛЬНЕ ПІДПРИЄМСТВО,зареєстровано,24.03.2008; 24.03.2008; 11761020000000286,
36029726,"ТОВАРИСТВО З ОБМЕЖЕНОЮ ВІДПОВІДАЛЬНІСТЮ ""СГ-ПАТРІОТ""","ТОВ ""СГ-ПАТРІОТ""",ТОВАРИСТВО З ОБМЕЖЕНОЮ ВІДПОВІДАЛЬНІСТЮ,зареєстровано,09.07.2008; 09.07.2008; 13211020000000492,
36194975,"ПРИВАТНЕ ПІДПРИЄМСТВО ""ВКФ ""МІГ""","ПП ""ВКФ ""МІГ""",ПРИВАТНЕ ПІДПРИЄМСТВО,зареєстровано,15.12.2008; 15.12.2008; 15851020000006621,
36199863,СЛУЖБА У СПРАВАХ ДІТЕЙ ТА СІМ'Ї ПЕРЕЯСЛАВСЬКОЇ МІСЬКОЇ РАДИ,ССДС ПЕРЕЯСЛАВСЬКОЇ МІСЬКОЇ РАДИ,ОРГАН МІСЦЕВОГО САМОВРЯДУВАННЯ,зареєстровано,19.09.1995; 19.11.2008; 13581200000000431,
36330737,"ТОВАРИСТВО З ОБМЕЖЕНОЮ ВІДПОВІДАЛЬНІСТЮ ""АКРІС ЛОГІСТИК""","ТОВ ""АКРІС ЛОГІСТИК""",ТОВАРИСТВО З ОБМЕЖЕНОЮ ВІДПОВІДАЛЬНІСТЮ,зареєстровано,09.02.2009; 09.02.2009; 13051020000007137,
36886705,"ПРИВАТНЕ ПІДПРИЄМСТВО ""КОРОЛІВСЬКИЙ СМАК ПЛЮС""","ПП ""КОРОЛІВСЬКИЙ СМАК ПЛЮС""",ПРИВАТНЕ ПІДПРИЄМСТВО,зареєстровано,07.12.2009; 07.12.2009; 11741020000008168,
37000540,"ПОЗАМІСЬКИЙ ДИТЯЧИЙ ЗАКЛАД ОЗДОРОВЛЕННЯ ТА ВІДПОЧИНКУ ""ЧАЙКА"" ХМЕЛЬНИЦЬКОЇ МІСЬКОЇ РАДИ""",,"КОМУНАЛЬНА ОРГАНІЗАЦІЯ (УСТАНОВА, ЗАКЛАД)",зареєстровано,27.04.2010; 27.04.2010; 16611020000000387,
37622036,"ТОВАРИСТВО З ОБМЕЖЕНОЮ ВІДПОВІДАЛЬНІСТЮ ""ВВ-ПРОФІТ""","ТОВ ""ВВ- ПРОФІТ""",ТОВАРИСТВО З ОБМЕЖЕНОЮ ВІДПОВІДАЛЬНІСТЮ,зареєстровано,11.04.2011; 11.04.2011; 12241020000052137,
37787425,"ТОВАРИСТВО З ОБМЕЖЕНОЮ ВІДПОВІДАЛЬНІСТЮ ""ЧЕРКАСЬКА РЕГІОНАЛЬНА  ПРОДОВОЛЬЧА КОМПАНІЯ""","ТОВ ""ЧРПК""",ТОВАРИСТВО З ОБМЕЖЕНОЮ ВІДПОВІДАЛЬНІСТЮ,зареєстровано,21.07.2011; 21.07.2011; 10261020000011419,
37819430,НАЦІОНАЛЬНЕ АГЕНТСТВО УКРАЇНИ З ПИТАНЬ ДЕРЖАВНОЇ СЛУЖБИ,,ОРГАН ДЕРЖАВНОЇ ВЛАДИ,зареєстровано,15.08.2011; 15.08.2011; 10741020000040351,
37984318,"ТОВАРИСТВО З ОБМЕЖЕНОЮ ВІДПОВІДАЛЬНІСТЮ ""РОШЕН ДЕ ЛЮКС""","ТОВ ""РОШЕН ДЕ ЛЮКС""",ТОВАРИСТВО З ОБМЕЖЕНОЮ ВІДПОВІДАЛЬНІСТЮ,зареєстровано,19.01.2012; 19.01.2012; 15551020000000527,
38011087,"КИЇВСЬКИЙ ОБЛАСНИЙ ЦЕНТР СОЦІАЛЬНО-ПСИХОЛОГІЧНОЇ РЕАБІЛІТАЦІЇ ДІТЕЙ ""СТРІТІВКА""",,"КОМУНАЛЬНА ОРГАНІЗАЦІЯ (УСТАНОВА, ЗАКЛАД)",зареєстровано,11.01.2012; 11.01.2012; 13391020000007635,
38425940,"ПРИВАТНЕ ПІДПРИЄМСТВО ""ФЕНІКС-ІНКОМ""","ПП ""ФЕНІКС-ІНКОМ""",ПРИВАТНЕ ПІДПРИЄМСТВО,зареєстровано,24.12.2012; 24.12.2012; 15521020000001887,
38505512,РАДИВИЛІВСЬКИЙ ЛІЦЕЙ №2  ІМ.П.Г.СТРИЖАКА РАДИВИЛІВСЬКОЇ МІСЬКОЇ РАДИ ДУБЕНСЬКОГО РАЙОНУ РІВНЕНСЬКОЇ ОБЛАСТІ,РАДИВИЛІВСЬКИЙ ЛІЦЕЙ №2 ІМ.П.Г.СТРИЖАКА,"КОМУНАЛЬНА ОРГАНІЗАЦІЯ (УСТАНОВА, ЗАКЛАД)",зареєстровано,28.05.2013; 28.05.2013; 16011340000000730,
38925300,"ТОВАРИСТВО З ОБМЕЖЕНОЮ ВІДПОВІДАЛЬНІСТЮ ""КАФАР-УКРАЇНА""","ТОВ ""КАФАР-УКРАЇНА""",ТОВАРИСТВО З ОБМЕЖЕНОЮ ВІДПОВІДАЛЬНІСТЮ,зареєстровано,04.10.2013; 04.10.2013; 15221020000023824,
39418096,"ТОВАРИСТВО З ОБМЕЖЕНОЮ ВІДПОВІДАЛЬНІСТЮ ""ОРЖИЦЬКИЙ МОЛОКОЗАВОД""","ТОВ ""ОРЖИЦЬКИЙ МОЛОКОЗАВОД""",ТОВАРИСТВО З ОБМЕЖЕНОЮ ВІДПОВІДАЛЬНІСТЮ,зареєстровано,30.09.2014; 30.09.2014; 15751020000000446,
39422516,"ТОВАРИСТВО З ОБМЕЖЕНОЮ ВІДПОВІДАЛЬНІСТЮ ""ГАРНА СТРАВА""","ТОВ ""ГАРНА СТРАВА""",ТОВАРИСТВО З ОБМЕЖЕНОЮ ВІДПОВІДАЛЬНІСТЮ,зареєстровано,02.10.2014; 02.10.2014; 12241020000070401,
39625877,"ТОВАРИСТВО З ОБМЕЖЕНОЮ ВІДПОВІДАЛЬНІСТЮ ""СПАРТА 2015""","ТОВ ""СПАРТА 2015""",ТОВАРИСТВО З ОБМЕЖЕНОЮ ВІДПОВІДАЛЬНІСТЮ,зареєстровано,06.02.2015; 06.02.2015; 14221020000000836,
40093593,"ТОВАРИСТВО З ОБМЕЖЕНОЮ ВІДПОВІДАЛЬНІСТЮ ""ПРОДЕНЕРГО""","ТОВ ""ПРОДЕНЕРГО""",ТОВАРИСТВО З ОБМЕЖЕНОЮ ВІДПОВІДАЛЬНІСТЮ,зареєстровано,30.10.2015; 30.10.2015; 14801020000067659,
40201464,ЦЕНТР СОЦІАЛЬНИХ ПОСЛУГ ТЕРЕБОВЛЯНСЬКОЇ МІСЬКОЇ РАДИ,ЦСПТМР,"КОМУНАЛЬНА ОРГАНІЗАЦІЯ (УСТАНОВА, ЗАКЛАД)",зареєстровано,28.12.2015; 28.12.2015; 16371020000001178,
40333959,"ТОВАРИСТВО З ОБМЕЖЕНОЮ ВІДПОВІДАЛЬНІСТЮ ""КРАЙ - МК..""","ТОВ ""КРАЙ - МК..""",ТОВАРИСТВО З ОБМЕЖЕНОЮ ВІДПОВІДАЛЬНІСТЮ,зареєстровано,10.03.2016; 10.03.2016; 12241020000075979,
40375543,"ТОВАРИСТВО З ОБМЕЖЕНОЮ ВІДПОВІДАЛЬНІСТЮ ""ЛАВЕРНА СМАК""","ТОВ ""ЛАВЕРНА СМАК""",ТОВАРИСТВО З ОБМЕЖЕНОЮ ВІДПОВІДАЛЬНІСТЮ,зареєстровано,28.03.2016; 28.03.2016; 12291020000003539,
40391916,"КОМУНАЛЬНИЙ ЗАКЛАД ""ЦЕНТР НАДАННЯ СОЦІАЛЬНИХ ПОСЛУГ ПІДВОЛОЧИСЬКОЇ СЕЛИЩНОЇ РАДИ""",ЦЕНТР НАДАННЯ СОЦІАЛЬНИХ ПОСЛУГ,"КОМУНАЛЬНА ОРГАНІЗАЦІЯ (УСТАНОВА, ЗАКЛАД)",зареєстровано,01.04.2016; 01.04.2016; 16441020000000839,
40412485,"ТОВАРИСТВО З ОБМЕЖЕНОЮ ВІДПОВІДАЛЬНІСТЮ ""ЛУЦЮК-ТРЕЙД""","ТЗОВ ""ЛУЦЮК-ТРЕЙД""",ТОВАРИСТВО З ОБМЕЖЕНОЮ ВІДПОВІДАЛЬНІСТЮ,зареєстровано,08.04.2016; 08.04.2016; 11981020000009507,
40422404,"ТОВАРИСТВО З ОБМЕЖЕНОЮ ВІДПОВІДАЛЬНІСТЮ ""АЛЬЯНС ФУД""","ТОВ ""АЛЬЯНС ФУД""",ТОВАРИСТВО З ОБМЕЖЕНОЮ ВІДПОВІДАЛЬНІСТЮ,зареєстровано,13.04.2016; 13.04.2016; 12241020000076441,
40518321,ВІДДІЛ ОСВІТИ СКАЛАТСЬКОЇ МІСЬКОЇ РАДИ,ВІДДІЛ ОСВІТИ СКАЛАТСЬКОЇ МР,"КОМУНАЛЬНА ОРГАНІЗАЦІЯ (УСТАНОВА, ЗАКЛАД)",зареєстровано,30.05.2016; 30.05.2016; 16441020000000848,
40620238,"Відділ освіти, сім'ї, молоді та спорту Васильковецької сільської ради",Відділ ОСМС Васильковецької с/р,ОРГАН МІСЦЕВОГО САМОВРЯДУВАННЯ,зареєстровано,02.07.2016; 02.07.2016; 16481020000001046,
40703130,"КОМУНАЛЬНА УСТАНОВА ""ЦЕНТР ФІНАНСУВАННЯ ТА ГОСПОДАРСЬКОЇ ДІЯЛЬНОСТІ ЗАКЛАДІВ ТА УСТАНОВ СИСТЕМИ ОСВІТИ ПРИМОРСЬКОГО РАЙОНУ М. ОДЕСИ""","КУ ""ЦФГДЗУСО ПРИМОРСЬКОГО РАЙОНУ М. ОДЕСИ""","КОМУНАЛЬНА ОРГАНІЗАЦІЯ (УСТАНОВА, ЗАКЛАД)",зареєстровано,01.08.2016; 01.08.2016; 15561020000059423,
40708982,"ВІДДІЛ ОСВІТИ, КУЛЬТУРИ ТА ТУРИЗМУ ВЕЛИКОМИХАЙЛІВСЬКОЇ СЕЛИЩНОЇ РАДИ РОЗДІЛЬНЯНСЬКОГО РАЙОНУ ОДЕСЬКОЇ ОБЛАСТІ",,ОРГАН МІСЦЕВОГО САМОВРЯДУВАННЯ,зареєстровано,02.08.2016; 02.08.2016; 15331020000000604,
40733720,"ТОВАРИСТВО З ОБМЕЖЕНОЮ ВІДПОВІДАЛЬНІСТЮ ""АС ТРЕЙД""","ТОВ ""АС ТРЕЙД""",ТОВАРИСТВО З ОБМЕЖЕНОЮ ВІДПОВІДАЛЬНІСТЮ,зареєстровано,10.08.2016; 10.08.2016; 10681020000043496,
41066555,"Відділ освіти,культури і туризму,молоді та спорту Шегинівської сільської ради Яворівського району Львівської області",ВОКТМС Шегинівської сільської ради,ОРГАН МІСЦЕВОГО САМОВРЯДУВАННЯ,зареєстровано,04.01.2017; 04.01.2017; 14021020000001264,
41080689,ВІДДІЛ ОСВІТИ КОЗЛІВСЬКОЇ СЕЛИЩНОЇ РАДИ,,ОРГАН МІСЦЕВОГО САМОВРЯДУВАННЯ,зареєстровано,13.01.2017; 13.01.2017; 16391020000000798,
41086985,"ВІДДІЛ ОСВІТИ, КУЛЬТУРИ, МОЛОДІ ТА СПОРТУ КОРЮКІВСЬКОЇ МІСЬКОЇ РАДИ",ВОКМТАС КОРЮКІВСЬКОЇ МІСЬКРАДИ,ОРГАН МІСЦЕВОГО САМОВРЯДУВАННЯ,зареєстровано,18.01.2017; 18.01.2017; 10481020000000639,
41292510,"ВІДДІЛ ОСВІТИ, МОЛОДІ, СПОРТУ, КУЛЬТУРИ, ТУРИЗМУ ТА ПРАВОПОРЯДКУ ВЕСНЯНСЬКОЇ СЕЛИЩНОЇ РАДИ",ВІДДІЛ ОМСКТП ВЕСНЯНСЬКОЇ С/Р,ОРГАН МІСЦЕВОГО САМОВРЯДУВАННЯ,зареєстровано,21.04.2017; 21.04.2017; 15151020000001182,
41299207,ВІДДІЛ ОСВІТИ БАРСЬКОЇ МІСЬКОЇ РАДИ,ВІДДІЛ ОСВІТИ,"КОМУНАЛЬНА ОРГАНІЗАЦІЯ (УСТАНОВА, ЗАКЛАД)",зареєстровано,25.04.2017; 25.04.2017; 11471020000000961,
41356652,"ВІДДІЛ ОСВІТИ, КУЛЬТУРИ, МОЛОДІ ТА СПОРТУ ГАЛИЦИНІВСЬКОЇ СІЛЬСЬКОЇ РАДИ",ВІДДІЛ ОКМС,"КОМУНАЛЬНА ОРГАНІЗАЦІЯ (УСТАНОВА, ЗАКЛАД)",зареєстровано,26.05.2017; 26.05.2017; 15111020000008699,
41456900,ВІДДІЛ ОСВІТИ КВІТНЕВОЇ СІЛЬСЬКОЇ РАДИ,,ОРГАН МІСЦЕВОГО САМОВРЯДУВАННЯ,зареєстровано,12.07.2017; 12.07.2017; 12971020000003567,
41513827,"ВІДДІЛ ОСВІТИ, КУЛЬТУРИ, МОЛОДІ ТА  СПОРТУ ТРИБУХІВСЬКОЇ СІЛЬСЬКОЇ РАДИ",ВОКМС ТРИБУХІВСЬКОЇ С/Р,ОРГАН МІСЦЕВОГО САМОВРЯДУВАННЯ,зареєстровано,09.08.2017; 09.08.2017; 16411020000001111,
41814742,ВІДДІЛ ОСВІТИ ВИКОНАВЧОГО КОМІТЕТУ ЛОХВИЦЬКОЇ МІСЬКОЇ РАДИ,ВІДДІЛ ОСВІТИ,ОРГАН МІСЦЕВОГО САМОВРЯДУВАННЯ,зареєстровано,18.12.2017; 18.12.2017; 15701020000000803,
41830654,ВИКОНАВЧИЙ КОМІТЕТ СЕНЧАНСЬКОЇ СІЛЬСЬКОЇ РАДИ,ВИКОНКОМ СЕНЧАНСЬКОЇ СІЛЬСЬКОЇ РАДИ,ОРГАН МІСЦЕВОГО САМОВРЯДУВАННЯ,зареєстровано,26.12.2017; 26.12.2017; 15701020000000805,
42201052,"ТОВАРИСТВО З ОБМЕЖЕНОЮ ВІДПОВІДАЛЬНІСТЮ ""ІДС АКВА СЕРВІС""","ТОВ ""ІДС АКВА СЕРВІС""",ТОВАРИСТВО З ОБМЕЖЕНОЮ ВІДПОВІДАЛЬНІСТЮ,зареєстровано,07.06.2018; 07.06.2018; 14171020000002741,
42260364,"КОМУНАЛЬНА УСТАНОВА ""ЦЕНТР ПО ОБСЛУГОВУВАННЮ ЗАКЛАДІВ ТА УСТАНОВ ОСВІТИ"" РЕНІЙСЬКОЇ МІСЬКОЇ РАДИ","КУ ""ЦОЗУО""","КОМУНАЛЬНА ОРГАНІЗАЦІЯ (УСТАНОВА, ЗАКЛАД)",зареєстровано,22.06.2018; 22.06.2018; 15451020000000868,
42268943,"ВІДДІЛ ОСВІТИ, КУЛЬТУРИ, МОЛОДІ ТА СПОРТУ САКСАГАНСЬКОЇ СІЛЬСЬКОЇ РАДИ",,ОРГАН МІСЦЕВОГО САМОВРЯДУВАННЯ,зареєстровано,27.06.2018; 27.06.2018; 12141020000000895,
42392712,ТОВАРИСТВО З ОБМЕЖЕНОЮ ВІДПОВІДАЛЬНІСТЮ «МЕДФУД»,ТОВ «МЕДФУД»,ТОВАРИСТВО З ОБМЕЖЕНОЮ ВІДПОВІДАЛЬНІСТЮ,зареєстровано,14.08.2018; 14.08.2018; 11741020000016359,
42439226,ГУМАНІТАРНИЙ ВІДДІЛ ЗАТУРЦІВСЬКОЇ СІЛЬСЬКОЇ РАДИ,,ОРГАН МІСЦЕВОГО САМОВРЯДУВАННЯ,зареєстровано,05.09.2018; 05.09.2018; 11861020000000584,
42739284,"КОМУНАЛЬНЕ НЕКОМЕРЦІЙНЕ ПІДПРИЄМСТВО ""НАРОДИЦЬКА ЛІКАРНЯ"" НАРОДИЦЬКОЇ СЕЛИЩНОЇ РАДИ","КНП ""НАРОДИЦЬКА ЛІКАРНЯ"" НАРОДИЦЬКОЇ СЕЛИЩНОЇ РАДИ",КОМУНАЛЬНЕ ПІДПРИЄМСТВО,зареєстровано,08.01.2019; 08.01.2019; 12931020000000288,
42789136,"КОМУНАЛЬНЕ ПІДПРИЄМСТВО ""ЛІКАРНЯ №2 ІМ. В.П. ПАВЛУСЕНКА"" ЖИТОМИРСЬКОЇ МІСЬКОЇ РАДИ","КП ""ЛІКАРНЯ №2 ІМ. В.П. ПАВЛУСЕНКА"" ЖМР",КОМУНАЛЬНЕ ПІДПРИЄМСТВО,зареєстровано,01.02.2019; 01.02.2019; 13051020000015758,
42985994,"КОМУНАЛЬНИЙ ЗАКЛАД ЗАГАЛЬНОЇ СЕРЕДНЬОЇ ОСВІТИ ""ЛІЦЕЙ №1 С. ПЕТРОПАВЛІВСЬКА БОРЩАГІВКА"" БОРЩАГІВСЬКОЇ СІЛЬСЬКОЇ РАДИ БУЧАНСЬКОГО РАЙОНУ КИЇВСЬКОЇ ОБЛАСТІ",ЛІЦЕЙ №1 с. Петропавлівська Борщагівка,"КОМУНАЛЬНА ОРГАНІЗАЦІЯ (УСТАНОВА, ЗАКЛАД)",зареєстровано,07.05.2019; 07.05.2019; 13391020000017704,
43205042,ВІДДІЛ З ГУМАНІТАРНИХ ПИТАНЬ ВИКОНАВЧОГО КОМІТЕТУ УЛАШАНІВСЬКОЇ СІЛЬСЬКОЇ РАДИ,ВІДДІЛ З ГУМАНІТАРНИХ ПИТАНЬ,ОРГАН МІСЦЕВОГО САМОВРЯДУВАННЯ,зареєстровано,03.09.2019; 03.09.2019; 16751020000001409,
43278702,"ТОВАРИСТВО З ОБМЕЖЕНОЮ ВІДПОВІДАЛЬНІСТЮ ""МОЛОКІНІ""","ТОВ ""МОЛОКІНІ""",ТОВАРИСТВО З ОБМЕЖЕНОЮ ВІДПОВІДАЛЬНІСТЮ,зареєстровано,09.10.2019; 09.10.2019; 15881020000018339,
43308925,"ТОВАРИСТВО З ОБМЕЖЕНОЮ ВІДПОВІДАЛЬНІСТЮ ""М'ЯСНИЙ ЦЕНТР""","ТОВ ""М'ЯСНИЙ ЦЕНТР""",ТОВАРИСТВО З ОБМЕЖЕНОЮ ВІДПОВІДАЛЬНІСТЮ,зареєстровано,25.10.2019; 25.10.2019; 13051020000016519,
43331273,Військова частина 1560,,"ДЕРЖАВНА ОРГАНІЗАЦІЯ (УСТАНОВА, ЗАКЛАД)",зареєстровано,05.11.2019; 05.11.2019; 15361020000001176,
43370789,"ТОВАРИСТВО З ОБМЕЖЕНОЮ ВІДПОВІДАЛЬНІСТЮ ""ОДЕСЬКИЙ ХЛІБОЗАВОД №4""","ТОВ ""ОДЕСЬКИЙ ХЛІБОЗАВОД №4""",ТОВАРИСТВО З ОБМЕЖЕНОЮ ВІДПОВІДАЛЬНІСТЮ,зареєстровано,27.11.2019; 27.11.2019; 15561020000072481,
43440447,"ТОВАРИСТВО З ОБМЕЖЕНОЮ ВІДПОВІДАЛЬНІСТЮ ""ЛЬВІВІМПОРТ""","ТОВ ""ЛЬВІВІМПОРТ""",ТОВАРИСТВО З ОБМЕЖЕНОЮ ВІДПОВІДАЛЬНІСТЮ,зареєстровано,09.01.2020; 09.01.2020; 14151020000049346,
43808856,"ТОВАРИСТВО З ОБМЕЖЕНОЮ ВІДПОВІДАЛЬНІСТЮ ""СТМ-Фарм""","ТОВ ""СТМ-Фарм""",ТОВАРИСТВО З ОБМЕЖЕНОЮ ВІДПОВІДАЛЬНІСТЮ,зареєстровано,09.09.2020; 09.09.2020; 1002241360000095413,
43917808,"ВІДДІЛ ОСВІТИ, МОЛОДІЖНОЇ ПОЛІТИКИ ТА СПОРТУ СНЯТИНСЬКОЇ МІСЬКОЇ РАДИ КОЛОМИЙСЬКОГО РАЙОНУ ІВАНО-ФРАНКІВСЬКОЇ ОБЛАСТІ",,ОРГАН МІСЦЕВОГО САМОВРЯДУВАННЯ,зареєстровано,05.01.2021; 05.01.2021; 1001151020000001291,
43927184,"ВІДДІЛ ОСВІТИ, КУЛЬТУРИ, МОЛОДІ ТА СПОРТУ ТУЗЛІВСЬКОЇ СІЛЬСЬКОЇ РАДИ","ВІДДІЛ ОСВІТИ, КУЛЬТУРИ, МОЛОДІ ТА СПОРТУ",ОРГАН МІСЦЕВОГО САМОВРЯДУВАННЯ,зареєстровано,05.01.2021; 05.01.2021; 1005491020000001893,
43930548,"Управління освіти,молоді та спорту Збаразької міської ради",,ОРГАН МІСЦЕВОГО САМОВРЯДУВАННЯ,зареєстровано,04.01.2021; 04.01.2021; 1006421020000001257,
43965125,"КОМУНАЛЬНЕ ПІДПРИЄМСТВО ""ДОБРОБУТ ПОЛТАВСЬКОЇ ГРОМАДИ ПОЛТАВСЬКОЇ МІСЬКОЇ РАДИ""","КП ""ДОБРОБУТ ПОЛТАВСЬКОЇ ГРОМАДИ ПОЛТАВСЬКОЇ МІСЬКОЇ РАДИ""",КОМУНАЛЬНЕ ПІДПРИЄМСТВО,зареєстровано,24.03.2021; 24.03.2021; 1009571020000009627,
43971485,"Відділ освіти, культури, розвитку туризму, молоді та спорту Красненської селищної ради Золочівського району Львівської області",,ОРГАН МІСЦЕВОГО САМОВРЯДУВАННЯ,зареєстровано,21.12.2020; 21.12.2020; 1003941020000001192,
43983500,"ТОВАРИСТВО З ОБМЕЖЕНОЮ ВІДПОВІДАЛЬНІСТЮ ""ВЕЛЕС РІТЕЙЛ""",ТОВ «ВЕЛЕС РІТЕЙЛ» ,ТОВАРИСТВО З ОБМЕЖЕНОЮ ВІДПОВІДАЛЬНІСТЮ,зареєстровано,15.12.2020; 15.12.2020; 1003251020000002119,
43983521,"УПРАВЛІННЯ ОСВІТИ, МОЛОДІ ТА СПОРТУ МОНАСТИРИЩЕНСЬКОЇ МІСЬКОЇ РАДИ",УОМС МОНАСТИРИЩЕНСЬКОЇ М/Р,ОРГАН МІСЦЕВОГО САМОВРЯДУВАННЯ,зареєстровано,15.12.2020; 15.12.2020; 1000121020000000886,
44011748,"ВІДДІЛ ОСВІТИ, КУЛЬТУРИ, ТУРИЗМУ, МОЛОДІ ТА СПОРТУ ПІЩАНОБРІДСЬКОЇ СІЛЬСЬКОЇ РАДИ",,ОРГАН МІСЦЕВОГО САМОВРЯДУВАННЯ,зареєстровано,04.01.2021; 04.01.2021; 1004271020000001763,
44054694,"ВІДДІЛ ОСВІТИ, МОЛОДІ ТА СПОРТУ АРЦИЗЬКОЇ МІСЬКОЇ РАДИ",,ОРГАН МІСЦЕВОГО САМОВРЯДУВАННЯ,зареєстровано,04.12.2020; 04.12.2020; 1005271020000001190,
44059357,"ВІДДІЛ ОСВІТИ, МОЛОДІ ТА СПОРТУ КОРСУНЬ-ШЕВЧЕНКІВСЬКОЇ МІСЬКОЇ РАДИ","ВІДДІЛ ОСВІТИ,МОЛОДІ,СПОРТУ К-Ш МР",ОРГАН МІСЦЕВОГО САМОВРЯДУВАННЯ,зареєстровано,06.01.2021; 06.01.2021; 1000091020000000904,
44070606,"ВІДДІЛ ОСВІТИ, СІМ'Ї, МОЛОДІ, СПОРТУ ТА КУЛЬТУРИ МІЖГІРСЬКОЇ СЕЛИЩНОЇ РАДИ",ВОСМСК Міжгірської селищної ради,ОРГАН МІСЦЕВОГО САМОВРЯДУВАННЯ,зареєстровано,31.12.2020; 31.12.2020; 1003141020000000843,
44070742,"ВІДДІЛ ОСВІТИ, КУЛЬТУРИ, СІМ'Ї, МОЛОДІ ТА СПОРТУ БОГДАНСЬКОЇ СІЛЬСЬКОЇ РАДИ",,ОРГАН МІСЦЕВОГО САМОВРЯДУВАННЯ,зареєстровано,30.12.2020; 30.12.2020; 1003171020000001526,
44072142,"ВІДДІЛ ОСВІТИ, СІМ'Ї, МОЛОДІ, СПОРТУ, КУЛЬТУРИ І ТУРИЗМУ ОЛЬГОПІЛЬСЬКОЇ СІЛЬСЬКОЇ РАДИ",,ОРГАН МІСЦЕВОГО САМОВРЯДУВАННЯ,зареєстровано,12.01.2021; 12.01.2021; 1001711020000000443,
44074511,"ВІДДІЛ ОСВІТИ, КУЛЬТУРИ, МОЛОДІ ТА СПОРТУ ГУРІВСЬКОЇ СІЛЬСЬКОЇ РАДИ КІРОВОГРАДСЬКОЇ ОБЛАСТІ",,ОРГАН МІСЦЕВОГО САМОВРЯДУВАННЯ,зареєстровано,14.01.2021; 14.01.2021; 1004241020000000867,
44086972,"УПРАВЛІННЯ КУЛЬТУРИ, ТУРИЗМУ, МОЛОДІ ТА СПОРТУ САРНЕНСЬКОЇ МІСЬКОЇ РАДИ",УПРАВЛІННЯ КТМС САРНЕНСЬКОЇ МІСЬКОЇ РАДИ,ОРГАН МІСЦЕВОГО САМОВРЯДУВАННЯ,зареєстровано,06.01.2021; 06.01.2021; 1006041020000001449,
44133922,"Відділ освіти, культури, молоді та спорту Белзької міської ради  Львівської області",Відділ ОКМС Белзької МР,ОРГАН МІСЦЕВОГО САМОВРЯДУВАННЯ,зареєстровано,05.01.2021; 05.01.2021; 1004081020000002176,
44155417,"ВІДДІЛ ОСВІТИ, КУЛЬТУРИ, МОЛОДІ ТА СПОРТУ ОЛЕКСАНДРІВСЬКОЇ СЕЛИЩНОЇ РАДИ",,ОРГАН МІСЦЕВОГО САМОВРЯДУВАННЯ,зареєстровано,08.06.2021; 08.06.2021; 1005211020000002288,
44167291,"Відділ освіти, культури, молоді та спорту Іваничівської селищної ради",,ОРГАН МІСЦЕВОГО САМОВРЯДУВАННЯ,зареєстровано,02.06.2021; 02.06.2021; 1001821020000000804,
44349407,"ТОВАРИСТВО З ОБМЕЖЕНОЮ ВІДПОВІДАЛЬНІСТЮ ""СЕНТРАЛ ФІШ ТРЕЙД""","ТОВ ""СФ ТРЕЙД""",ТОВАРИСТВО З ОБМЕЖЕНОЮ ВІДПОВІДАЛЬНІСТЮ,зареєстровано,04.08.2021; 04.08.2021; 1000721020000046795,
44375369,"ТОВАРИСТВО З ОБМЕЖЕНОЮ ВІДПОВІДАЛЬНІСТЮ ""КИЇВХЛІБ""","ТОВ ""КИЇВХЛІБ""",ТОВАРИСТВО З ОБМЕЖЕНОЮ ВІДПОВІДАЛЬНІСТЮ,зареєстровано,26.04.2021; 26.04.2021; 1000711020000047644,
44480192,"ТОВАРИСТВО З ОБМЕЖЕНОЮ ВІДПОВІДАЛЬНІСТЮ ""ПРОДСНАБ-ВОСТОК""","ТОВ ""ПРОДСНАБ-ВОСТОК""",ТОВАРИСТВО З ОБМЕЖЕНОЮ ВІДПОВІДАЛЬНІСТЮ,зареєстровано,08.02.2022; 08.02.2022; 1004711020000028681,
44557830,"Комунальний заклад ""Центр розвитку фізкультури і спорту"" Сокільницької сільської ради Львівського району Львівської області","КЗ ""ЦРФіС"" Сокільницької с/р","КОМУНАЛЬНА ОРГАНІЗАЦІЯ (УСТАНОВА, ЗАКЛАД)",зареєстровано,24.11.2021; 24.11.2021; 1010261020000000317,
44634286,"ВІДДІЛ ОСВІТИ, МОЛОДІ, СПОРТУ ТА КУЛЬТУРИ СВАЛЯВСЬКОЇ МІСЬКОЇ РАДИ ЗАКАРПАТСЬКОЇ ОБЛАСТІ","ВІДДІЛ ОСВІТИ, МОЛОДІ, СПОРТУ ТА КУЛЬТУРИ СВАЛЯВСЬКОЇ МІСЬКОЇ РАДИ",ОРГАН МІСЦЕВОГО САМОВРЯДУВАННЯ,зареєстровано,21.01.2022; 21.01.2022; 1003231020000005090,
44651338,ТОВАРИСТВО З ОБМЕЖЕНОЮ ВІДПОВІДАЛЬНІСТЮ „КРИВКА”,ТОВ „КРИВКА”,ТОВАРИСТВО З ОБМЕЖЕНОЮ ВІДПОВІДАЛЬНІСТЮ,зареєстровано,19.01.2022; 19.01.2022; 1003251020000002250,
44725823,ДЕРЖАВНЕ ПІДПРИЄМСТВО МІНІСТЕРСТВА ОБОРОНИ УКРАЇНИ “АГЕНЦІЯ ОБОРОННИХ ЗАКУПІВЕЛЬ”,ДП “АГЕНЦІЯ ОБОРОННИХ ЗАКУПІВЕЛЬ”,ДЕРЖАВНЕ ПІДПРИЄМСТВО,в стані припинення,17.06.2022; 17.06.2022; 1000691020000047779,
44759962,"КОМУНАЛЬНА УСТАНОВА ""ЧЕЧЕЛЬНИЦЬКИЙ СЕЛИЩНИЙ ЦЕНТР НАДАННЯ СОЦІАЛЬНИХ ПОСЛУГ"" ЧЕЧЕЛЬНИЦЬКОЇ СЕЛИЩНОЇ РАДИ","КУ""ЧЕЧЕЛЬНИЦЬКИЙ ЦНСП""","КОМУНАЛЬНА ОРГАНІЗАЦІЯ (УСТАНОВА, ЗАКЛАД)",зареєстровано,19.05.2022; 19.05.2022; 1001501020000001135,
44905575,"ВІДДІЛ КУЛЬТУРИ, ТУРИЗМУ, МОЛОДІ ТА СПОРТУ РАВА-РУСЬКОЇ МІСЬКОЇ РАДИ ЛЬВІВСЬКОГО РАЙОНУ ЛЬВІВСЬКОЇ ОБЛАСТІ","ВІДДІЛ КУЛЬТУРИ, ТУРИЗМУ, МОЛОДІ ТА СПОРТУ РАВА-РУСЬКОЇ МІСЬКОЇ РАДИ",ОРГАН МІСЦЕВОГО САМОВРЯДУВАННЯ,зареєстровано,04.08.2022; 04.08.2022; 1003981360000003016,
44930156,"ТОВАРИСТВО З ОБМЕЖЕНОЮ ВІДПОВІДАЛЬНІСТЮ ""Вінпродплюс""","ТОВ ""Вінпродплюс""",ТОВАРИСТВО З ОБМЕЖЕНОЮ ВІДПОВІДАЛЬНІСТЮ,зареєстровано,10.06.2023; 10.06.2023; 1001741020000020104,
45057319,"ТОВАРИСТВО З ОБМЕЖЕНОЮ ВІДПОВІДАЛЬНІСТЮ ""КАНТРІ-САЙД""","ТОВ ""КАНТРІ-САЙД""",ТОВАРИСТВО З ОБМЕЖЕНОЮ ВІДПОВІДАЛЬНІСТЮ,зареєстровано,22.05.2023; 22.05.2023; 1000701020000098498,
45101336,"ТОВАРИСТВО З ОБМЕЖЕНОЮ ВІДПОВІДАЛЬНІСТЮ ""М'ЯСНИЙ АКЦЕНТ""","ТОВ ""М'ЯСНИЙ АКЦЕНТ""",ТОВАРИСТВО З ОБМЕЖЕНОЮ ВІДПОВІДАЛЬНІСТЮ,зареєстровано,09.12.2022; 09.12.2022; 1009041020000001326,
45122822,"ТОВАРИСТВО З ОБМЕЖЕНОЮ ВІДПОВІДАЛЬНІСТЮ ""КРАЇНА ВІЛЬНИХ""","ТОВ ""КРАЇНА ВІЛЬНИХ""",ТОВАРИСТВО З ОБМЕЖЕНОЮ ВІДПОВІДАЛЬНІСТЮ,зареєстровано,20.03.2023; 20.03.2023; 1001741020000019930,
45159276,"КОМУНАЛЬНА УСТАНОВА ""СЕРВІСНИЙ ОФІС ""ХАБ ВЕТЕРАН""","КУ ""СО ""ХАБ ВЕТЕРАН""","КОМУНАЛЬНА ОРГАНІЗАЦІЯ (УСТАНОВА, ЗАКЛАД)",зареєстровано,06.10.2023; 06.10.2023; 1005561020000083422,
45188915,"ТОВАРИСТВО З ОБМЕЖЕНОЮ ВІДПОВІДАЛЬНІСТЮ ""КОПІЛКА РИТЕЙЛ""","ТОВ ""КОПІЛКА РИТЕЙЛ""",ТОВАРИСТВО З ОБМЕЖЕНОЮ ВІДПОВІДАЛЬНІСТЮ,зареєстровано,15.02.2024; 15.02.2024; 1000221020000001615,
45207717,ТОВАРИСТВО З ОБМЕЖЕНОЮ ВІДПОВІДАЛЬНІСТЮ «НЕСТЕРОВ»,ТОВ «НЕСТЕРОВ» ,ТОВАРИСТВО З ОБМЕЖЕНОЮ ВІДПОВІДАЛЬНІСТЮ,зареєстровано,21.09.2023; 21.09.2023; 1002271020000021293,
45346906,"ТОВАРИСТВО З ОБМЕЖЕНОЮ ВІДПОВІДАЛЬНІСТЮ ""СМ-КАСКАД""","ТОВ ""СМ-КАСКАД""",ТОВАРИСТВО З ОБМЕЖЕНОЮ ВІДПОВІДАЛЬНІСТЮ,зареєстровано,29.08.2023; 29.08.2023; 1009951020000002056,
45366376,"КОМУНАЛЬНЕ ПІДПРИЄМСТВО «ФАБРИКА-КУХНЯ ""ГОТУЇМО""» БУЧАНСЬКОЇ МІСЬКОЇ РАДИ","КП «ФАБРИКА-КУХНЯ ""ГОТУЇМО""»",КОМУНАЛЬНЕ ПІДПРИЄМСТВО,зареєстровано,11.01.2024; 11.01.2024; 1003261020000002010,
45387401,"ВІДДІЛ ОСВІТИ, КУЛЬТУРИ, ТУРИЗМУ, МОЛОДІ ТА СПОРТУ ДІВИЧКІВСЬКОЇ СІЛЬСЬКОЇ РАДИ",ВОКТМС Дівичківської сільської ради,ОРГАН МІСЦЕВОГО САМОВРЯДУВАННЯ,зареєстровано,16.11.2023; 16.11.2023; 1003541020000009029,
45464585,"ТОВАРИСТВО З ОБМЕЖЕНОЮ ВІДПОВІДАЛЬНІСТЮ ""ДИКАНЬКАХЛІБ""","ТОВ ""ДИКАНЬКАХЛІБ""",ТОВАРИСТВО З ОБМЕЖЕНОЮ ВІДПОВІДАЛЬНІСТЮ,зареєстровано,08.07.2024; 08.07.2024; 1010911020000000382,
45521831,"ТОВАРИСТВО З ОБМЕЖЕНОЮ ВІДПОВІДАЛЬНІСТЮ ""ПАЛЯНИЦЯ СВ""","ТОВ ""ПАЛЯНИЦЯ СВ""",ТОВАРИСТВО З ОБМЕЖЕНОЮ ВІДПОВІДАЛЬНІСТЮ,зареєстровано,24.07.2024; 24.07.2024; 1006051020000002158,
45547949,ТОВАРИСТВО З ОБМЕЖЕНОЮ ВІДПОВІДАЛЬНІСТЮ «БЕНЕМІЛК»,ТОВ «БЕНЕМІЛК»,ТОВАРИСТВО З ОБМЕЖЕНОЮ ВІДПОВІДАЛЬНІСТЮ,зареєстровано,13.05.2024; 13.05.2024; 1010681020000000461,
45656012,"УПРАВЛІННЯ ОСВІТИ, КУЛЬТУРИ, ТУРИЗМУ, МОЛОДІ ТА СПОРТУ КОБЕЛЯЦЬКОЇ МІСЬКОЇ РАДИ",,ОРГАН МІСЦЕВОГО САМОВРЯДУВАННЯ,зареєстровано,19.09.2024; 19.09.2024; 1010911020000000415,
45668667,ПОЧАТКОВА ШКОЛА №12 БРОВАРСЬКОЇ МІСЬКОЇ РАДИ БРОВАРСЬКОГО РАЙОНУ КИЇВСЬКОЇ ОБЛАСТІ,ПОЧАТКОВА ШКОЛА №12 ,"КОМУНАЛЬНА ОРГАНІЗАЦІЯ (УСТАНОВА, ЗАКЛАД)",зареєстровано,04.06.2025; 04.06.2025; 1010231020000001111,
45708270,"ТОВАРИСТВО З ОБМЕЖЕНОЮ ВІДПОВІДАЛЬНІСТЮ ""Екофудторг""","ТОВ ""Екофудторг""",ТОВАРИСТВО З ОБМЕЖЕНОЮ ВІДПОВІДАЛЬНІСТЮ,зареєстровано,10.12.2024; 10.12.2024; 1002271020000021946,
45909565,"ТОВАРИСТВО З ОБМЕЖЕНОЮ ВІДПОВІДАЛЬНІСТЮ ""АГРООВОЧ ТРЕЙД""","ТОВ ""АГРООВОЧ ТРЕЙД""",ТОВАРИСТВО З ОБМЕЖЕНОЮ ВІДПОВІДАЛЬНІСТЮ,зареєстровано,15.11.2024; 15.11.2024; 1000671020000038414,
45955852,"ТОВАРИСТВО З ОБМЕЖЕНОЮ ВІДПОВІДАЛЬНІСТЮ ""ВЕЛСФУД""","ТОВ ""ВЕЛСФУД""",ТОВАРИСТВО З ОБМЕЖЕНОЮ ВІДПОВІДАЛЬНІСТЮ,зареєстровано,20.11.2025; 20.11.2025; 1010321020000000919,
45989090,"ТОВАРИСТВО З ОБМЕЖЕНОЮ ВІДПОВІДАЛЬНІСТЮ ""Гео-Лен""","ТОВ ""Гео-Лен""",ТОВАРИСТВО З ОБМЕЖЕНОЮ ВІДПОВІДАЛЬНІСТЮ,зареєстровано,21.10.2025; 21.10.2025; 1003051020000019900,
45998849,"ТОВАРИСТВО З ОБМЕЖЕНОЮ ВІДПОВІДАЛЬНІСТЮ ""Гурт плюс +""","ТОВ ""Гурт+""",ТОВАРИСТВО З ОБМЕЖЕНОЮ ВІДПОВІДАЛЬНІСТЮ,зареєстровано,22.01.2026; 22.01.2026; 1010351020000021892,
46000111,"ТОВАРИСТВО З ОБМЕЖЕНОЮ ВІДПОВІДАЛЬНІСТЮ ""МИРГПРОДТОРГ""","ТОВ ""МИРГПРОДТОРГ""",ТОВАРИСТВО З ОБМЕЖЕНОЮ ВІДПОВІДАЛЬНІСТЮ,зареєстровано,18.11.2025; 18.11.2025; 1010441020000000101,
46039814,"ТОВАРИСТВО З ОБМЕЖЕНОЮ ВІДПОВІДАЛЬНІСТЮ ""СЕРВІСПРОДТОРГ""","ТОВ ""СЕРВІСПРОДТОРГ""",ТОВАРИСТВО З ОБМЕЖЕНОЮ ВІДПОВІДАЛЬНІСТЮ,зареєстровано,01.10.2025; 01.10.2025; 1000711020000052983,
46114744,"ТОВАРИСТВО З ОБМЕЖЕНОЮ ВІДПОВІДАЛЬНІСТЮ ""ЧізМілк""","ТОВ ""ЧізМілк""",ТОВАРИСТВО З ОБМЕЖЕНОЮ ВІДПОВІДАЛЬНІСТЮ,зареєстровано,18.09.2025; 18.09.2025; 1000741020000110887,
46185003,ВІДДІЛ ОСВІТИ ФУРСІВСЬКОЇ СІЛЬСЬКОЇ РАДИ,,ОРГАН МІСЦЕВОГО САМОВРЯДУВАННЯ,зареєстровано,24.06.2026; 24.06.2026; 1003531020000011116,
