tender_id,tenderID,date_created,status,cpv_id,value_amount,value_currency,procuring_entity_name,procuring_entity_edrpou,region
66868c9af41c4011a37619f9b84e563c,UA-2026-08-22-000227-a,2026-08-22T12:11:32.891316+03:00,complete,15220000-6,15250.0,UAH,КЗ БОРЖАВСЬКА ГІМНАЗІЯ БЕРЕГІВСЬКОЇ МІСЬКОЇ РАДИ ЗАКАРПАТСЬКОЇ ОБЛАСТІ,26098858,Закарпатська область
d7afcfbfc050442ca8616e6b59f5071b,UA-2026-08-18-005255-a,2026-08-18T12:21:35.537084+03:00,active.qualification,15510000-6,92500.0,UAH,ПОЛТАВСЬКИЙ НАВЧАЛЬНО-ВИХОВНИЙ КОМПЛЕКС (ЗНЗ - ДНЗ) №16 ПОЛТАВСЬКОЇ МІСЬКОЇ РАДИ ПОЛТАВСЬКОЇ ОБЛАСТІ,26304973,Полтавська область
2ef58f5ac07a473db7e4fbb9f2380020,UA-2026-08-19-005256-a,2026-08-19T12:14:38.145674+03:00,active.qualification,15510000-6,43882.5,UAH,Відділ освіти Квітневої сільської ради,41456900,Житомирська область
5a235985846349a58723cff1438cf557,UA-2026-08-19-005010-a,2026-08-19T12:03:13.468802+03:00,active.qualification,15220000-6,110753.0,UAH,Білоцерківський гетьманський ліцей-гімназія  Білоцерківської міської ради Київської області,26147924,Київська область
ef0e7568a2fa47ce8dd8a8f2a654c17d,UA-2026-08-19-009584-a,2026-08-19T15:14:49.819525+03:00,active.qualification,15110000-2,167791.2,UAH,Сереховичівська сільська рада,04332851,Волинська область
954b4e20b16547f78ab2facc0cbb9b75,UA-2026-08-19-010385-a,2026-08-19T15:41:57.365305+03:00,active.qualification,15540000-5,95340.0,UAH,Сереховичівська сільська рада,04332851,Волинська область
e97e194c66084fdcb169fa02edd5a231,UA-2026-08-22-000197-a,2026-08-22T11:41:43.413767+03:00,complete,15110000-2,62573.0,UAH,КЗ БОРЖАВСЬКА ГІМНАЗІЯ БЕРЕГІВСЬКОЇ МІСЬКОЇ РАДИ ЗАКАРПАТСЬКОЇ ОБЛАСТІ,26098858,Закарпатська область
c316f7296846438da781b62bc51b10ba,UA-2026-08-19-004697-a,2026-08-19T11:50:35.426181+03:00,active.qualification,15110000-2,450089.0,UAH,Білоцерківський гетьманський ліцей-гімназія  Білоцерківської міської ради Київської області,26147924,Київська область
8d22479663c24612946a778c1c6e21d0,UA-2026-08-18-004178-a,2026-08-18T11:38:26.870089+03:00,active.tendering,15540000-5,705000.0,UAH,військова частина А3723,22999932,Київська область
2f0f3d7fa2574e728a152d327b929dd1,UA-2026-08-22-000196-a,2026-08-22T11:40:23.911949+03:00,active.tendering,15130000-8,1405385.0,UAH,ВІЙСЬКОВА ЧАСТИНА 3029 НАЦІОНАЛЬНОЇ ГВАРДІЇ УКРАЇНИ,08803661,Запорізька область
431890b2ef5d4bbeaceba73cb3ff2e8e,UA-2026-08-19-004458-a,2026-08-19T11:42:54.614940+03:00,active.qualification,15540000-5,164838.0,UAH,Білоцерківський гетьманський ліцей-гімназія  Білоцерківської міської ради Київської області,26147924,Київська область
d1b0c760efb340c1bd327bdabe7c8776,UA-2026-08-18-003529-a,2026-08-18T11:17:37.176470+03:00,active.tendering,15850000-1,240000.0,UAH,військова частина А3723,22999932,Київська область
7c9ce0132694479fa47533e720efb8b7,UA-2026-08-18-003099-a,2026-08-18T11:03:04.065328+03:00,active.tendering,15610000-7,721816.67,UAH,військова частина А3723,22999932,Київська область
088f7ceb1a1f4558bb953304510a89a8,UA-2026-08-22-000155-a,2026-08-22T10:54:17.306940+03:00,complete,15870000-7,14384.0,UAH,"Хустська спеціальна школа І-ІІІ ступенів Закарпатської обласної ради
",20453376,Закарпатська область
3314c8498c4a41fdb4c9148f72532863,UA-2026-08-19-002896-a,2026-08-19T10:51:23.430352+03:00,active.qualification,15320000-7,58582.5,UAH,"Кременчуцька гімназія № 16 Кременчуцької міської ради Кременчуцького району Полтавської області
",23554037,Полтавська область
b73aaff037ad4c8fa04f464e4bf83cde,UA-2026-08-19-002471-a,2026-08-19T10:37:37.080456+03:00,active.qualification,15610000-7,68354.94,UAH,"Кременчуцька гімназія № 16 Кременчуцької міської ради Кременчуцького району Полтавської області
",23554037,Полтавська область
3fc2bcee783f496694e89973513987e0,UA-2026-08-19-002298-a,2026-08-19T10:31:16.369975+03:00,active.qualification,15330000-0,12600.0,UAH,"ДЕРЖАВНА УСТАНОВА ""ДНІПРОВСЬКА ВИПРАВНА  КОЛОНІЯ (№89)",08562909,Дніпропетровська область
e2c2e279dc0948bdb636d46ad24a175e,UA-2026-08-22-000142-a,2026-08-22T10:33:18.694351+03:00,active.tendering,15550000-8,93000.0,UAH,КРИВОРІЗЬКИЙ ФАХОВИЙ КОЛЕДЖ НАЦІОНАЛЬНОГО  УНІВЕРСИТЕТУ «КИЇВСЬКИЙ АВІАЦІЙНИЙ ІНСТИТУТ»,45875458,Дніпропетровська область
23a7085e81d24b809edd0f0086922c14,UA-2026-08-22-000141-a,2026-08-22T10:32:55.871793+03:00,complete,15810000-9,16639.0,UAH,"Хустська спеціальна школа І-ІІІ ступенів Закарпатської обласної ради
",20453376,Закарпатська область
67595e8930bb4db9b01963d0cbcbac5c,UA-2026-08-19-011976-a,2026-08-19T16:39:01.871804+03:00,active.awarded,15540000-5,175000.0,UAH,Новомиргородська міська рада ,04055104,Кіровоградська область
a7212f0bba2e44b28d462074157aa308,UA-2026-08-22-000130-a,2026-08-22T10:26:11.416893+03:00,complete,15820000-2,1350.0,UAH,"Хустська спеціальна школа І-ІІІ ступенів Закарпатської обласної ради
",20453376,Закарпатська область
27a668cb917545c7b33389ef6df5c04e,UA-2026-08-19-012579-a,2026-08-19T17:09:59.345769+03:00,active.awarded,15610000-7,28333.33,UAH,Новомиргородська міська рада ,04055104,Кіровоградська область
1e9f92c3993f400c8845e84b232561d2,UA-2026-08-22-000128-a,2026-08-22T10:22:20.105335+03:00,active.tendering,15510000-6,97500.0,UAH,КРИВОРІЗЬКИЙ ФАХОВИЙ КОЛЕДЖ НАЦІОНАЛЬНОГО  УНІВЕРСИТЕТУ «КИЇВСЬКИЙ АВІАЦІЙНИЙ ІНСТИТУТ»,45875458,Дніпропетровська область
01c012ada33a44ef8c5553cc0978922a,UA-2026-08-22-000119-a,2026-08-22T10:13:15.127751+03:00,complete,15840000-8,13500.0,UAH,"Хустська спеціальна школа І-ІІІ ступенів Закарпатської обласної ради
",20453376,Закарпатська область
f957c2b4c60d4a459e9dffe3dc9de3d6,UA-2026-08-19-009123-a,2026-08-19T15:00:34.356251+03:00,active.qualification,15850000-1,35618.0,UAH,"МЕДИЧНИЙ РЕАБІЛІТАЦІЙНИЙ ЦЕНТР МВС УКРАЇНИ ""ПЕРЛИНА ПРИКАРПАТТЯ""",20760948,Львівська область
62c9c4b180b24cd6abb004d53454c956,UA-2026-08-19-009879-a,2026-08-19T15:24:36.277769+03:00,active.qualification,15550000-8,3068.0,UAH,"КЗ ""Ковалівський ліцей"" Немирівської міської ради",25495497,Вінницька область
6ddebd491fa14283bef5e867a481cb33,UA-2026-08-19-011045-a,2026-08-19T16:02:49.764396+03:00,active.qualification,15320000-7,104304.0,UAH,"КЗ ""Ковалівський ліцей"" Немирівської міської ради",25495497,Вінницька область
242add6a4c6b4a708e6b10341f1b64a4,UA-2026-08-19-008151-a,2026-08-19T14:28:50.170115+03:00,active.qualification,15540000-5,65410.0,UAH,"КЗ ""Ковалівський ліцей"" Немирівської міської ради",25495497,Вінницька область
23a86f178af146bb906f5a660344d396,UA-2026-08-19-004950-a,2026-08-19T12:00:56.197792+03:00,active.qualification,15220000-6,124200.0,UAH,"КЗ ""Ковалівський ліцей"" Немирівської міської ради",25495497,Вінницька область
e948dcb8f3c6496cb0213f2c877945b4,UA-2026-08-18-008519-a,2026-08-18T14:45:56.686156+03:00,active.qualification,15540000-5,264620.0,UAH,"Опорний заклад ""Вишнівський ліцей"" Вишнівської сільської ради",23018304,Волинська область
5639649923ea4d6793d896621e8a6285,UA-2026-08-22-000106-a,2026-08-22T09:59:08.971585+03:00,complete,15620000-0,800.0,UAH,"Хустська спеціальна школа І-ІІІ ступенів Закарпатської обласної ради
",20453376,Закарпатська область
3c4a07f3d5344e8cbda79ebe31dcd01c,UA-2026-08-17-012686-a,2026-08-17T21:23:00.752713+03:00,active.awarded,15220000-6,275000.0,UAH,НО­ВО­СІЛ­КІВ­СЬКИЙ АКАДЕМІЧНИЙ ЛІЦЕЙ «ЕРУДИТ» ЧАБАНІВСЬКОЇ СЕЛИЩНОЇ РАДИ ФАСТІВСЬКОГО РАЙОНУ КИЇВСЬКОЇ ОБЛАСТІ,25658485,Київська область
394c0862e012420e87263a99d3bede15,UA-2026-08-22-000102-a,2026-08-22T09:47:24.799677+03:00,complete,15610000-7,24989.0,UAH,"Хустська спеціальна школа І-ІІІ ступенів Закарпатської обласної ради
",20453376,Закарпатська область
e4ce3ec82feb4b9e8d9b3d5bbe6ff21f,UA-2026-08-22-000063-a,2026-08-22T08:48:16.553733+03:00,complete,15330000-0,99820.0,UAH,КРИВОРІЗЬКИЙ ЛІЦЕЙ БЕЗПЕКОВОГО СПРЯМУВАННЯ ТА НАЦІОНАЛЬНО-ПАТРІОТИЧНОГО ВИХОВАННЯ МІНІСТЕРСТВА ВНУТРІШНІХ СПРАВ УКРАЇНИ,08590768,Дніпропетровська область
c4cfb63e6c064d39bf36871e6cbd62a3,UA-2026-08-18-003900-a,2026-08-18T11:30:21.300840+03:00,active.awarded,15110000-2,4889930.0,UAH," УПРАВЛІННЯ ОСВІТИ, РЕЛІГІЙ ТА У СПРАВАХ НАЦІОНАЛЬНОСТЕЙ ВИКОНАВЧОГО КОМІТЕТУ ХУСТСЬКОЇ МІСЬКОЇ РАДИ",33763070,Закарпатська область
9a0a8598e82b4811b4d8ef72fc5a7108,UA-2026-08-18-005856-a,2026-08-18T12:53:13.877836+03:00,active.awarded,15330000-0,259343.67,UAH," УПРАВЛІННЯ ОСВІТИ, РЕЛІГІЙ ТА У СПРАВАХ НАЦІОНАЛЬНОСТЕЙ ВИКОНАВЧОГО КОМІТЕТУ ХУСТСЬКОЇ МІСЬКОЇ РАДИ",33763070,Закарпатська область
58b3da3ca4a947008cc3b981471d10b5,UA-2026-08-18-006280-a,2026-08-18T13:18:15.124992+03:00,active.awarded,15850000-1,28916.67,UAH," УПРАВЛІННЯ ОСВІТИ, РЕЛІГІЙ ТА У СПРАВАХ НАЦІОНАЛЬНОСТЕЙ ВИКОНАВЧОГО КОМІТЕТУ ХУСТСЬКОЇ МІСЬКОЇ РАДИ",33763070,Закарпатська область
bb3f235cca3840df8b8946f915aa8128,UA-2026-08-18-008155-a,2026-08-18T14:34:31.825647+03:00,active.awarded,15320000-7,647425.0,UAH," УПРАВЛІННЯ ОСВІТИ, РЕЛІГІЙ ТА У СПРАВАХ НАЦІОНАЛЬНОСТЕЙ ВИКОНАВЧОГО КОМІТЕТУ ХУСТСЬКОЇ МІСЬКОЇ РАДИ",33763070,Закарпатська область
06032a78799b4527b0daeab20dad2643,UA-2026-08-18-008839-a,2026-08-18T14:56:48.890054+03:00,active.awarded,15870000-7,11266.67,UAH," УПРАВЛІННЯ ОСВІТИ, РЕЛІГІЙ ТА У СПРАВАХ НАЦІОНАЛЬНОСТЕЙ ВИКОНАВЧОГО КОМІТЕТУ ХУСТСЬКОЇ МІСЬКОЇ РАДИ",33763070,Закарпатська область
8be5906dff7940fe9fdcd19747131262,UA-2026-08-18-009609-a,2026-08-18T15:20:28.188583+03:00,active.awarded,15220000-6,453333.33,UAH," УПРАВЛІННЯ ОСВІТИ, РЕЛІГІЙ ТА У СПРАВАХ НАЦІОНАЛЬНОСТЕЙ ВИКОНАВЧОГО КОМІТЕТУ ХУСТСЬКОЇ МІСЬКОЇ РАДИ",33763070,Закарпатська область
fb34ef4ccb5c4234ae034446b0253a60,UA-2026-08-18-010347-a,2026-08-18T15:42:32.284332+03:00,active.awarded,15420000-8,289600.0,UAH," УПРАВЛІННЯ ОСВІТИ, РЕЛІГІЙ ТА У СПРАВАХ НАЦІОНАЛЬНОСТЕЙ ВИКОНАВЧОГО КОМІТЕТУ ХУСТСЬКОЇ МІСЬКОЇ РАДИ",33763070,Закарпатська область
571b98613e534a1fa6d5223d37bed5fc,UA-2026-08-22-000086-a,2026-08-22T09:33:28.944699+03:00,complete,15530000-2,25500.0,UAH,"Хустська спеціальна школа І-ІІІ ступенів Закарпатської обласної ради
",20453376,Закарпатська область
2483781413344cd480c1af9200dc7ac4,UA-2026-08-18-011348-a,2026-08-18T16:16:29.086626+03:00,active.awarded,15620000-0,8385.0,UAH," УПРАВЛІННЯ ОСВІТИ, РЕЛІГІЙ ТА У СПРАВАХ НАЦІОНАЛЬНОСТЕЙ ВИКОНАВЧОГО КОМІТЕТУ ХУСТСЬКОЇ МІСЬКОЇ РАДИ",33763070,Закарпатська область
37eb64b92c91488eac1a09e402430361,UA-2026-08-18-011831-a,2026-08-18T16:36:11.371111+03:00,active.awarded,15510000-6,55558.33,UAH," УПРАВЛІННЯ ОСВІТИ, РЕЛІГІЙ ТА У СПРАВАХ НАЦІОНАЛЬНОСТЕЙ ВИКОНАВЧОГО КОМІТЕТУ ХУСТСЬКОЇ МІСЬКОЇ РАДИ",33763070,Закарпатська область
2452a88fc4664f9691e1c4caef3bc402,UA-2026-08-18-013441-a,2026-08-18T20:52:44.385581+03:00,active.awarded,15550000-8,365362.5,UAH," УПРАВЛІННЯ ОСВІТИ, РЕЛІГІЙ ТА У СПРАВАХ НАЦІОНАЛЬНОСТЕЙ ВИКОНАВЧОГО КОМІТЕТУ ХУСТСЬКОЇ МІСЬКОЇ РАДИ",33763070,Закарпатська область
f0a42d3071a1416a81fc5d83efc8d3ed,UA-2026-08-19-000163-a,2026-08-19T08:24:37.319414+03:00,active.awarded,15540000-5,2752701.67,UAH," УПРАВЛІННЯ ОСВІТИ, РЕЛІГІЙ ТА У СПРАВАХ НАЦІОНАЛЬНОСТЕЙ ВИКОНАВЧОГО КОМІТЕТУ ХУСТСЬКОЇ МІСЬКОЇ РАДИ",33763070,Закарпатська область
b487748aa3bb491e94383be9b05902fc,UA-2026-08-19-000245-a,2026-08-19T08:37:21.089642+03:00,active.awarded,15530000-2,330429.17,UAH," УПРАВЛІННЯ ОСВІТИ, РЕЛІГІЙ ТА У СПРАВАХ НАЦІОНАЛЬНОСТЕЙ ВИКОНАВЧОГО КОМІТЕТУ ХУСТСЬКОЇ МІСЬКОЇ РАДИ",33763070,Закарпатська область
37273bac30384632ab86c022da99cfa4,UA-2026-08-19-000951-a,2026-08-19T09:31:37.663544+03:00,active.qualification,15530000-2,137800.0,UAH,Військова частина А2798,08509140,
fb723c51ae6d4c1cb7c0a148e816dae9,UA-2026-08-19-000381-a,2026-08-19T08:50:10.484315+03:00,active.awarded,15820000-2,46637.5,UAH," УПРАВЛІННЯ ОСВІТИ, РЕЛІГІЙ ТА У СПРАВАХ НАЦІОНАЛЬНОСТЕЙ ВИКОНАВЧОГО КОМІТЕТУ ХУСТСЬКОЇ МІСЬКОЇ РАДИ",33763070,Закарпатська область
d70fef29ec88413baacc0da163554103,UA-2026-08-22-000084-a,2026-08-22T09:26:53.040811+03:00,complete,15890000-3,1155.0,UAH,"Хустська спеціальна школа І-ІІІ ступенів Закарпатської обласної ради
",20453376,Закарпатська область
3304fa3d471a4bdd9d0a9a402743e376,UA-2026-08-19-000827-a,2026-08-19T09:24:50.972133+03:00,active.awarded,15810000-9,506016.67,UAH," УПРАВЛІННЯ ОСВІТИ, РЕЛІГІЙ ТА У СПРАВАХ НАЦІОНАЛЬНОСТЕЙ ВИКОНАВЧОГО КОМІТЕТУ ХУСТСЬКОЇ МІСЬКОЇ РАДИ",33763070,Закарпатська область
d3118bcc39f4468b8717dc44995b691d,UA-2026-08-19-001551-a,2026-08-19T10:01:53.214850+03:00,active.awarded,15840000-8,164812.5,UAH," УПРАВЛІННЯ ОСВІТИ, РЕЛІГІЙ ТА У СПРАВАХ НАЦІОНАЛЬНОСТЕЙ ВИКОНАВЧОГО КОМІТЕТУ ХУСТСЬКОЇ МІСЬКОЇ РАДИ",33763070,Закарпатська область
47427b3202b44d7eaf7160cd8aa2d4cb,UA-2026-08-22-000079-a,2026-08-22T09:19:31.273396+03:00,complete,15320000-7,38000.0,UAH,"Хустська спеціальна школа І-ІІІ ступенів Закарпатської обласної ради
",20453376,Закарпатська область
a868dc3d57f24a0ebce525f1632f93f3,UA-2026-08-22-000077-a,2026-08-22T09:13:16.890431+03:00,complete,15860000-4,450.0,UAH,"Хустська спеціальна школа І-ІІІ ступенів Закарпатської обласної ради
",20453376,Закарпатська область
8167ab436228419d930e2978e2cd81f3,UA-2026-08-22-000072-a,2026-08-22T09:06:18.788250+03:00,complete,15830000-5,4600.0,UAH,"Хустська спеціальна школа І-ІІІ ступенів Закарпатської обласної ради
",20453376,Закарпатська область
34f7e7daee264a1399169509e82dc781,UA-2026-08-19-006247-a,2026-08-19T13:07:30.550901+03:00,active.qualification,15110000-2,567500.0,UAH,КНЯЖИЦЬКИЙ ЛІЦЕЙ БРОВАРСЬКОЇ МІСЬКОЇ РАДИ БРОВАРСЬКОГО РАЙОНУ КИЇВСЬКОЇ ОБЛАСТІ,25299980,Київська область
700b670929bd41e68772ee37404012ad,UA-2026-08-19-001248-a,2026-08-19T09:47:49.530900+03:00,active.qualification,15530000-2,15750.0,UAH,КЗ Чортківський ліцей №5 Чортківської міської ради Тернопільської області,24618963,Тернопільська область
249c344391d34397ac90769fb95c5150,UA-2026-08-19-012851-a,2026-08-19T17:34:27.905988+03:00,active.qualification,15220000-6,278915.25,UAH,Яготинський ліцей №2 Яготинської міської ради,24892121,Київська область
53ca41116962444f88f9ebe4de68ab49,UA-2026-08-19-013488-a,2026-08-19T19:52:24.023951+03:00,active.qualification,15510000-6,358701.0,UAH,УПРАВЛІННЯ ОСВІТИ БІЛГОРОД-ДНІСТРОВСЬКОЇ МІСЬКОЇ РАДИ,20989154,Одеська область
9e2e5d8273d94026a7646aff3fc337c9,UA-2026-08-19-011493-a,2026-08-19T16:19:37.903033+03:00,active.qualification,15330000-0,8352.08,UAH,"Комунальний заклад ""Центр соціально - психологічної реабілітації дітей"" Полтавської обласної ради",22547644,Полтавська область
8e8c1bd8982b421093fd3af1daebcdc0,UA-2026-08-19-013361-a,2026-08-19T18:59:44.961156+03:00,active.qualification,15110000-2,525758.33,UAH,Яготинський ліцей №2 Яготинської міської ради,24892121,Київська область
bc344f4ebd1b4a6ab76435858a087006,UA-2026-08-19-000547-a,2026-08-19T09:04:57.740122+03:00,active.qualification,15540000-5,33420.0,UAH,КЗ Чортківський ліцей №5 Чортківської міської ради Тернопільської області,24618963,Тернопільська область
7a8f2d5db90e4078bfb99f7a68a90a52,UA-2026-08-19-000905-a,2026-08-19T09:29:01.889906+03:00,active.qualification,15510000-6,39600.0,UAH,КЗ Чортківський ліцей №5 Чортківської міської ради Тернопільської області,24618963,Тернопільська область
7eb50d3620d94385a70488c72fb7fd18,UA-2026-08-18-006750-a,2026-08-18T13:41:28.697230+03:00,active.qualification,15810000-9,87266.67,UAH,"КОМУНАЛЬНЕ НЕКОМЕРЦІЙНЕ ПІДПРИЄМСТВО ""ХЕРСОНСЬКА МІСЬКА КЛІНІЧНА ЛІКАРНЯ ІМЕНІ О.С.ЛУЧАНСЬКОГО"" ХЕРСОНСЬКОЇ МІСЬКОЇ РАДИ",05396876,Херсонська область
0a305bd0a9054b95915287023e50be3d,UA-2026-08-19-005617-a,2026-08-19T12:34:07.214918+03:00,active.qualification,15510000-6,17300.0,UAH,"Відділ освіти, культури і туризму, молоді та спорту Шегинівської сільської ради Яворівського району Львівської області",41066555,Львівська область
667aa0765ed3411b828ddb78b5dbdade,UA-2026-08-19-001530-a,2026-08-19T10:00:47.078891+03:00,active.qualification,15550000-8,6000.0,UAH,КЗ Чортківський ліцей №5 Чортківської міської ради Тернопільської області,24618963,Тернопільська область
dcae286363f74b21801ff09222e50628,UA-2026-08-19-009083-a,2026-08-19T14:59:25.046021+03:00,active.qualification,15550000-8,56265.0,UAH,"Відділ освіти, культури і туризму, молоді та спорту Шегинівської сільської ради Яворівського району Львівської області",41066555,Львівська область
d58e25c7b5db4480ade3619e5a06350e,UA-2026-08-19-011893-a,2026-08-19T16:35:56.968803+03:00,active.qualification,15320000-7,30775.0,UAH,"Комунальний заклад ""Центр соціально - психологічної реабілітації дітей"" Полтавської обласної ради",22547644,Полтавська область
e5524bcde97443a7ad05dce5330f8af2,UA-2026-08-19-013698-a,2026-08-19T21:12:59.875543+03:00,active.qualification,15550000-8,366361.63,UAH,УПРАВЛІННЯ ОСВІТИ БІЛГОРОД-ДНІСТРОВСЬКОЇ МІСЬКОЇ РАДИ,20989154,Одеська область
bab561b4092d43b6a8a4084f2a8dd42f,UA-2026-08-22-000069-a,2026-08-22T08:58:47.650623+03:00,complete,15420000-8,9350.0,UAH,"Хустська спеціальна школа І-ІІІ ступенів Закарпатської обласної ради
",20453376,Закарпатська область
1425b33e75014c8ebf0ddcb2d054b40d,UA-2026-08-22-000056-a,2026-08-22T08:26:15.699847+03:00,active.tendering,15330000-0,179330.0,UAH,"КОМУНАЛЬНИЙ ЗАКЛАД ЗАГАЛЬНОЇ СЕРЕДНЬОЇ ОСВІТИ ""ЛІЦЕЙ №1 С. ПЕТРОПАВЛІВСЬКА БОРЩАГІВКА"" БОРЩАГІВСЬКОЇ СІЛЬСЬКОЇ РАДИ БУЧАНСЬКОГО РАЙОНУ КИЇВСЬКОЇ ОБЛАСТІ",42985994,Київська область
f9523f719c4941cbb1ed72237d05e511,UA-2026-08-14-010985-a,2026-08-14T16:49:20.018545+03:00,active.qualification,15811100-7,43357.93,UAH,Міжгірська селищна рада,04350910,Закарпатська область
d113d78396824d8bb5a8ba9223a500ba,UA-2026-08-14-008301-a,2026-08-14T14:49:12.646251+03:00,active.qualification,15820000-2,72810.0,UAH,Військова частина 1560,43331273,Одеська область
4a63e4f1a1f940b9a1dcb380011a2157,UA-2026-08-19-013828-a,2026-08-19T22:04:13.112992+03:00,active.qualification,15610000-7,45775.02,UAH,ВИКОНАВЧИЙ КОМІТЕТ СЕНЧАНСЬКОЇ СІЛЬСЬКОЇ РАДИ,41830654,Полтавська область
f2ba3e37a3fd4f69b87d5b03add4dbf7,UA-2026-08-19-008379-a,2026-08-19T14:36:57.995255+03:00,active.qualification,15220000-6,22750.0,UAH,"ВІДДІЛ ОСВІТИ, СІМ'Ї, МОЛОДІ, СПОРТУ, КУЛЬТУРИ І ТУРИЗМУ ОЛЬГОПІЛЬСЬКОЇ СІЛЬСЬКОЇ РАДИ",44072142,Вінницька область
6d31371d3685424dbe0e0bd0965599bd,UA-2026-08-19-014064-a,2026-08-19T23:44:51.229063+03:00,active.qualification,15540000-5,140611.67,UAH,ВИКОНАВЧИЙ КОМІТЕТ СЕНЧАНСЬКОЇ СІЛЬСЬКОЇ РАДИ,41830654,Полтавська область
5dff07603e0641e8bcea0070cf2c2ab0,UA-2026-08-19-002876-a,2026-08-19T10:50:48.737341+03:00,active.qualification,15330000-0,3500.0,UAH,Уланівський ліцей Уланівської сільської ради,20087813,Вінницька область
fe4ed840d51f4e04a7e35d6f6b9b2e2c,UA-2026-08-19-006236-a,2026-08-19T13:07:04.772671+03:00,active.qualification,15220000-6,107000.0,UAH,Уланівський ліцей Уланівської сільської ради,20087813,Вінницька область
4d344d0009d241c890fb2872ef20293f,UA-2026-08-19-004772-a,2026-08-19T11:54:14.709725+03:00,active.qualification,15320000-7,43333.33,UAH,Уланівський ліцей Уланівської сільської ради,20087813,Вінницька область
0f927a1cdd0f4154a633c38b1b5cdc15,UA-2026-08-19-002632-a,2026-08-19T10:43:02.473847+03:00,active.qualification,15110000-2,684860.0,UAH,"Відділ освіти, культури, молоді та спорту Корюківської міської ради",41086985,Чернігівська область
4a4e5cafcb2c40fb8ed0d595fcf96eb5,UA-2026-08-19-010226-a,2026-08-19T15:36:30.103541+03:00,active.qualification,15330000-0,158462.5,UAH,"Відділ освіти, культури, молоді та спорту Корюківської міської ради",41086985,Чернігівська область
731cc7b0abe44dfcbcd6b913e0d6ce0a,UA-2026-08-14-001576-a,2026-08-14T09:59:57.738479+03:00,active.qualification,15320000-7,110000.0,UAH,ВІДДІЛ З ГУМАНІТАРНИХ ПИТАНЬ ВИКОНАВЧОГО КОМІТЕТУ УЛАШАНІВСЬКОЇ СІЛЬСЬКОЇ РАДИ,43205042,Хмельницька область
800c9477570440f2bbea82b7dbb3fc2d,UA-2026-08-19-002922-a,2026-08-19T10:52:17.094482+03:00,active.qualification,15110000-2,315042.0,UAH,"КОМУНАЛЬНИЙ ЗАКЛАД ""ЖМЕРИНСЬКИЙ ЛІЦЕЙ №5""",23064971,Вінницька область
2bbce3ee3ea5443683ee1360a2696c20,UA-2026-08-19-007322-a,2026-08-19T13:58:11.798708+03:00,active.qualification,15330000-0,35750.0,UAH,Уланівський ліцей Уланівської сільської ради,20087813,Вінницька область
71db0517b44c48a09f12277d0debeecc,UA-2026-08-19-004929-a,2026-08-19T12:00:25.439442+03:00,active.qualification,15420000-8,46428.33,UAH,"Відділ освіти, культури, молоді та спорту Корюківської міської ради",41086985,Чернігівська область
81b6a7f2079f417882a789fb0be3fe4b,UA-2026-08-19-009560-a,2026-08-19T15:14:10.024725+03:00,unsuccessful,15810000-9,105212.5,UAH,"Відділ освіти, культури, молоді та спорту Корюківської міської ради",41086985,Чернігівська область
85bd3fa4d11f488380ac0ee8701ef2f4,UA-2026-08-19-009220-a,2026-08-19T15:03:28.695326+03:00,active.qualification,15610000-7,38825.0,UAH,Уланівський ліцей Уланівської сільської ради,20087813,Вінницька область
2b343f879f6b4e99818f6cee030fcec8,UA-2026-08-19-005723-a,2026-08-19T12:38:47.894728+03:00,active.qualification,15540000-5,332486.67,UAH,"Відділ освіти, культури, молоді та спорту Корюківської міської ради",41086985,Чернігівська область
2fa4a11dbe8145bd91b62bf5207577de,UA-2026-08-19-005192-a,2026-08-19T12:12:09.409094+03:00,active.qualification,15550000-8,94500.0,UAH,"КОМУНАЛЬНЕ НЕКОМЕРЦІЙНЕ ПІДПРИЄМСТВО ""ВІННИЦЬКА ОБЛАСНА КЛІНІЧНА ЛІКАРНЯ ІМ. М.І. ПИРОГОВА ВІННИЦЬКОЇ ОБЛАСНОЇ РАДИ""",02011031,Вінницька область
6bb8459a31574b9cbef6e93ce63eabf2,UA-2026-08-14-000837-a,2026-08-14T09:21:17.092886+03:00,active.qualification,15220000-6,135000.0,UAH,ВІДДІЛ З ГУМАНІТАРНИХ ПИТАНЬ ВИКОНАВЧОГО КОМІТЕТУ УЛАШАНІВСЬКОЇ СІЛЬСЬКОЇ РАДИ,43205042,Хмельницька область
f9b6af3252ed4009bd6202ce00d0a043,UA-2026-08-19-001666-a,2026-08-19T10:06:55.687750+03:00,active.qualification,15110000-2,317083.33,UAH,Уланівський ліцей Уланівської сільської ради,20087813,Вінницька область
36948529233a4226a87cd6552fbaab0c,UA-2026-08-19-008919-a,2026-08-19T14:53:45.764197+03:00,active.qualification,15540000-5,13458.33,UAH,"Комунальне некомерційне підприємство ""Гадяцька міська центральна лікарня"" Гадяцької міської ради",01999218,Полтавська область
b7a58174bf26400c95665853cca0cf66,UA-2026-08-19-014020-a,2026-08-19T23:20:37.935569+03:00,active.qualification,15530000-2,94871.17,UAH,ВИКОНАВЧИЙ КОМІТЕТ СЕНЧАНСЬКОЇ СІЛЬСЬКОЇ РАДИ,41830654,Полтавська область
8f1df914e8134a36b909b2fd61aa2deb,UA-2026-08-19-005189-a,2026-08-19T12:11:59.403595+03:00,active.qualification,15220000-6,413400.0,UAH,"Відділ освіти, культури, молоді та спорту Корюківської міської ради",41086985,Чернігівська область
a3a377fbfce34e9fbdc156902e7f9968,UA-2026-08-19-013642-a,2026-08-19T20:54:53.113596+03:00,active.qualification,15110000-2,271069.0,UAH,ВИКОНАВЧИЙ КОМІТЕТ СЕНЧАНСЬКОЇ СІЛЬСЬКОЇ РАДИ,41830654,Полтавська область
51ff35d72d064826b9ab87479a89f0ed,UA-2026-08-19-004595-a,2026-08-19T11:47:28.364509+03:00,active.qualification,15610000-7,110381.66,UAH,"КОМУНАЛЬНЕ НЕКОМЕРЦІЙНЕ ТОВАРИСТВО ""ДНІПРОВСЬКИЙ ОБЛАСНИЙ КЛІНІЧНИЙ ОНКОЛОГІЧНИЙ ДИСПАНСЕР"" ДНІПРОПЕТРОВСЬКОЇ ОБЛАСНОЇ РАДИ""",02007265,Дніпропетровська область
87b94aa12f1d4fd5ae3e6aac39df723e,UA-2026-08-19-004072-a,2026-08-19T11:30:33.388635+03:00,active.qualification,15320000-7,208494.0,UAH,"КОМУНАЛЬНЕ НЕКОМЕРЦІЙНЕ ТОВАРИСТВО ""ДНІПРОВСЬКИЙ ОБЛАСНИЙ КЛІНІЧНИЙ ОНКОЛОГІЧНИЙ ДИСПАНСЕР"" ДНІПРОПЕТРОВСЬКОЇ ОБЛАСНОЇ РАДИ""",02007265,Дніпропетровська область
121d400b2c6e4ad0bfe982b7cd2925c4,UA-2026-08-19-006607-a,2026-08-19T13:26:04.143372+03:00,active.qualification,15530000-2,73500.0,UAH,Уланівський ліцей Уланівської сільської ради,20087813,Вінницька область
cdd18071e2714a10973e6bac87804b7a,UA-2026-08-19-013969-a,2026-08-19T22:57:54.811178+03:00,active.qualification,15510000-6,37903.53,UAH,ВИКОНАВЧИЙ КОМІТЕТ СЕНЧАНСЬКОЇ СІЛЬСЬКОЇ РАДИ,41830654,Полтавська область
c649b09034034815a6f1f5f5dfb95b72,UA-2026-08-19-001489-a,2026-08-19T09:58:54.540453+03:00,active.qualification,15530000-2,180216.67,UAH,"Відділ освіти, культури, молоді та спорту Корюківської міської ради",41086985,Чернігівська область
8f1921e63f7142e7b85db85b37d958dc,UA-2026-08-14-008040-a,2026-08-14T14:39:48.618561+03:00,active.qualification,15530000-2,100400.0,UAH,ВІДДІЛ З ГУМАНІТАРНИХ ПИТАНЬ ВИКОНАВЧОГО КОМІТЕТУ УЛАШАНІВСЬКОЇ СІЛЬСЬКОЇ РАДИ,43205042,Хмельницька область
62de965af5994e75b8e2e504f5fbfed5,UA-2026-08-19-008798-a,2026-08-19T14:50:08.287605+03:00,active.qualification,15320000-7,18000.0,UAH,"ВІДДІЛ ОСВІТИ, СІМ'Ї, МОЛОДІ, СПОРТУ, КУЛЬТУРИ І ТУРИЗМУ ОЛЬГОПІЛЬСЬКОЇ СІЛЬСЬКОЇ РАДИ",44072142,Вінницька область
01d0720bdfdd427cbbd816083375487e,UA-2026-08-19-001916-a,2026-08-19T10:16:54.922739+03:00,active.qualification,15510000-6,115920.0,UAH,"Відділ освіти, культури, молоді та спорту Корюківської міської ради",41086985,Чернігівська область
e4e02b05d217412b9daa2c18f14f0fac,UA-2026-08-19-001129-a,2026-08-19T09:41:00.875184+03:00,active.qualification,15840000-8,50333.33,UAH,"Відділ освіти, культури, молоді та спорту Корюківської міської ради",41086985,Чернігівська область
79bde6de68bb40caba299ea0f370e277,UA-2026-08-19-005938-a,2026-08-19T12:50:23.467868+03:00,active.qualification,15320000-7,141750.0,UAH,"Відділ освіти, культури, молоді та спорту Корюківської міської ради",41086985,Чернігівська область
663d1dfbab484299b2c494cc791f53e8,UA-2026-08-19-009589-a,2026-08-19T15:14:56.637938+03:00,active.qualification,15330000-0,744291.67,UAH,ПОЧАТКОВА ШКОЛА  № 12 БРОВАРСЬКОЇ МІСЬКОЇ РАДИ БРОВАРСЬКОГО РАЙОНУ КИЇВСЬКОЇ ОБЛАСТІ,45668667,Київська область
5510e1a9c3254d0f9072ec80029c86be,UA-2026-08-22-000018-a,2026-08-22T02:14:52.268981+03:00,active.tendering,15530000-2,297725.0,UAH,Ліцей «Домінанта» Дніпровського району м.Києва,22875220,Київська область
f28ae549145548769e89c45fb253779d,UA-2026-08-22-000015-a,2026-08-22T01:34:17.293879+03:00,active.tendering,15540000-5,737250.0,UAH,Ліцей «Домінанта» Дніпровського району м.Києва,22875220,Київська область
35f5d3ac5ba34ffe96c4a9bfd4a9248c,UA-2026-08-22-000007-a,2026-08-22T00:12:49.818028+03:00,active.tendering,15530000-2,50670.0,UAH,Ліцей №1 ім. М.Д. Леонтовича Немирівської  міської  ради,13310311,Вінницька область
87851e0ebcb443e997a43b7783abd5ec,UA-2026-08-19-014083-a,2026-08-19T23:57:56.900587+03:00,active.qualification,15110000-2,201000.0,UAH,"КОМУНАЛЬНИЙ ЗАКЛАД КИЇВСЬКОЇ ОБЛАСНОЇ РАДИ ""КИЇВСЬКИЙ ОБЛАСНИЙ ЛІЦЕЙ""",22203815,Київська область
25bda3e0d5d94967bdf7b1e207f7afd5,UA-2026-08-14-006276-a,2026-08-14T13:20:26.497642+03:00,active.qualification,15810000-9,1199052.0,UAH,"Комунальна установа ""Центр фінансування та господарської діяльності закладів та установ системи освіти Приморського району м. Одеси""",40703130,Одеська область
7c42831459c441168dfd655580a2efa7,UA-2026-08-14-004914-a,2026-08-14T12:07:10.986014+03:00,active.auction,15870000-7,47662.5,UAH,"КОМУНАЛЬНЕ НЕКОМЕРЦІЙНЕ ПІДПРИЄМСТВО ""КИЇВСЬКА МІСЬКА КЛІНІЧНА ЛІКАРНЯ № 18"" ВИКОНАВЧОГО ОРГАНУ  КИЇВСЬКОЇ МІСЬКОЇ РАДИ (КИЇВСЬКОЇ МІСЬКОЇ ДЕРЖАВНОЇ АДМІНІСТРАЦІЇ)",01993776,Київська область
072bd7835bd64a7d996d894617462f6f,UA-2026-08-19-013911-a,2026-08-19T22:36:27.533200+03:00,unsuccessful,15110000-2,85833.34,UAH,"КОМУНАЛЬНИЙ ЗАКЛАД ""ЗАПОРІЗЬКА СПЕЦІАЛЬНА ЗАГАЛЬНООСВІТНЯ ШКОЛА-ІНТЕРНАТ № 2"" ЗАПОРІЗЬКОЇ ОБЛАСНОЇ РАДИ",20508858,Запорізька область
d7c477557d5e44beab7c33ab8f39406a,UA-2026-08-19-013806-a,2026-08-19T21:57:07.962976+03:00,active.qualification,15220000-6,200962.5,UAH,КРЕМЕНЧУЦЬКА ГІМНАЗІЯ №12 КРЕМЕНЧУЦЬКОЇ МІСЬКОЇ РАДИ КРЕМЕНЧУЦЬКОГО РАЙОНУ ПОЛТАВСЬКОЇ ОБЛАСТІ,24827843,Полтавська область
6bc70fac6d594af49e5d47e65fc359ad,UA-2026-08-19-013761-a,2026-08-19T21:42:19.395959+03:00,active.qualification,15530000-2,98832.5,UAH,КРЕМЕНЧУЦЬКА ГІМНАЗІЯ №12 КРЕМЕНЧУЦЬКОЇ МІСЬКОЇ РАДИ КРЕМЕНЧУЦЬКОГО РАЙОНУ ПОЛТАВСЬКОЇ ОБЛАСТІ,24827843,Полтавська область
0bdeea42744848858770c4587c33c1de,UA-2026-08-19-013012-a,2026-08-19T17:56:25.440689+03:00,active.qualification,15220000-6,260000.0,UAH,Львівський державний університет внутрішніх справ,08571995,Львівська область
af0aa2c2655d4706aae85463086ad049,UA-2026-08-19-013456-a,2026-08-19T19:39:53.692167+03:00,active.qualification,15110000-2,29000.0,UAH,БІЛІВСЬКИЙ ЛІЦЕЙ ЗОРЯНСЬКОЇ СІЛЬСЬКОЇ РАДИ РІВНЕНСЬКОГО РАЙОНУ РІВНЕНСЬКОЇ ОБЛАСТІ,25315704,Рівненська область
587ed993e6794dec8c823d5898d08d23,UA-2026-08-19-013561-a,2026-08-19T20:21:00.156808+03:00,active.qualification,15550000-8,83416.67,UAH,БУШТИНСЬКИЙ ЛІЦЕЙ БУШТИНСЬКОЇ СЕЛИЩНОЇ РАДИ ТЯЧІВСЬКОГО РАЙОНУ ЗАКАРПАТСЬКОЇ ОБЛАСТІ,22114862,Закарпатська область
2113e7f2a6584c5787e7e288d8893e05,UA-2026-08-19-012816-a,2026-08-19T17:31:37.858366+03:00,active.qualification,15510000-6,35759.58,UAH,"Кременчуцька гімназія №20 Кременчуцької міської ради Кременчуцького району Полтавської області
",24830485,Полтавська область
97a35813518146b08c51e4d6589e9693,UA-2026-08-19-011402-a,2026-08-19T16:15:50.823962+03:00,active.qualification,15110000-2,154232.0,UAH,Вільногірський ліцей №5 Вільногірської міської ради Дніпропетровської області,33340098,Дніпропетровська область
9a2b64eac256478aa684660d117b79c3,UA-2026-08-19-013003-a,2026-08-19T17:55:44.045070+03:00,active.qualification,15110000-2,525466.94,UAH,"Кременчуцька гімназія №20 Кременчуцької міської ради Кременчуцького району Полтавської області
",24830485,Полтавська область
10fd92680f5b4edab80f247b1254000e,UA-2026-08-19-012924-a,2026-08-19T17:43:59.074934+03:00,active.qualification,15220000-6,91167.0,UAH,КОМУНАЛЬНИЙ ЗАКЛАД ЗАПОРІЗЬКИЙ ОБЛАСНИЙ АКАДЕМІЧНИЙ ЛІЦЕЙ АЛЬТА ЗАПОРІЗЬКОЇ ОБЛАСНОЇ РАДИ,20509042,Запорізька область
89bbef095ac047ea9ba2be0e0d40d1df,UA-2026-08-19-012956-a,2026-08-19T17:48:09.181242+03:00,active.qualification,15550000-8,34996.33,UAH,"КРЕМЕНЧУЦЬКИЙ ЛІЦЕЙ №17 ""ВИБІР"" ІМЕНІ М.Г.НЕЛЕНЯ КРЕМЕНЧУЦЬКОЇ МІСЬКОЇ РАДИ КРЕМЕНЧУЦЬКОГО РАЙОНУ ПОЛТАВСЬКОЇ ОБЛАСТІ",22538987,Полтавська область
f81b42d939444c61956171470782469d,UA-2026-08-19-013167-a,2026-08-19T18:21:38.639137+03:00,active.qualification,15530000-2,198000.0,UAH,Гімназія №6 ГОРІШНЬОПЛАВНІВСЬКОЇ МІСЬКОЇ РАДИ КРЕМЕНЧУЦЬКОГО РАЙОНУ ПОЛТАВСЬКОЇ ОБЛАСТІ,23280315,Полтавська область
197c2dffe8d942dfbc85dcebf9d72d8b,UA-2026-08-19-009075-a,2026-08-19T14:59:01.858945+03:00,active.qualification,15330000-0,517877.5,UAH,"ВІДДІЛ ОСВІТИ, МОЛОДІ,СПОРТУ, КУЛЬТУРИ,ТУРИЗМУ ТА ПРАВОПОРЯДКУ ВЕСНЯНСЬКОЇ СЕЛИЩНОЇ РАДИ",41292510,Миколаївська область
583031ed1f2e4beb93fb982bcbba4ea6,UA-2026-08-19-012200-a,2026-08-19T16:47:55.429752+03:00,active.qualification,15610000-7,80548.72,UAH,"КРЕМЕНЧУЦЬКИЙ ЛІЦЕЙ №17 ""ВИБІР"" ІМЕНІ М.Г.НЕЛЕНЯ КРЕМЕНЧУЦЬКОЇ МІСЬКОЇ РАДИ КРЕМЕНЧУЦЬКОГО РАЙОНУ ПОЛТАВСЬКОЇ ОБЛАСТІ",22538987,Полтавська область
0a8319be4baf48bfafe601e1d371f596,UA-2026-08-19-006565-a,2026-08-19T13:23:40.405527+03:00,active.qualification,15550000-8,203066.67,UAH,"Відділ освіти, сім'ї, молоді та спорту Васильковецької сільської ради",40620238,Тернопільська область
0b78a2b36ae04071a34f55662c98d992,UA-2026-08-19-013126-a,2026-08-19T18:14:45.805306+03:00,active.qualification,15220000-6,264330.0,UAH,Гімназія №6 ГОРІШНЬОПЛАВНІВСЬКОЇ МІСЬКОЇ РАДИ КРЕМЕНЧУЦЬКОГО РАЙОНУ ПОЛТАВСЬКОЇ ОБЛАСТІ,23280315,Полтавська область
c8dd604bcf944dcc97ac83e069f2da07,UA-2026-08-19-010095-a,2026-08-19T15:32:05.108333+03:00,active.qualification,15110000-2,350833.0,UAH,"КЗ ЛОР ""Буківський дитячий будинок-інтернат""",03189015,Львівська область
0bcd6da1e6ca4fb6a3bf69401dfd1321,UA-2026-08-19-012992-a,2026-08-19T17:53:17.410877+03:00,active.qualification,15850000-1,18898.47,UAH,"КРЕМЕНЧУЦЬКИЙ ЛІЦЕЙ №17 ""ВИБІР"" ІМЕНІ М.Г.НЕЛЕНЯ КРЕМЕНЧУЦЬКОЇ МІСЬКОЇ РАДИ КРЕМЕНЧУЦЬКОГО РАЙОНУ ПОЛТАВСЬКОЇ ОБЛАСТІ",22538987,Полтавська область
6e8e2a9d776843c5a758f645dea880bc,UA-2026-08-19-006815-a,2026-08-19T13:35:04.431166+03:00,active.qualification,15110000-2,168333.33,UAH," Заклад дошкільної освіти (ясла-садок)  ""СВІТАНОК"" Кам'янецької селищної ради Кропивницького району Кіровоградської області",26322698,Кіровоградська область
a54263faaa544042a1a55547fb1aa276,UA-2026-08-19-013925-a,2026-08-19T22:38:58.085001+03:00,active.qualification,15530000-2,94430.0,UAH,КРЕМЕНЧУЦЬКИЙ ЛЬОТНИЙ КОЛЕДЖ ХАРКІВСЬКОГО НАЦІОНАЛЬНОГО УНІВЕРСИТЕТУ ВНУТРІШНІХ СПРАВ,43041752,Полтавська область
1e4b9b44a7124d93be573884c4220a77,UA-2026-08-19-013831-a,2026-08-19T22:06:06.965272+03:00,active.qualification,15610000-7,421843.0,UAH,"Управління освіти, молоді та спорту Монастирищенської міської ради",43983521,Черкаська область
63dd5055105d491d958b19c2a37139ea,UA-2026-08-19-013952-a,2026-08-19T22:49:31.195542+03:00,active.qualification,15550000-8,10678.2,UAH,КРЕМЕНЧУЦЬКИЙ ЛЬОТНИЙ КОЛЕДЖ ХАРКІВСЬКОГО НАЦІОНАЛЬНОГО УНІВЕРСИТЕТУ ВНУТРІШНІХ СПРАВ,43041752,Полтавська область
e95c72567492477e9d97c9809081afa7,UA-2026-08-19-011796-a,2026-08-19T16:31:39.835375+03:00,unsuccessful,15870000-7,20792.85,UAH,"КРЕМЕНЧУЦЬКИЙ ЛІЦЕЙ №17 ""ВИБІР"" ІМЕНІ М.Г.НЕЛЕНЯ КРЕМЕНЧУЦЬКОЇ МІСЬКОЇ РАДИ КРЕМЕНЧУЦЬКОГО РАЙОНУ ПОЛТАВСЬКОЇ ОБЛАСТІ",22538987,Полтавська область
f94a43762bc14df7993086169062b8b9,UA-2026-08-19-013282-a,2026-08-19T18:38:43.467862+03:00,active.qualification,15540000-5,441720.0,UAH,Гімназія №6 ГОРІШНЬОПЛАВНІВСЬКОЇ МІСЬКОЇ РАДИ КРЕМЕНЧУЦЬКОГО РАЙОНУ ПОЛТАВСЬКОЇ ОБЛАСТІ,23280315,Полтавська область
3b50e77d523445ce8beca58b985eabce,UA-2026-08-19-012974-a,2026-08-19T17:50:55.953853+03:00,active.qualification,15320000-7,35566.67,UAH,КРЕМЕНЧУЦЬКА ГІМНАЗІЯ №3 КРЕМЕНЧУЦЬКОЇ МІСЬКОЇ РАДИ КРЕМЕНЧУЦЬКОГО РАЙОНУ ПОЛТАВСЬКОЇ ОБЛАСТІ,22548922,Полтавська область
65faf063867542aea28f02588f8af543,UA-2026-08-19-012844-a,2026-08-19T17:34:03.391401+03:00,active.qualification,15320000-7,68854.64,UAH,"КРЕМЕНЧУЦЬКИЙ ЛІЦЕЙ №17 ""ВИБІР"" ІМЕНІ М.Г.НЕЛЕНЯ КРЕМЕНЧУЦЬКОЇ МІСЬКОЇ РАДИ КРЕМЕНЧУЦЬКОГО РАЙОНУ ПОЛТАВСЬКОЇ ОБЛАСТІ",22538987,Полтавська область
df2d4472a1514043b0bc3547203d92f1,UA-2026-08-19-012744-a,2026-08-19T17:23:37.662168+03:00,active.qualification,15530000-2,56666.67,UAH,"Кременчуцька гімназія №20 Кременчуцької міської ради Кременчуцького району Полтавської області
",24830485,Полтавська область
98a77ec9a8b84f85a079e2c8645ab7c0,UA-2026-08-19-013085-a,2026-08-19T18:08:10.426700+03:00,active.qualification,15550000-8,34672.67,UAH,"Кременчуцька гімназія №20 Кременчуцької міської ради Кременчуцького району Полтавської області
",24830485,Полтавська область
30651381115e43a6950ada9c0cf8be9b,UA-2026-08-19-013330-a,2026-08-19T18:51:42.412621+03:00,active.qualification,15540000-5,258909.33,UAH,"Кременчуцька гімназія №20 Кременчуцької міської ради Кременчуцького району Полтавської області
",24830485,Полтавська область
797faa5d768b4f1093057427af6148e3,UA-2026-08-19-013830-a,2026-08-19T22:05:04.839542+03:00,active.qualification,15110000-2,130691.67,UAH,ВАРІВСЬКИЙ ЛІЦЕЙ ІМЕНІ ФЕРЕНЦА РАКОЦІ ІІ БЕРЕГІВСЬКОЇ МІСЬКОЇ РАДИ ЗАКАРПАТСЬКОЇ ОБЛАСТІ ,26212030,Закарпатська область
d76d122c9e8c47ec903782bcfe1c9b85,UA-2026-08-19-012922-a,2026-08-19T17:43:43.584245+03:00,active.qualification,15110000-2,487974.85,UAH,"КРЕМЕНЧУЦЬКИЙ ЛІЦЕЙ №17 ""ВИБІР"" ІМЕНІ М.Г.НЕЛЕНЯ КРЕМЕНЧУЦЬКОЇ МІСЬКОЇ РАДИ КРЕМЕНЧУЦЬКОГО РАЙОНУ ПОЛТАВСЬКОЇ ОБЛАСТІ",22538987,Полтавська область
d12e9b5eaa4643fb90db846ab58773cf,UA-2026-08-19-013057-a,2026-08-19T18:02:49.514000+03:00,active.qualification,15320000-7,72000.0,UAH,КОМУНАЛЬНИЙ ЗАКЛАД ЗАПОРІЗЬКИЙ ОБЛАСНИЙ АКАДЕМІЧНИЙ ЛІЦЕЙ АЛЬТА ЗАПОРІЗЬКОЇ ОБЛАСНОЇ РАДИ,20509042,Запорізька область
18a17e3aa72f4da287725687e78f9c03,UA-2026-08-19-013207-a,2026-08-19T18:26:00.924870+03:00,active.qualification,15810000-9,119083.0,UAH,КОМУНАЛЬНИЙ ЗАКЛАД ЗАПОРІЗЬКИЙ ОБЛАСНИЙ АКАДЕМІЧНИЙ ЛІЦЕЙ АЛЬТА ЗАПОРІЗЬКОЇ ОБЛАСНОЇ РАДИ,20509042,Запорізька область
54445f7f708141c0a40055dcf190609f,UA-2026-08-19-010508-a,2026-08-19T15:45:38.313990+03:00,active.qualification,15320000-7,250000.0,UAH, ВІДДІЛ ОСВІТИ БАРСЬКОЇ МІСЬКОЇ РАДИ,41299207,Вінницька область
d437b1e1c82741cbbcef892278adccc3,UA-2026-08-19-014024-a,2026-08-19T23:23:20.846031+03:00,active.qualification,15110000-2,507437.7,UAH,"ОПОРНИЙ ЗАКЛАД ЗАГАЛЬНОЇ СЕРЕДНЬОЇ ОСВІТИ ""ЛОКАЧИНСЬКИЙ ЛІЦЕЙ""ЛОКАЧИНСЬКОЇ СЕЛИЩНОЇ РАДИ ВОЛОДИМИРСЬКОГО РАЙОНУ ВОЛИНСЬКОЇ ОБЛАСТІ",20131856,Волинська область
6d4ecdbc4d2143f398384ee3023b871a,UA-2026-08-19-013809-a,2026-08-19T21:58:28.621326+03:00,active.qualification,15110000-2,201666.67,UAH,БОЯРСЬКА ЗАГАЛЬНООСВІТНЯ ШКОЛА І-ІІІ СТУПЕНІВ №1 БОЯРСЬКОЇ МІСЬКОЇ РАДИ,23568909,Київська область
aa8d266e53564699971e7245ff97455c,UA-2026-08-19-005786-a,2026-08-19T12:42:00.894894+03:00,active.qualification,15110000-2,1149333.33,UAH,ВІДДІЛ ОСВІТИ ФУРСІВСЬКОЇ СІЛЬСЬКОЇ РАДИ,46185003,Київська область
f0bac588cae846efae7fd1cba37dbb8e,UA-2026-08-19-013862-a,2026-08-19T22:17:29.448949+03:00,active.qualification,15530000-2,91758.33,UAH,"ОПОРНИЙ ЗАКЛАД ЗАГАЛЬНОЇ СЕРЕДНЬОЇ ОСВІТИ ""ЛОКАЧИНСЬКИЙ ЛІЦЕЙ""ЛОКАЧИНСЬКОЇ СЕЛИЩНОЇ РАДИ ВОЛОДИМИРСЬКОГО РАЙОНУ ВОЛИНСЬКОЇ ОБЛАСТІ",20131856,Волинська область
3e56c9df37b340b1871bb309ad691cab,UA-2026-08-19-004689-a,2026-08-19T11:50:17.467973+03:00,active.qualification,15610000-7,65833.33,UAH,Олевська міська рада,04343470,Житомирська область
c8d8d13907d2403bace907058128e450,UA-2026-08-19-014063-a,2026-08-19T23:44:30.247903+03:00,active.qualification,15420000-8,39250.0,UAH,КРЕМЕНЧУЦЬКА ГІМНАЗІЯ №12 КРЕМЕНЧУЦЬКОЇ МІСЬКОЇ РАДИ КРЕМЕНЧУЦЬКОГО РАЙОНУ ПОЛТАВСЬКОЇ ОБЛАСТІ,24827843,Полтавська область
1f3ee361d5084c64ba2a9e2cebc37bc5,UA-2026-08-19-013834-a,2026-08-19T22:07:34.869495+03:00,active.qualification,15540000-5,181406.67,UAH,КРЕМЕНЧУЦЬКА ГІМНАЗІЯ №12 КРЕМЕНЧУЦЬКОЇ МІСЬКОЇ РАДИ КРЕМЕНЧУЦЬКОГО РАЙОНУ ПОЛТАВСЬКОЇ ОБЛАСТІ,24827843,Полтавська область
bd1c4251d7614a0a85f71159d6ef056a,UA-2026-08-19-014058-a,2026-08-19T23:40:51.877146+03:00,active.qualification,15220000-6,193958.33,UAH,"ОПОРНИЙ ЗАКЛАД ЗАГАЛЬНОЇ СЕРЕДНЬОЇ ОСВІТИ ""ЛОКАЧИНСЬКИЙ ЛІЦЕЙ""ЛОКАЧИНСЬКОЇ СЕЛИЩНОЇ РАДИ ВОЛОДИМИРСЬКОГО РАЙОНУ ВОЛИНСЬКОЇ ОБЛАСТІ",20131856,Волинська область
74679e90c83f4f0e8a7d750619d789c8,UA-2026-08-19-005639-a,2026-08-19T12:35:20.056424+03:00,active.qualification,15820000-2,284901.67,UAH,"КОМУНАЛЬНЕ ПІДПРИЄМСТВО ""ДОБРОБУТ
ПОЛТАВСЬКОЇ ГРОМАДИ ПОЛТАВСЬКОЇ МІСЬКОЇ РАДИ""",43965125,Полтавська область
5fae6416527146f5b2c95190cb93f4ad,UA-2026-08-19-011791-a,2026-08-19T16:31:29.434818+03:00,active.qualification,15130000-8,143356.67,UAH,ВІЙСЬКОВА ЧАСТИНА 1472,14321541,
996783cbcdd1461f8ef2879b8643ee51,UA-2026-08-19-013981-a,2026-08-19T23:03:31.936394+03:00,active.qualification,15550000-8,48812.67,UAH,КРЕМЕНЧУЦЬКА ГІМНАЗІЯ №12 КРЕМЕНЧУЦЬКОЇ МІСЬКОЇ РАДИ КРЕМЕНЧУЦЬКОГО РАЙОНУ ПОЛТАВСЬКОЇ ОБЛАСТІ,24827843,Полтавська область
1c06b4eb6c3d4fcf8cac85507a516d7f,UA-2026-08-19-004657-a,2026-08-19T11:49:06.083307+03:00,active.qualification,15220000-6,81666.67,UAH,"Комунальний заклад ""Браїлівський ліцей імені В.О.Забаштанського""   Жмеринської міської територіальної громади
",26242321,Вінницька область
3afb3da6dc4247e094a602b92c1b1c5f,UA-2026-08-19-004797-a,2026-08-19T11:55:05.615234+03:00,active.qualification,15550000-8,71500.0,UAH,ВІЙСЬКОВА ЧАСТИНА 1141 НАЦІОНАЛЬНОЇ ГВАРДІЇ УКРАЇНИ,14323416,Волинська область
360d8d9580d24813afdfdf88fb523cd6,UA-2026-08-19-001931-a,2026-08-19T10:17:18.574281+03:00,active.qualification,15110000-2,192500.0,UAH,"Комунальний заклад ""Запорізька спеціальна загальноосвітня школа-інтернат ""Орієнтир"" ЗОР",20518733,Запорізька область
dc06ddd8f9824768ac8d7d9b7ee6443e,UA-2026-08-19-013841-a,2026-08-19T22:10:37.271786+03:00,active.qualification,15220000-6,100000.0,UAH,БОЯРСЬКА ЗАГАЛЬНООСВІТНЯ ШКОЛА І-ІІІ СТУПЕНІВ №1 БОЯРСЬКОЇ МІСЬКОЇ РАДИ,23568909,Київська область
eb1fbab4b6554432a4b0b5389b1274e7,UA-2026-08-19-014001-a,2026-08-19T23:11:46.265480+03:00,active.qualification,15320000-7,499919.0,UAH,"Управління освіти, молоді та спорту Монастирищенської міської ради",43983521,Черкаська область
b6faa0be13cc42bc93fe2bc8d0188668,UA-2026-08-19-013080-a,2026-08-19T18:07:12.256077+03:00,active.qualification,15110000-2,222600.0,UAH,Гімназія №6 ГОРІШНЬОПЛАВНІВСЬКОЇ МІСЬКОЇ РАДИ КРЕМЕНЧУЦЬКОГО РАЙОНУ ПОЛТАВСЬКОЇ ОБЛАСТІ,23280315,Полтавська область
89938880d0154469b7acc9e6ebb90af2,UA-2026-08-19-013927-a,2026-08-19T22:39:18.757360+03:00,active.qualification,15320000-7,95666.67,UAH,КРЕМЕНЧУЦЬКА ГІМНАЗІЯ №12 КРЕМЕНЧУЦЬКОЇ МІСЬКОЇ РАДИ КРЕМЕНЧУЦЬКОГО РАЙОНУ ПОЛТАВСЬКОЇ ОБЛАСТІ,24827843,Полтавська область
38a3805e9e844927bdf5981e1b7a39ae,UA-2026-08-19-013667-a,2026-08-19T21:02:40.473358+03:00,active.qualification,15540000-5,254443.93,UAH,"ОПОРНИЙ ЗАКЛАД ЗАГАЛЬНОЇ СЕРЕДНЬОЇ ОСВІТИ ""ЛОКАЧИНСЬКИЙ ЛІЦЕЙ""ЛОКАЧИНСЬКОЇ СЕЛИЩНОЇ РАДИ ВОЛОДИМИРСЬКОГО РАЙОНУ ВОЛИНСЬКОЇ ОБЛАСТІ",20131856,Волинська область
82c515d5a2b149609b3b2007779a7fb1,UA-2026-08-19-013639-a,2026-08-19T20:54:37.449523+03:00,active.qualification,15320000-7,416500.0,UAH,ВІДДІЛ ОСВІТИ ВИКОНКОМУ ПОКРОВСЬКОЇ РАЙОННОЇ В МІСТІ РАДИ,02142282,Дніпропетровська область
1b5efcef2ce14f3f97fd9361fe3fffd3,UA-2026-08-19-013844-a,2026-08-19T22:10:57.943733+03:00,unsuccessful,15610000-7,49005.0,UAH,КРЕМЕНЧУЦЬКИЙ ЛЬОТНИЙ КОЛЕДЖ ХАРКІВСЬКОГО НАЦІОНАЛЬНОГО УНІВЕРСИТЕТУ ВНУТРІШНІХ СПРАВ,43041752,Полтавська область
9d437858def94200805ec3624df60466,UA-2026-08-19-012594-a,2026-08-19T17:10:55.135549+03:00,active.qualification,15220000-6,129167.25,UAH,"КРЕМЕНЧУЦЬКИЙ ЛІЦЕЙ №17 ""ВИБІР"" ІМЕНІ М.Г.НЕЛЕНЯ КРЕМЕНЧУЦЬКОЇ МІСЬКОЇ РАДИ КРЕМЕНЧУЦЬКОГО РАЙОНУ ПОЛТАВСЬКОЇ ОБЛАСТІ",22538987,Полтавська область
25cd6510616f451fa891b07e58ea4f7a,UA-2026-08-19-013882-a,2026-08-19T22:26:09.434918+03:00,active.qualification,15510000-6,60449.17,UAH,КРЕМЕНЧУЦЬКА ГІМНАЗІЯ №12 КРЕМЕНЧУЦЬКОЇ МІСЬКОЇ РАДИ КРЕМЕНЧУЦЬКОГО РАЙОНУ ПОЛТАВСЬКОЇ ОБЛАСТІ,24827843,Полтавська область
1d8be6b64c734bfda0e6c4c079b211ae,UA-2026-08-19-013375-a,2026-08-19T19:06:38.251462+03:00,active.qualification,15220000-6,143758.33,UAH,"Кременчуцька гімназія №20 Кременчуцької міської ради Кременчуцького району Полтавської області
",24830485,Полтавська область
ff40b6d784834fb3882d2fe776108b9f,UA-2026-08-19-003078-a,2026-08-19T10:57:47.529832+03:00,active.qualification,15550000-8,100943.75,UAH,БІЛОЦЕРКІВСЬКИЙ ЛІЦЕЙ-ГІМНАЗІЯ №12 БІЛОЦЕРКІВСЬКОЇ МІСЬКОЇ РАДИ КИЇВСЬКОЇ ОБЛАСТІ,20602327,Київська область
9da50cf89e4e44ffb0aeeafb14f72018,UA-2026-08-19-001728-a,2026-08-19T10:09:33.742919+03:00,active.qualification,15530000-2,425046.67,UAH,УПРАВЛІННЯ ОСВІТИ ВИКОНКОМУ САКСАГАНСЬКОЇ РАЙОННОЇ У МІСТІ РАДИ,02124781,Дніпропетровська область
820298225455484280fb3b2f433f970b,UA-2026-08-19-013710-a,2026-08-19T21:16:54.163455+03:00,active.qualification,15850000-1,65625.0,UAH,ВІДДІЛ ОСВІТИ ВИКОНКОМУ ПОКРОВСЬКОЇ РАЙОННОЇ В МІСТІ РАДИ,02142282,Дніпропетровська область
c9ef3c657e4a4d47a4714dff6d82b4e1,UA-2026-08-19-013751-a,2026-08-19T21:38:12.465148+03:00,active.qualification,15810000-9,64500.0,UAH,"ОПОРНИЙ ЗАКЛАД ЗАГАЛЬНОЇ СЕРЕДНЬОЇ ОСВІТИ ""ЛОКАЧИНСЬКИЙ ЛІЦЕЙ""ЛОКАЧИНСЬКОЇ СЕЛИЩНОЇ РАДИ ВОЛОДИМИРСЬКОГО РАЙОНУ ВОЛИНСЬКОЇ ОБЛАСТІ",20131856,Волинська область
74f1303a7c9b40c5b37e1432963a48fa,UA-2026-08-19-013459-a,2026-08-19T19:40:55.558340+03:00,active.qualification,15610000-7,55970.0,UAH,"КОМУНАЛЬНА УСТАНОВА ""ЦЕНТР ПО ОБСЛУГОВУВАННЮ ЗАКЛАДІВ ТА УСТАНОВ ОСВІТИ"" РЕНІЙСЬКОЇ МІСЬКОЇ РАДИ ",42260364,Одеська область
2391c6f68453498884ec959981559f31,UA-2026-08-19-013498-a,2026-08-19T19:55:31.866903+03:00,active.qualification,15110000-2,52083.33,UAH,БУШТИНСЬКИЙ ЛІЦЕЙ БУШТИНСЬКОЇ СЕЛИЩНОЇ РАДИ ТЯЧІВСЬКОГО РАЙОНУ ЗАКАРПАТСЬКОЇ ОБЛАСТІ,22114862,Закарпатська область
9fe8720d6f624b99a1b43ddc0e73f24f,UA-2026-08-19-013583-a,2026-08-19T20:29:13.435170+03:00,active.qualification,15330000-0,104241.67,UAH,ВІДДІЛ ОСВІТИ ФУРСІВСЬКОЇ СІЛЬСЬКОЇ РАДИ,46185003,Київська область
f385169bc4a64d05a78d2526c54ce7d1,UA-2026-08-19-013303-a,2026-08-19T18:43:57.495445+03:00,unsuccessful,15220000-6,31250.0,UAH,Кучаківський ліцей  імені гетьмана Івана Сулими Бориспільської міської ради Київської області,22203264,Київська область
337ad34dabc64fa8be6e41e73fa32ca0,UA-2026-08-19-012732-a,2026-08-19T17:22:37.035100+03:00,active.qualification,15830000-5,6817.84,UAH,"КРЕМЕНЧУЦЬКИЙ ЛІЦЕЙ №17 ""ВИБІР"" ІМЕНІ М.Г.НЕЛЕНЯ КРЕМЕНЧУЦЬКОЇ МІСЬКОЇ РАДИ КРЕМЕНЧУЦЬКОГО РАЙОНУ ПОЛТАВСЬКОЇ ОБЛАСТІ",22538987,Полтавська область
74bfbcc755fe4a538e7ebfab978db20f,UA-2026-08-19-013391-a,2026-08-19T19:12:49.064549+03:00,active.qualification,15540000-5,55000.0,UAH,Кучаківський ліцей  імені гетьмана Івана Сулими Бориспільської міської ради Київської області,22203264,Київська область
beb4a82d558146bc9148cb22d4a8b908,UA-2026-08-19-013410-a,2026-08-19T19:20:36.816803+03:00,active.qualification,15610000-7,146369.17,UAH,ВІДДІЛ ОСВІТИ ФУРСІВСЬКОЇ СІЛЬСЬКОЇ РАДИ,46185003,Київська область
45c6cc64cb9e45c7be7283a0fd0e8315,UA-2026-08-19-013684-a,2026-08-19T21:06:52.183124+03:00,active.qualification,15510000-6,88125.0,UAH,ВІДДІЛ ОСВІТИ ВИКОНКОМУ ПОКРОВСЬКОЇ РАЙОННОЇ В МІСТІ РАДИ,02142282,Дніпропетровська область
78f13ed6ec7746fbb4e54dfa12e09348,UA-2026-08-19-013407-a,2026-08-19T19:19:49.652290+03:00,active.qualification,15330000-0,144150.0,UAH,Гімназія №6 ГОРІШНЬОПЛАВНІВСЬКОЇ МІСЬКОЇ РАДИ КРЕМЕНЧУЦЬКОГО РАЙОНУ ПОЛТАВСЬКОЇ ОБЛАСТІ,23280315,Полтавська область
60f1105ad2754e6b9e0444f635690275,UA-2026-08-19-013258-a,2026-08-19T18:33:11.763157+03:00,active.qualification,15330000-0,175788.11,UAH,"Кременчуцька гімназія №20 Кременчуцької міської ради Кременчуцького району Полтавської області
",24830485,Полтавська область
c4481aa7b2fe4c5ca543951f5858decc,UA-2026-08-19-013249-a,2026-08-19T18:31:26.964117+03:00,active.qualification,15550000-8,175325.0,UAH,Гімназія №6 ГОРІШНЬОПЛАВНІВСЬКОЇ МІСЬКОЇ РАДИ КРЕМЕНЧУЦЬКОГО РАЙОНУ ПОЛТАВСЬКОЇ ОБЛАСТІ,23280315,Полтавська область
2d40d9c59f214daaa604ed31d36079ba,UA-2026-08-19-010796-a,2026-08-19T15:54:56.919111+03:00,active.qualification,15220000-6,1553375.0,UAH,"Відокремлений структурний підрозділ ""Олімпійський фаховий коледж імені Івана Піддубного Національного університету фізичного виховання і спорту України""",43914945,м. Київ
3b3a6e7c0d8f4d7d81e4b405cb5ad17c,UA-2026-08-19-013358-a,2026-08-19T18:59:21.742449+03:00,active.qualification,15320000-7,65700.0,UAH,"Кременчуцька гімназія №20 Кременчуцької міської ради Кременчуцького району Полтавської області
",24830485,Полтавська область
a110fb65b9034a87a85cdf52c44c7ddc,UA-2026-08-19-012675-a,2026-08-19T17:17:03.733081+03:00,active.qualification,15540000-5,161502.57,UAH,"КРЕМЕНЧУЦЬКИЙ ЛІЦЕЙ №17 ""ВИБІР"" ІМЕНІ М.Г.НЕЛЕНЯ КРЕМЕНЧУЦЬКОЇ МІСЬКОЇ РАДИ КРЕМЕНЧУЦЬКОГО РАЙОНУ ПОЛТАВСЬКОЇ ОБЛАСТІ",22538987,Полтавська область
b8e2920938ba41f18579dfdda1f09b11,UA-2026-08-19-012870-a,2026-08-19T17:36:08.921967+03:00,active.qualification,15540000-5,97869.7,UAH,КРЕМЕНЧУЦЬКА ГІМНАЗІЯ №3 КРЕМЕНЧУЦЬКОЇ МІСЬКОЇ РАДИ КРЕМЕНЧУЦЬКОГО РАЙОНУ ПОЛТАВСЬКОЇ ОБЛАСТІ,22548922,Полтавська область
4cd2b95c296a4bea83c9ed116925b1fc,UA-2026-08-19-012622-a,2026-08-19T17:13:12.287914+03:00,active.qualification,15610000-7,75617.38,UAH,"Кременчуцька гімназія №20 Кременчуцької міської ради Кременчуцького району Полтавської області
",24830485,Полтавська область
fd752f2fa904485a9be4e22c183eb69f,UA-2026-08-19-013087-a,2026-08-19T18:08:26.170035+03:00,active.qualification,15540000-5,191416.67,UAH,"Відділ освіти, сім'ї, молоді та спорту Васильковецької сільської ради",40620238,Тернопільська область
70df4bcea60c4804a0bcd6b04bf5277e,UA-2026-08-19-012819-a,2026-08-19T17:31:51.505933+03:00,active.qualification,15860000-4,75285.0,UAH,"Відокремлений структурний підрозділ ""Олімпійський фаховий коледж імені Івана Піддубного Національного університету фізичного виховання і спорту України""",43914945,м. Київ
d8c44ca8ee8246f38d71b4c93f460e95,UA-2026-08-19-013056-a,2026-08-19T18:02:46.656896+03:00,active.qualification,15840000-8,6651.15,UAH,"КРЕМЕНЧУЦЬКИЙ ЛІЦЕЙ №17 ""ВИБІР"" ІМЕНІ М.Г.НЕЛЕНЯ КРЕМЕНЧУЦЬКОЇ МІСЬКОЇ РАДИ КРЕМЕНЧУЦЬКОГО РАЙОНУ ПОЛТАВСЬКОЇ ОБЛАСТІ",22538987,Полтавська область
a72f5a3bdc804cd9aad38842c4c75f7d,UA-2026-08-19-002311-a,2026-08-19T10:31:47.901382+03:00,active.qualification,15550000-8,257833.33,UAH,"УПРАВЛІННЯ ОСВІТИ, КУЛЬТУРИ, ТУРИЗМУ, МОЛОДІ ТА СПОРТУ КОБЕЛЯЦЬКОЇ МІСЬКОЇ РАДИ",45656012,Полтавська область
e64777a501644a2c91e4d461ef559d86,UA-2026-08-19-012281-a,2026-08-19T16:51:40.256344+03:00,active.qualification,15530000-2,55366.6,UAH,"КРЕМЕНЧУЦЬКИЙ ЛІЦЕЙ №17 ""ВИБІР"" ІМЕНІ М.Г.НЕЛЕНЯ КРЕМЕНЧУЦЬКОЇ МІСЬКОЇ РАДИ КРЕМЕНЧУЦЬКОГО РАЙОНУ ПОЛТАВСЬКОЇ ОБЛАСТІ",22538987,Полтавська область
819793e50f9943409a3e3e1bdd1372eb,UA-2026-08-19-013013-a,2026-08-19T17:56:46.734523+03:00,active.qualification,15820000-2,8029.35,UAH,"КРЕМЕНЧУЦЬКИЙ ЛІЦЕЙ №17 ""ВИБІР"" ІМЕНІ М.Г.НЕЛЕНЯ КРЕМЕНЧУЦЬКОЇ МІСЬКОЇ РАДИ КРЕМЕНЧУЦЬКОГО РАЙОНУ ПОЛТАВСЬКОЇ ОБЛАСТІ",22538987,Полтавська область
357167ff00e84e62bd1307c315bf8e26,UA-2026-08-19-013076-a,2026-08-19T18:05:37.617878+03:00,active.qualification,15860000-4,1124.99,UAH,"КРЕМЕНЧУЦЬКИЙ ЛІЦЕЙ №17 ""ВИБІР"" ІМЕНІ М.Г.НЕЛЕНЯ КРЕМЕНЧУЦЬКОЇ МІСЬКОЇ РАДИ КРЕМЕНЧУЦЬКОГО РАЙОНУ ПОЛТАВСЬКОЇ ОБЛАСТІ",22538987,Полтавська область
f218fac7b79e4fd98bf8af46db1b11f4,UA-2026-08-19-012494-a,2026-08-19T17:03:47.767340+03:00,active.qualification,15420000-8,80000.0,UAH,ВІЙСЬКОВА ЧАСТИНА 1472,14321541,
2b0e06a44c6347e39fa323edb76e3fd4,UA-2026-08-19-011081-a,2026-08-19T16:04:06.314442+03:00,active.qualification,15540000-5,45375.0,UAH,Вільногірський ліцей №5 Вільногірської міської ради Дніпропетровської області,33340098,Дніпропетровська область
4bdd9df203064728b78429f23834084b,UA-2026-08-19-011597-a,2026-08-19T16:23:19.314451+03:00,active.qualification,15540000-5,166666.67,UAH,Гореницький ліцей Білогородської сільської ради Бучанського району Київської області,26312524,Київська область
863bdf25b3a140c69794097a332e6e2b,UA-2026-08-19-012803-a,2026-08-19T17:30:09.591516+03:00,active.qualification,15510000-6,43303.08,UAH,"КРЕМЕНЧУЦЬКИЙ ЛІЦЕЙ №17 ""ВИБІР"" ІМЕНІ М.Г.НЕЛЕНЯ КРЕМЕНЧУЦЬКОЇ МІСЬКОЇ РАДИ КРЕМЕНЧУЦЬКОГО РАЙОНУ ПОЛТАВСЬКОЇ ОБЛАСТІ",22538987,Полтавська область
d0a9daeb6cb3420a8dc4ce49bc61be3e,UA-2026-08-19-001809-a,2026-08-19T10:12:56.181537+03:00,active.qualification,15110000-2,724580.0,UAH,"Відділ освіти, культури, молоді та спорту Белзької міської ради Львівської області",44133922,Львівська область
b514ed15fb374efcbb0a91666b9d81fa,UA-2026-08-19-012524-a,2026-08-19T17:06:02.677253+03:00,active.qualification,15420000-8,28810.91,UAH,"КРЕМЕНЧУЦЬКИЙ ЛІЦЕЙ №17 ""ВИБІР"" ІМЕНІ М.Г.НЕЛЕНЯ КРЕМЕНЧУЦЬКОЇ МІСЬКОЇ РАДИ КРЕМЕНЧУЦЬКОГО РАЙОНУ ПОЛТАВСЬКОЇ ОБЛАСТІ",22538987,Полтавська область
15250307042d413b98a8317ab545d51d,UA-2026-08-19-006777-a,2026-08-19T13:33:35.162585+03:00,active.qualification,15320000-7,164560.0,UAH,"ВІДДІЛ ОСВІТИ, МОЛОДІ,СПОРТУ, КУЛЬТУРИ,ТУРИЗМУ ТА ПРАВОПОРЯДКУ ВЕСНЯНСЬКОЇ СЕЛИЩНОЇ РАДИ",41292510,Миколаївська область
76546d7312734aa4b79a6212016fbaf0,UA-2026-08-19-011539-a,2026-08-19T16:21:09.811678+03:00,active.qualification,15550000-8,163040.0,UAH,"КОМУНАЛЬНА УСТАНОВА СУМСЬКА ЗАГАЛЬНООСВІТНЯ ШКОЛА І-ІІІ СТУПЕНІВ №6, М. СУМИ, СУМСЬКОЇ ОБЛАСТІ",14023068,Сумська область
fc1c78628ba048fa9d824ae1af1ed664,UA-2026-08-19-009150-a,2026-08-19T15:01:08.872735+03:00,active.qualification,15330000-0,131000.89,UAH,КРЕМЕНЧУЦЬКА ГІМНАЗІЯ №3 КРЕМЕНЧУЦЬКОЇ МІСЬКОЇ РАДИ КРЕМЕНЧУЦЬКОГО РАЙОНУ ПОЛТАВСЬКОЇ ОБЛАСТІ,22548922,Полтавська область
76fffe5036524224871d93334ec183ff,UA-2026-08-19-012882-a,2026-08-19T17:38:05.230405+03:00,active.qualification,15620000-0,8988.81,UAH,"КРЕМЕНЧУЦЬКИЙ ЛІЦЕЙ №17 ""ВИБІР"" ІМЕНІ М.Г.НЕЛЕНЯ КРЕМЕНЧУЦЬКОЇ МІСЬКОЇ РАДИ КРЕМЕНЧУЦЬКОГО РАЙОНУ ПОЛТАВСЬКОЇ ОБЛАСТІ",22538987,Полтавська область
7e5447ac7e3e40aa92945d1067091de8,UA-2026-08-19-005000-a,2026-08-19T12:02:53.560597+03:00,active.qualification,15330000-0,52600.0,UAH,"Комунальний заклад ""Чернівецький обласний навчально-реабілітаційний центр №1""",14271109,Чернівецька область
a72b1681f61f496cb3d1fc5bec866510,UA-2026-08-19-009639-a,2026-08-19T15:16:38.882062+03:00,active.qualification,15330000-0,275333.33,UAH, ВІДДІЛ ОСВІТИ БАРСЬКОЇ МІСЬКОЇ РАДИ,41299207,Вінницька область
30b20c9ed77e4b8f9ebfe6549870943e,UA-2026-08-19-009544-a,2026-08-19T15:13:20.138279+03:00,active.qualification,15220000-6,92400.0,UAH,КРЕМЕНЧУЦЬКА ГІМНАЗІЯ №3 КРЕМЕНЧУЦЬКОЇ МІСЬКОЇ РАДИ КРЕМЕНЧУЦЬКОГО РАЙОНУ ПОЛТАВСЬКОЇ ОБЛАСТІ,22548922,Полтавська область
991c1e4f0b7e4e19b7a1c91914ff7f81,UA-2026-08-19-010871-a,2026-08-19T15:57:19.088075+03:00,active.qualification,15610000-7,136565.0,UAH,"ВІДДІЛ ОСВІТИ, МОЛОДІ,СПОРТУ, КУЛЬТУРИ,ТУРИЗМУ ТА ПРАВОПОРЯДКУ ВЕСНЯНСЬКОЇ СЕЛИЩНОЇ РАДИ",41292510,Миколаївська область
78e79d8d1a9448438d39a325a8a10399,UA-2026-08-19-012171-a,2026-08-19T16:46:49.746933+03:00,active.qualification,15870000-7,39600.0,UAH,КОНЦЕРН “МІСЬКІ ТЕПЛОВІ МЕРЕЖІ”,32121458,Запорізька область
4971b7e25e06486d97ced6bc55541209,UA-2026-08-19-011231-a,2026-08-19T16:09:39.409446+03:00,active.qualification,15610000-7,47313.15,UAH,КРЕМЕНЧУЦЬКА ГІМНАЗІЯ №3 КРЕМЕНЧУЦЬКОЇ МІСЬКОЇ РАДИ КРЕМЕНЧУЦЬКОГО РАЙОНУ ПОЛТАВСЬКОЇ ОБЛАСТІ,22548922,Полтавська область
eb83969846364060b71fa5fca2f855cb,UA-2026-08-19-008252-a,2026-08-19T14:32:25.563367+03:00,active.qualification,15110000-2,104150.0,UAH,"Опорний заклад освіти "" Миргородська гімназія №3 Миргородської міської ради Полтавської області""",23280506,Полтавська область
488e60feac1f4f01ac8389e01fe4b4b3,UA-2026-08-19-007611-a,2026-08-19T14:10:39.456182+03:00,active.qualification,15540000-5,48540.27,UAH,"КОМУНАЛЬНЕ ПІДПРИЄМСТВО ""ЛІКАРНЯ №2 ІМ. В.П.ПАВЛУСЕНКА"" ЖИТОМИРСЬКОЇ МІСЬКОЇ РАДИ",42789136,Житомирська область
fef266fcadb341dabb8dc71b074ca0c3,UA-2026-08-19-012096-a,2026-08-19T16:43:42.828368+03:00,active.qualification,15810000-9,335000.0,UAH,Комунальний заклад «Ліцей №1» Кам’янської міської ради,23076709,Дніпропетровська область
c1ef5514921947a3bf4a94c275fe2987,UA-2026-08-19-005247-a,2026-08-19T12:14:18.394664+03:00,active.qualification,15330000-0,24000.0,UAH,"Комунальний заклад ""Чернівецький обласний навчально-реабілітаційний центр №1""",14271109,Чернівецька область
9d770ea4078b413aaf73ad7d447e08b5,UA-2026-08-19-011379-a,2026-08-19T16:15:21.638518+03:00,active.qualification,15830000-5,70000.0,UAH,"ВІДДІЛ ОСВІТИ, МОЛОДІ ТА СПОРТУ АРЦИЗЬКОЇ МІСЬКОЇ РАДИ",44054694,Одеська область
a863aecde8984688bc4ebd55a24b8a24,UA-2026-08-19-006838-a,2026-08-19T13:35:45.416780+03:00,active.qualification,15510000-6,170794.0,UAH,"Державна установа ""Дніпропетровська регіональна державна лабораторія Державної служби України з питань безпечності харчових продуктів та захисту споживачів""",00693517,Дніпропетровська область
dba14ac7c23a43728234432a2dc7ff62,UA-2026-08-19-008444-a,2026-08-19T14:39:07.150358+03:00,active.qualification,15130000-8,75000.0,UAH,"КЗ ЛОР ""Буківський дитячий будинок-інтернат""",03189015,Львівська область
64f63b5563f741d0810c16e65ab257b9,UA-2026-08-19-010029-a,2026-08-19T15:29:27.713488+03:00,active.qualification,15130000-8,65000.0,UAH,Головний логістичний центр Державної прикордонної служби України (військова частина 1575),14373294,
3c0ad563f59a4161ad530a8eaa4bfe5a,UA-2026-08-19-005540-a,2026-08-19T12:30:18.360455+03:00,active.qualification,15220000-6,247495.0,UAH,"Відділ освіти, сім'ї, молоді та спорту Васильковецької сільської ради",40620238,Тернопільська область
b9496d56ef1a481a8e5bfb21a9f3e596,UA-2026-08-19-011812-a,2026-08-19T16:32:19.696474+03:00,active.qualification,15810000-9,43533.7,UAH,"Комунальне некомерційне підприємство ""Тернопільський обласний клінічний перинатальний центр ""Мати і дитина"" Тернопільської обласної ради""",35492401,Тернопільська область
aab5cb71a51a47a5854f2d4aed8211bd,UA-2026-08-19-006272-a,2026-08-19T13:08:53.232110+03:00,active.qualification,15850000-1,158333.34,UAH, ВІДДІЛ ОСВІТИ БАРСЬКОЇ МІСЬКОЇ РАДИ,41299207,Вінницька область
5b06707474f14d9a894d2d7674fa2b00,UA-2026-08-11-009438-a,2026-08-11T15:18:46.328041+03:00,unsuccessful,15710000-8,70700.0,UAH,Військова частина А2595 МО України,07567158,Львівська область
29e6c77814b0423a81fd6dbf608a9fc0,UA-2026-08-19-010725-a,2026-08-19T15:52:28.479579+03:00,active.qualification,15610000-7,14171.67,UAH,Львівський професійний коледж готельно-туристичного та ресторанного сервісу,20835913,Львівська область
a9edc0288d0f42a9b870d7cb0ff0df4c,UA-2026-08-19-000840-a,2026-08-19T09:25:28.355562+03:00,active.qualification,15110000-2,475375.0,UAH,БЕРЕГІВСЬКИЙ ЛІЦЕЙ ІМЕНІ ГАБОРА БЕТЛЕНА БЕРЕГІВСЬКОЇ МІСЬКОЇ РАДИ ЗАКАРПАТСЬКОЇ ОБЛАСТІ,22094289,Закарпатська область
6837b33d83b243a89a6473c301db41b8,UA-2026-08-19-005140-a,2026-08-19T12:09:32.639266+03:00,active.qualification,15610000-7,29583.33,UAH,КІЦМАНСЬКА МІСЬКА РАДА,04062127,Чернівецька область
061f61f502744265935a01d8a4f0eab2,UA-2026-08-19-008704-a,2026-08-19T14:46:56.380632+03:00,active.qualification,15540000-5,34279.0,UAH,Комунальна установа Сумської обласної ради Лебединський психоневрологічний інтернат,03189363,Сумська область
0265a24972424eea8b759c0a76c8e114,UA-2026-08-19-000257-a,2026-08-19T08:38:13.164836+03:00,active.qualification,15530000-2,116100.0,UAH,"ВІДДІЛ ОСВІТИ, МОЛОДІ,СПОРТУ, КУЛЬТУРИ,ТУРИЗМУ ТА ПРАВОПОРЯДКУ ВЕСНЯНСЬКОЇ СЕЛИЩНОЇ РАДИ",41292510,Миколаївська область
52e851d0569f4e3fa5dd036fc3da65a4,UA-2026-08-19-001058-a,2026-08-19T09:37:00.982614+03:00,active.qualification,15540000-5,565110.0,UAH,"ВІДДІЛ ОСВІТИ, МОЛОДІ,СПОРТУ, КУЛЬТУРИ,ТУРИЗМУ ТА ПРАВОПОРЯДКУ ВЕСНЯНСЬКОЇ СЕЛИЩНОЇ РАДИ",41292510,Миколаївська область
7723451703624767b4082ca15554725b,UA-2026-08-19-005406-a,2026-08-19T12:22:43.302931+03:00,active.qualification,15110000-2,355000.0,UAH,КРЕМЕНЧУЦЬКА ГІМНАЗІЯ №3 КРЕМЕНЧУЦЬКОЇ МІСЬКОЇ РАДИ КРЕМЕНЧУЦЬКОГО РАЙОНУ ПОЛТАВСЬКОЇ ОБЛАСТІ,22548922,Полтавська область
77cbb873e9b148bda9530ac47bf06270,UA-2026-08-19-007234-a,2026-08-19T13:54:14.798617+03:00,active.qualification,15320000-7,607500.0,UAH,Відділ освіти виконавчого комітету Тернівської районної у місті ради,02142307,Дніпропетровська область
8c6b9fadb26a43cebb0aa2aac50d20e1,UA-2026-08-19-002549-a,2026-08-19T10:40:44.606095+03:00,active.qualification,15530000-2,35000.0,UAH,"Комунальний заклад ""Браїлівський ліцей імені В.О.Забаштанського""   Жмеринської міської територіальної громади
",26242321,Вінницька область
dc6981ae13494240b6588cbdae53fc08,UA-2026-08-19-001484-a,2026-08-19T09:58:42.378632+03:00,active.qualification,15330000-0,43312.5,UAH,"Відділ освіти, культури, молоді та спорту Белзької міської ради Львівської області",44133922,Львівська область
291c4a3467c54fba98fdb43db130e77b,UA-2026-08-19-003633-a,2026-08-19T11:16:41.087870+03:00,active.qualification,15320000-7,226000.0,UAH,"УПРАВЛІННЯ ОСВІТИ, КУЛЬТУРИ, ТУРИЗМУ, МОЛОДІ ТА СПОРТУ КОБЕЛЯЦЬКОЇ МІСЬКОЇ РАДИ",45656012,Полтавська область
9889f74233c44945a2a4e1e1fb468114,UA-2026-08-19-005005-a,2026-08-19T12:03:07.858125+03:00,active.qualification,15420000-8,46260.0,UAH,"ВІДДІЛ ОСВІТИ, МОЛОДІ,СПОРТУ, КУЛЬТУРИ,ТУРИЗМУ ТА ПРАВОПОРЯДКУ ВЕСНЯНСЬКОЇ СЕЛИЩНОЇ РАДИ",41292510,Миколаївська область
9928cb66926c43ee8b725eea7d772153,UA-2026-08-18-010868-a,2026-08-18T15:59:05.926170+03:00,unsuccessful,15830000-5,55128.33,UAH," УПРАВЛІННЯ ОСВІТИ, РЕЛІГІЙ ТА У СПРАВАХ НАЦІОНАЛЬНОСТЕЙ ВИКОНАВЧОГО КОМІТЕТУ ХУСТСЬКОЇ МІСЬКОЇ РАДИ",33763070,Закарпатська область
1aeaf2e8847e4ca3993ba74d4df6e489,UA-2026-08-19-003851-a,2026-08-19T11:23:21.720599+03:00,unsuccessful,15830000-5,8750.0,UAH,"ВІДДІЛ ОСВІТИ, МОЛОДІ,СПОРТУ, КУЛЬТУРИ,ТУРИЗМУ ТА ПРАВОПОРЯДКУ ВЕСНЯНСЬКОЇ СЕЛИЩНОЇ РАДИ",41292510,Миколаївська область
aef2cd1953a04422a98f034439f43a59,UA-2026-08-19-006161-a,2026-08-19T13:03:10.967671+03:00,unsuccessful,15860000-4,9166.67,UAH,"ВІДДІЛ ОСВІТИ, МОЛОДІ,СПОРТУ, КУЛЬТУРИ,ТУРИЗМУ ТА ПРАВОПОРЯДКУ ВЕСНЯНСЬКОЇ СЕЛИЩНОЇ РАДИ",41292510,Миколаївська область
ac10c4d1958644aca1a341279c01724b,UA-2026-08-19-004707-a,2026-08-19T11:51:02.607044+03:00,unsuccessful,15810000-9,100800.0,UAH,"ВІДДІЛ ОСВІТИ, МОЛОДІ,СПОРТУ, КУЛЬТУРИ,ТУРИЗМУ ТА ПРАВОПОРЯДКУ ВЕСНЯНСЬКОЇ СЕЛИЩНОЇ РАДИ",41292510,Миколаївська область
9b3df1e6c5f4451ab2c6e46f23ff73c6,UA-2026-08-18-011109-a,2026-08-18T16:07:59.970157+03:00,active.qualification,15850000-1,106000.0,UAH,"ВІДДІЛ ОСВІТИ, МОЛОДІ ТА СПОРТУ АРЦИЗЬКОЇ МІСЬКОЇ РАДИ",44054694,Одеська область
0e9a128d8d6f48a994949de38d3a8a65,UA-2026-08-19-003007-a,2026-08-19T10:54:48.039934+03:00,active.qualification,15320000-7,196000.0,UAH,ВІДДІЛ ОСВІТИ ФУРСІВСЬКОЇ СІЛЬСЬКОЇ РАДИ,46185003,Київська область
7c924c723f644213bd9b3c372e94515b,UA-2026-08-19-005927-a,2026-08-19T12:49:47.549395+03:00,active.qualification,15810000-9,175000.0,UAH, ВІДДІЛ ОСВІТИ БАРСЬКОЇ МІСЬКОЇ РАДИ,41299207,Вінницька область
744e84f345c34fc89027198b16ca44c5,UA-2026-08-19-004322-a,2026-08-19T11:38:54.394551+03:00,active.qualification,15320000-7,34000.0,UAH,"Комунальний заклад ""Браїлівський ліцей імені В.О.Забаштанського""   Жмеринської міської територіальної громади
",26242321,Вінницька область
5d01990605794b34a467f5b3331e58d4,UA-2026-08-19-006469-a,2026-08-19T13:18:55.186752+03:00,unsuccessful,15850000-1,36350.0,UAH,"ВІДДІЛ ОСВІТИ, МОЛОДІ,СПОРТУ, КУЛЬТУРИ,ТУРИЗМУ ТА ПРАВОПОРЯДКУ ВЕСНЯНСЬКОЇ СЕЛИЩНОЇ РАДИ",41292510,Миколаївська область
f545ecf51d714569946848d6046d0864,UA-2026-08-19-005568-a,2026-08-19T12:31:59.259516+03:00,active.qualification,15610000-7,200000.0,UAH, ВІДДІЛ ОСВІТИ БАРСЬКОЇ МІСЬКОЇ РАДИ,41299207,Вінницька область
c25f623653e648e0b02c26f85fd8a670,UA-2026-08-18-012032-a,2026-08-18T16:45:16.298871+03:00,active.qualification,15530000-2,235000.0,UAH,"ВІДДІЛ ОСВІТИ, МОЛОДІ ТА СПОРТУ АРЦИЗЬКОЇ МІСЬКОЇ РАДИ",44054694,Одеська область
d0f22291439c4166bbbdaf00289f59ba,UA-2026-08-19-004452-a,2026-08-19T11:42:45.127543+03:00,active.qualification,15540000-5,95000.0,UAH,"Комунальний заклад ""Браїлівський ліцей імені В.О.Забаштанського""   Жмеринської міської територіальної громади
",26242321,Вінницька область
6f193d91456c493f9f99544d9ed07084,UA-2026-08-19-005509-a,2026-08-19T12:27:53.938369+03:00,active.qualification,15890000-3,216547.5,UAH,"КОМУНАЛЬНЕ ПІДПРИЄМСТВО ""ДОБРОБУТ
ПОЛТАВСЬКОЇ ГРОМАДИ ПОЛТАВСЬКОЇ МІСЬКОЇ РАДИ""",43965125,Полтавська область
4d6e75185ad04292abcdfdb02b759451,UA-2026-08-19-005403-a,2026-08-19T12:22:33.711143+03:00,active.qualification,15320000-7,1927807.5,UAH,"КОМУНАЛЬНЕ ПІДПРИЄМСТВО ""ДОБРОБУТ
ПОЛТАВСЬКОЇ ГРОМАДИ ПОЛТАВСЬКОЇ МІСЬКОЇ РАДИ""",43965125,Полтавська область
8edef55b5079422c91ae9bbc432e86f3,UA-2026-08-19-003676-a,2026-08-19T11:18:04.557307+03:00,active.qualification,15110000-2,265120.0,UAH,"Коммунальний заклад"" Попаснянський обласний психоневрологічний інтернат""",03190047,Луганська область
898622021c7c4d0a8575be0f2f485c8f,UA-2026-08-18-000119-a,2026-08-18T08:15:32.701465+03:00,active.qualification,15850000-1,76000.0,UAH,"Комунальне підприємство ""Острозька обласна психіатрична лікарня"" Рівненської обласної ради",02010422,Рівненська область
3de63ccbdefd474c9bdd7b72becf6cd7,UA-2026-08-14-010606-a,2026-08-14T16:20:42.406791+03:00,unsuccessful,15330000-0,26000.0,UAH,"КИЇВСЬКИЙ ОБЛАСНИЙ ЦЕНТР СОЦІАЛЬНО-ПСИХОЛОГІЧНОЇ РЕАБІЛІТАЦІЇ ДІТЕЙ ""СТРІТІВКА""",38011087,Київська область
5aa3241c1b7b4482a6b70f92e534d86d,UA-2026-08-19-004198-a,2026-08-19T11:35:19.831942+03:00,unsuccessful,15620000-0,8416.67,UAH,"ВІДДІЛ ОСВІТИ, МОЛОДІ,СПОРТУ, КУЛЬТУРИ,ТУРИЗМУ ТА ПРАВОПОРЯДКУ ВЕСНЯНСЬКОЇ СЕЛИЩНОЇ РАДИ",41292510,Миколаївська область
fba0b2663c4e42689dce7a84f1428db4,UA-2026-08-19-003551-a,2026-08-19T11:14:17.412160+03:00,active.qualification,15420000-8,11250.0,UAH,КІЦМАНСЬКА МІСЬКА РАДА,04062127,Чернівецька область
61ffa264abdd4e0288503c09315658b2,UA-2026-08-19-002704-a,2026-08-19T10:46:04.908152+03:00,active.qualification,15110000-2,390833.33,UAH,"Комунальний заклад ""Браїлівський ліцей імені В.О.Забаштанського""   Жмеринської міської територіальної громади
",26242321,Вінницька область
dc419362682447b895fbf0cc4f7f2b68,UA-2026-08-19-005027-a,2026-08-19T12:04:03.841324+03:00,active.qualification,15710000-8,21150.0,UAH,"Державна установа ""Темнівська виправна колонія (№100)""",08733162,Харківська область
e18f7301029e46f387254e90f17a4689,UA-2026-08-19-004117-a,2026-08-19T11:32:03.772000+03:00,active.qualification,15830000-5,1958.33,UAH,КІЦМАНСЬКА МІСЬКА РАДА,04062127,Чернівецька область
7792469887024f91bbfdafbe6eff7931,UA-2026-08-19-001437-a,2026-08-19T09:56:30.676325+03:00,active.qualification,15110000-2,53070.83,UAH,Водянський ліцей Верхньодніпровської міської ради,26372638,Дніпропетровська область
65eda76a4da24fe6bc222c6b1996a798,UA-2026-08-19-002863-a,2026-08-19T10:50:29.286042+03:00,active.qualification,15810000-9,19166.67,UAH,КІЦМАНСЬКА МІСЬКА РАДА,04062127,Чернівецька область
39ad2d52422c4838b3ea3fa51cf85aa6,UA-2026-08-19-002198-a,2026-08-19T10:27:02.744584+03:00,unsuccessful,15550000-8,122830.0,UAH,"ВІДДІЛ ОСВІТИ, МОЛОДІ,СПОРТУ, КУЛЬТУРИ,ТУРИЗМУ ТА ПРАВОПОРЯДКУ ВЕСНЯНСЬКОЇ СЕЛИЩНОЇ РАДИ",41292510,Миколаївська область
91c931b624984082bdc0cc2082091030,UA-2026-08-18-009006-a,2026-08-18T15:01:57.805867+03:00,active.qualification,15420000-8,183000.0,UAH,"ВІДДІЛ ОСВІТИ, МОЛОДІ ТА СПОРТУ АРЦИЗЬКОЇ МІСЬКОЇ РАДИ",44054694,Одеська область
41cc6e3813d646cdba4281714a1611f5,UA-2026-08-18-007345-a,2026-08-18T14:06:37.840629+03:00,unsuccessful,15610000-7,354130.83,UAH," УПРАВЛІННЯ ОСВІТИ, РЕЛІГІЙ ТА У СПРАВАХ НАЦІОНАЛЬНОСТЕЙ ВИКОНАВЧОГО КОМІТЕТУ ХУСТСЬКОЇ МІСЬКОЇ РАДИ",33763070,Закарпатська область
e911a16e4a4e4cfd838dcf828db0d358,UA-2026-08-18-007550-a,2026-08-18T14:14:19.357389+03:00,active.tendering,15110000-2,11385600.0,UAH,"ГОЛОВНИЙ ЦЕНТР КАПІТАЛЬНОГО БУДІВНИЦТВА, РЕКОНСТРУКЦІЇ ТА ЗАКУПІВЕЛЬ ДЕРЖАВНОЇ ПРИКОРДОННОЇ СЛУЖБИ УКРАЇНИ",23311317,
e3def612c42c4233990e575121d3fc72,UA-2026-08-21-013222-a,2026-08-21T23:46:25.784849+03:00,active.tendering,15220000-6,11500.0,UAH,"Комунальний заклад ""Світловодська спеціальна школа Кіровоградської обласної ради""",22219354,Кіровоградська область
c4033c7e42a84235993323dd34fd0e2f,UA-2026-08-21-013220-a,2026-08-21T23:44:51.562515+03:00,complete,15840000-8,1105.0,UAH,Служба у справах дітей та сім'ї Переяславської міської ради,36199863,Київська область
de665e4ba57c4f62b619f4ca7583b8c8,UA-2026-08-21-013226-a,2026-08-21T23:50:18.483683+03:00,active.tendering,15220000-6,28750.0,UAH,"Комунальний заклад ""Світловодська спеціальна школа Кіровоградської обласної ради""",22219354,Кіровоградська область
58a249849829430b9c3c7d072db3a658,UA-2026-08-21-013213-a,2026-08-21T23:37:11.014988+03:00,active.tendering,15810000-9,51530.0,UAH,Відділ освіти Скалатської міської ради,40518321,Тернопільська область
5c57ae54d50e4205afef8c6ebefacdaa,UA-2026-08-21-013214-a,2026-08-21T23:38:17.654720+03:00,active.tendering,15110000-2,103501.67,UAH,"Комунальний заклад ""Світловодська спеціальна школа Кіровоградської обласної ради""",22219354,Кіровоградська область
a8cdc3d45ed241c1ab2019a049ba6e54,UA-2026-08-21-013212-a,2026-08-21T23:37:10.585676+03:00,active.tendering,15510000-6,75000.0,UAH,"Славутицький ліцей ""БезМеж"" Славутицької міської ради Вишгородського району Київської області",25658410,Київська область
b43749cc773b40dc8ffe1b452ead6219,UA-2026-08-21-013204-a,2026-08-21T23:30:14.154067+03:00,active.tendering,15110000-2,37561.67,UAH,"Комунальний заклад ""Світловодська спеціальна школа Кіровоградської обласної ради""",22219354,Кіровоградська область
f0c3310a297e468395c623742bc150db,UA-2026-08-21-013200-a,2026-08-21T23:25:46.318241+03:00,active.tendering,15510000-6,90000.0,UAH,Ліцей №1 ім. М.Д. Леонтовича Немирівської  міської  ради,13310311,Вінницька область
b14930c3547d4103a150ef6eaa3e3b81,UA-2026-08-21-013201-a,2026-08-21T23:26:54.428075+03:00,active.tendering,15540000-5,243125.0,UAH,Демидівський ліцей Димерської селищної ради,20583682,Київська область
4b771befde95447c9b3b901aaf792c8f,UA-2026-08-21-013195-a,2026-08-21T23:21:48.797069+03:00,complete,15810000-9,2622.68,UAH,Золочівський професійний ліцей,02545365,Львівська область
7013f45f942f4e7d9d9320ac68e021bb,UA-2026-08-21-013192-a,2026-08-21T23:20:08.624838+03:00,active.tendering,15540000-5,11470.66,UAH,"Комунальний заклад ""Світловодська спеціальна школа Кіровоградської обласної ради""",22219354,Кіровоградська область
28c2d7b1fa404cc29bdbe8ba6b674695,UA-2026-08-21-013180-a,2026-08-21T23:09:04.725150+03:00,active.tendering,15540000-5,38064.66,UAH,"Комунальний заклад ""Світловодська спеціальна школа Кіровоградської обласної ради""",22219354,Кіровоградська область
dd92a74c5881436c86e226c4a49490c1,UA-2026-08-21-013174-a,2026-08-21T23:00:35.867408+03:00,active.tendering,15110000-2,327550.0,UAH,Демидівський ліцей Димерської селищної ради,20583682,Київська область
8dc3c75d73a74617a4a2907e853f8e42,UA-2026-08-21-013176-a,2026-08-21T23:04:34.424150+03:00,active.tendering,15330000-0,55621.0,UAH,Ліцей №1 ім. М.Д. Леонтовича Немирівської  міської  ради,13310311,Вінницька область
b9ec035752e34f3ca6ac793dffd6a087,UA-2026-08-17-012826-a,2026-08-17T22:15:18.435614+03:00,complete,15110000-2,57580.1,UAH,Житомирська спеціальна школа Житомирської обласної ради,05395948,Житомирська область
c6d6dfed057c4d67a16fc6644d7b88ed,UA-2026-08-13-012960-a,2026-08-13T19:41:18.700076+03:00,complete,15220000-6,101857.5,UAH,Департамент освіти Полтавської міської ради,02145725,Полтавська область
fefb32cedb974dd3b4477c0fbcdc3085,UA-2026-08-21-013168-a,2026-08-21T22:51:31.502120+03:00,complete,15870000-7,281.2,UAH,Золочівський професійний ліцей,02545365,Львівська область
4a8a9d208a3449f5bbb2e80a8a1ac0a1,UA-2026-08-17-012320-a,2026-08-17T18:45:18.221021+03:00,complete,15540000-5,32519.3,UAH,Департамент освіти Полтавської міської ради,02145725,Полтавська область
0ca8b28d99184d5bb20d29b883b0d45d,UA-2026-08-21-013170-a,2026-08-21T22:51:55.137491+03:00,active.tendering,15330000-0,36618.67,UAH,"Комунальний заклад ""Світловодська спеціальна школа Кіровоградської обласної ради""",22219354,Кіровоградська область
f63fb29efabb4c9f9a4c63fdd7d62532,UA-2026-08-21-013167-a,2026-08-21T22:51:28.271525+03:00,active.tendering,15220000-6,63241.67,UAH,КРЕМЕНЧУЦЬКА ГІМНАЗІЯ №8 КРЕМЕНЧУЦЬКОЇ МІСЬКОЇ РАДИ КРЕМЕНЧУЦЬКОГО РАЙОНУ ПОЛТАВСЬКОЇ ОБЛАСТІ,24827827,Полтавська область
0fd93ed0ded64a39aa1de98e932f8822,UA-2026-08-17-012347-a,2026-08-17T18:53:25.994418+03:00,complete,15550000-8,35946.52,UAH,Департамент освіти Полтавської міської ради,02145725,Полтавська область
533c6fbaf6f64deabd0c6b8f4f765e35,UA-2026-08-21-013165-a,2026-08-21T22:48:53.825222+03:00,active.tendering,15510000-6,37350.0,UAH,КРЕМЕНЧУЦЬКА ГІМНАЗІЯ №8 КРЕМЕНЧУЦЬКОЇ МІСЬКОЇ РАДИ КРЕМЕНЧУЦЬКОГО РАЙОНУ ПОЛТАВСЬКОЇ ОБЛАСТІ,24827827,Полтавська область
595e7ae22a4c435b9d2fe0dcc6d1a31c,UA-2026-08-17-012670-a,2026-08-17T21:14:33.669308+03:00,complete,15330000-0,14929.2,UAH,Житомирська спеціальна школа Житомирської обласної ради,05395948,Житомирська область
21d56ef42da34ed087b48abc5e281aff,UA-2026-08-21-013162-a,2026-08-21T22:46:16.732911+03:00,active.tendering,15550000-8,29536.42,UAH,КРЕМЕНЧУЦЬКА ГІМНАЗІЯ №8 КРЕМЕНЧУЦЬКОЇ МІСЬКОЇ РАДИ КРЕМЕНЧУЦЬКОГО РАЙОНУ ПОЛТАВСЬКОЇ ОБЛАСТІ,24827827,Полтавська область
d915ab52dd2b47fab4825d911f721631,UA-2026-08-21-013152-a,2026-08-21T22:40:37.691331+03:00,active.tendering,15870000-7,48528.13,UAH,Департамент освіти Полтавської міської ради,02145725,Полтавська область
b21684347f9e44239bd77132dcc51808,UA-2026-08-21-013151-a,2026-08-21T22:40:00.982209+03:00,active.tendering,15540000-5,105945.0,UAH,КРЕМЕНЧУЦЬКА ГІМНАЗІЯ №8 КРЕМЕНЧУЦЬКОЇ МІСЬКОЇ РАДИ КРЕМЕНЧУЦЬКОГО РАЙОНУ ПОЛТАВСЬКОЇ ОБЛАСТІ,24827827,Полтавська область
6d281d776bce488c9a35381b4778fd49,UA-2026-08-13-013309-a,2026-08-13T21:36:16.002671+03:00,complete,15540000-5,20366.7,UAH,Житомирська спеціальна школа Житомирської обласної ради,05395948,Житомирська область
7a1e6f2d87404bb6b25984f437f7d6ce,UA-2026-08-21-013147-a,2026-08-21T22:36:22.318487+03:00,active.tendering,15610000-7,42115.0,UAH,КРЕМЕНЧУЦЬКА ГІМНАЗІЯ №8 КРЕМЕНЧУЦЬКОЇ МІСЬКОЇ РАДИ КРЕМЕНЧУЦЬКОГО РАЙОНУ ПОЛТАВСЬКОЇ ОБЛАСТІ,24827827,Полтавська область
7746fcdcfadc4c37a94df9c7bdeb5e9a,UA-2026-08-21-013141-a,2026-08-21T22:30:26.595490+03:00,active.tendering,15610000-7,66250.0,UAH,Ліцей №1 ім. М.Д. Леонтовича Немирівської  міської  ради,13310311,Вінницька область
97b981ce8e28431aa1ce6c9239897c85,UA-2026-08-21-013136-a,2026-08-21T22:27:01.211579+03:00,active.tendering,15330000-0,110801.04,UAH,"Комунальний заклад ""Світловодська спеціальна школа Кіровоградської обласної ради""",22219354,Кіровоградська область
fbe54949866b450fafbff69e987e3035,UA-2026-08-17-005114-a,2026-08-17T12:36:35.957798+03:00,complete,15320000-7,169500.0,UAH,ГУМАНІТАРНИЙ ВІДДІЛ ЗАТУРЦІВСЬКОЇ СІЛЬСЬКОЇ РАДИ,42439226,Волинська область
21b4b231e6e74abb8e4a1e5fdbb4a142,UA-2026-08-17-012790-a,2026-08-17T22:01:24.348897+03:00,complete,15110000-2,156565.2,UAH,Житомирська спеціальна школа Житомирської обласної ради,05395948,Житомирська область
056e510966fb46eebbc13a67f884c45e,UA-2026-08-14-003928-a,2026-08-14T11:27:40.426016+03:00,complete,15330000-0,88000.0,UAH,ГУМАНІТАРНИЙ ВІДДІЛ ЗАТУРЦІВСЬКОЇ СІЛЬСЬКОЇ РАДИ,42439226,Волинська область
c320a5a98cf44867b96f38a96432c370,UA-2026-08-21-013124-a,2026-08-21T22:20:24.605651+03:00,complete,15810000-9,264.0,UAH,"КОМУНАЛЬНИЙ ЗАКЛАД ДОШКІЛЬНОЇ ОСВІТИ ""КАЛИНОНЬКА"" ДОЛИНСЬКОЇ МІСЬКОЇ РАДИ",34461367,Кіровоградська область
60ee93568786471eabe12c88900a11d8,UA-2026-08-17-004989-a,2026-08-17T12:28:45.882187+03:00,complete,15530000-2,147000.0,UAH,ГУМАНІТАРНИЙ ВІДДІЛ ЗАТУРЦІВСЬКОЇ СІЛЬСЬКОЇ РАДИ,42439226,Волинська область
