date,rate
01.01.2015,1576.8556
02.01.2015,1576.8556
03.01.2015,1576.8556
04.01.2015,1576.8556
05.01.2015,1576.8556
06.01.2015,1577.9566
07.01.2015,1577.9566
08.01.2015,1575.5631
09.01.2015,1574.9587
10.01.2015,1574.9587
11.01.2015,1574.9587
12.01.2015,1575.7965
13.01.2015,1576.7906
14.01.2015,1577.124
15.01.2015,1577.6095
16.01.2015,1579.7967
17.01.2015,1587.643
18.01.2015,1587.643
19.01.2015,1580.7737
20.01.2015,1577.2208
21.01.2015,1578.4755
22.01.2015,1576.7642
23.01.2015,1579.205
24.01.2015,1579.205
25.01.2015,1579.205
26.01.2015,1581.0005
27.01.2015,1589.9591
28.01.2015,1586.9445
29.01.2015,1595.4336
30.01.2015,1615.7817
31.01.2015,1615.7817
01.02.2015,1615.7817
02.02.2015,1614.6996
03.02.2015,1624.1449
04.02.2015,1672.8929
05.02.2015,1799.9763
06.02.2015,2313.058
07.02.2015,2313.058
08.02.2015,2313.058
09.02.2015,2495.6198
10.02.2015,2484.0495
11.02.2015,2555.8067
12.02.2015,2509.9142
13.02.2015,2591.8523
14.02.2015,2591.8523
15.02.2015,2591.8523
16.02.2015,2604.9893
17.02.2015,2635.8713
18.02.2015,2679.9674
19.02.2015,2735.7992
20.02.2015,2785.8494
21.02.2015,2785.8494
22.02.2015,2785.8494
23.02.2015,2834.8066
24.02.2015,2829.1218
25.02.2015,2804.6032
26.02.2015,3001.0175
27.02.2015,2776.312
28.02.2015,2776.312
01.03.2015,2776.312
02.03.2015,2685.8114
03.03.2015,2482.0658
04.03.2015,2377.1263
05.03.2015,2309.0564
06.03.2015,2289.7045
07.03.2015,2289.7045
08.03.2015,2289.7045
09.03.2015,2289.7045
10.03.2015,2173.571
11.03.2015,2155.2936
12.03.2015,2155.3929
13.03.2015,2161.6059
14.03.2015,2161.6059
15.03.2015,2161.6059
16.03.2015,2177.0381
17.03.2015,2224.6866
18.03.2015,2329.6787
19.03.2015,2339.4039
20.03.2015,2319.0613
21.03.2015,2319.0613
22.03.2015,2319.0613
23.03.2015,2314.9873
24.03.2015,2328.7844
25.03.2015,2355.7021
26.03.2015,2350.0799
27.03.2015,2351.3024
28.03.2015,2351.3024
29.03.2015,2351.3024
30.03.2015,2344.2625
31.03.2015,2344.2625
01.04.2015,2345.1383
02.04.2015,2348.1944
03.04.2015,2350.9492
04.04.2015,2350.9492
05.04.2015,2350.9492
06.04.2015,2330.4799
07.04.2015,2344.7515
08.04.2015,2350.6033
09.04.2015,2351.0335
10.04.2015,2343.5369
11.04.2015,2343.5369
12.04.2015,2343.5369
13.04.2015,2343.5369
14.04.2015,2288.2033
15.04.2015,2292.6551
16.04.2015,2178.3027
17.04.2015,2144.5856
18.04.2015,2144.5856
19.04.2015,2144.5856
20.04.2015,2105.7654
21.04.2015,2225.4387
22.04.2015,2227.6179
23.04.2015,2254.2193
24.04.2015,2253.1063
25.04.2015,2253.1063
26.04.2015,2253.1063
27.04.2015,2245.163
28.04.2015,2289.8565
29.04.2015,2226.2406
30.04.2015,2104.6832
01.05.2015,2104.6832
02.05.2015,2104.6832
03.05.2015,2104.6832
04.05.2015,2104.6832
05.05.2015,2113.2395
06.05.2015,2113.3059
07.05.2015,2102.5503
08.05.2015,2072.246
09.05.2015,2072.246
10.05.2015,2072.246
11.05.2015,2072.246
12.05.2015,2058.9862
13.05.2015,2063.756
14.05.2015,2057.0787
15.05.2015,2056.9333
16.05.2015,2056.9333
17.05.2015,2056.9333
18.05.2015,2069.8242
19.05.2015,2211.8662
20.05.2015,2125.258
21.05.2015,2081.2662
22.05.2015,2067.8827
23.05.2015,2067.8827
24.05.2015,2067.8827
25.05.2015,2083.6853
26.05.2015,2113.3675
27.05.2015,2142.3472
28.05.2015,2104.1285
29.05.2015,2104.8227
30.05.2015,2104.8227
31.05.2015,2104.8227
01.06.2015,2104.8227
02.06.2015,2108.4888
03.06.2015,2107.0818
04.06.2015,2100.5961
05.06.2015,2101.3713
06.06.2015,2101.3713
07.06.2015,2101.3713
08.06.2015,2102.5806
09.06.2015,2110.2444
10.06.2015,2116.9299
11.06.2015,2115.333
12.06.2015,2102.7495
13.06.2015,2102.7495
14.06.2015,2102.7495
15.06.2015,2105.8829
16.06.2015,2144.881
17.06.2015,2214.7739
18.06.2015,2165.0235
19.06.2015,2132.9154
20.06.2015,2132.9154
21.06.2015,2132.9154
22.06.2015,2163.5428
23.06.2015,2176.87
24.06.2015,2152.572
25.06.2015,2117.802
26.06.2015,2119.6069
27.06.2015,2119.6069
28.06.2015,2119.6069
29.06.2015,2119.6069
30.06.2015,2101.5358
01.07.2015,2100.5219
02.07.2015,2100.6373
03.07.2015,2101.1609
04.07.2015,2101.1609
05.07.2015,2101.1609
06.07.2015,2101.8248
07.07.2015,2126.5897
08.07.2015,2170.0382
09.07.2015,2197.1761
10.07.2015,2184.8173
11.07.2015,2184.8173
12.07.2015,2184.8173
13.07.2015,2191.6483
14.07.2015,2196.3753
15.07.2015,2199.5345
16.07.2015,2210.7282
17.07.2015,2198.6687
18.07.2015,2198.6687
19.07.2015,2198.6687
20.07.2015,2201.4924
21.07.2015,2203.2134
22.07.2015,2202.1461
23.07.2015,2201.2094
24.07.2015,2201.5695
25.07.2015,2201.5695
26.07.2015,2201.5695
27.07.2015,2207.352
28.07.2015,2206.2278
29.07.2015,2203.9591
30.07.2015,2207.3558
31.07.2015,2161.1775
01.08.2015,2161.1775
02.08.2015,2161.1775
03.08.2015,2112.6666
04.08.2015,2171.7484
05.08.2015,2171.4134
06.08.2015,2156.5865
07.08.2015,2148.4096
08.08.2015,2148.4096
09.08.2015,2148.4096
10.08.2015,2108.9882
11.08.2015,2126.2951
12.08.2015,2137.155
13.08.2015,2138.5392
14.08.2015,2139.6247
15.08.2015,2139.6247
16.08.2015,2139.6247
17.08.2015,2175.7665
18.08.2015,2201.8809
19.08.2015,2208.7367
20.08.2015,2206.6173
21.08.2015,2203.0769
22.08.2015,2203.0769
23.08.2015,2203.0769
24.08.2015,2203.0769
25.08.2015,2209.5544
26.08.2015,2262.3411
27.08.2015,2142.5702
28.08.2015,2131.7065
29.08.2015,2131.7065
30.08.2015,2131.7065
31.08.2015,2118.5441
01.09.2015,2180.5419
02.09.2015,2179.8518
03.09.2015,2198.8664
04.09.2015,2201.5573
05.09.2015,2201.5573
06.09.2015,2201.5573
07.09.2015,2194.2791
08.09.2015,2211.7574
09.09.2015,2241.6926
10.09.2015,2196.8932
11.09.2015,2173.9039
12.09.2015,2173.9039
13.09.2015,2173.9039
14.09.2015,2169.8655
15.09.2015,2195.2695
16.09.2015,2199.8165
17.09.2015,2182.2599
18.09.2015,2159.8093
19.09.2015,2159.8093
20.09.2015,2159.8093
21.09.2015,2163.9391
22.09.2015,2185.5146
23.09.2015,2173.8564
24.09.2015,2157.5129
25.09.2015,2146.4469
26.09.2015,2146.4469
27.09.2015,2146.4469
28.09.2015,2161.5991
29.09.2015,2158.8351
30.09.2015,2152.7544
01.10.2015,2129.5636
02.10.2015,2115.3307
03.10.2015,2115.3307
04.10.2015,2115.3307
05.10.2015,2114.7443
06.10.2015,2121.564
07.10.2015,2126.4049
08.10.2015,2127.0167
09.10.2015,2129.9291
10.10.2015,2129.9291
11.10.2015,2129.9291
12.10.2015,2149.6208
13.10.2015,2181.7734
14.10.2015,2181.7734
15.10.2015,2193.2784
16.10.2015,2169.0618
17.10.2015,2169.0618
18.10.2015,2169.0618
19.10.2015,2129.7699
20.10.2015,2161.7536
21.10.2015,2198.8927
22.10.2015,2260.9278
23.10.2015,2228.0585
24.10.2015,2228.0585
25.10.2015,2228.0585
26.10.2015,2257.4677
27.10.2015,2290.5896
28.10.2015,2286.3258
29.10.2015,2288.6491
30.10.2015,2290.3985
31.10.2015,2290.3985
01.11.2015,2290.3985
02.11.2015,2299.3727
03.11.2015,2301.5217
04.11.2015,2301.941
05.11.2015,2308.1425
06.11.2015,2292.5534
07.11.2015,2292.5534
08.11.2015,2292.5534
09.11.2015,2264.8966
10.11.2015,2275.4934
11.11.2015,2276.1335
12.11.2015,2275.6907
13.11.2015,2291.723
14.11.2015,2291.723
15.11.2015,2291.723
16.11.2015,2305.9785
17.11.2015,2320.7025
18.11.2015,2377.1078
19.11.2015,2391.3585
20.11.2015,2383.9146
21.11.2015,2383.9146
22.11.2015,2383.9146
23.11.2015,2398.4576
24.11.2015,2406.3619
25.11.2015,2394.9241
26.11.2015,2377.1646
27.11.2015,2359.7302
28.11.2015,2359.7302
29.11.2015,2359.7302
30.11.2015,2388.4656
01.12.2015,2394.8086
02.12.2015,2384.1563
03.12.2015,2364.77
04.12.2015,2308.8807
05.12.2015,2308.8807
06.12.2015,2308.8807
07.12.2015,2364.8624
08.12.2015,2345.0698
09.12.2015,2291.3187
10.12.2015,2289.4918
11.12.2015,2336.8319
12.12.2015,2336.8319
13.12.2015,2336.8319
14.12.2015,2386.0094
15.12.2015,2381.162
16.12.2015,2345.1305
17.12.2015,2351.9276
18.12.2015,2348.7675
19.12.2015,2348.7675
20.12.2015,2348.7675
21.12.2015,2354.6414
22.12.2015,2351.8152
23.12.2015,2314.6841
24.12.2015,2299.7289
25.12.2015,2296.4482
26.12.2015,2296.4482
27.12.2015,2296.4482
28.12.2015,2313.7486
29.12.2015,2380.7482
30.12.2015,2379.0721
31.12.2015,2400.0667
01.01.2016,2400.0667
02.01.2016,2400.0667
03.01.2016,2400.0667
04.01.2016,2400.0667
05.01.2016,2400.0667
06.01.2016,2378.3691
07.01.2016,2378.3691
08.01.2016,2378.3691
09.01.2016,2378.3691
10.01.2016,2378.3691
11.01.2016,2350.2697
12.01.2016,2350.4365
13.01.2016,2326.6758
14.01.2016,2364.196
15.01.2016,2395.0773
16.01.2016,2418.7399
17.01.2016,2418.7399
18.01.2016,2438.2961
19.01.2016,2463.7118
20.01.2016,2484.4282
21.01.2016,2466.1043
22.01.2016,2452.1735
23.01.2016,2452.1735
24.01.2016,2452.1735
25.01.2016,2479.2164
26.01.2016,2482.9818
27.01.2016,2484.8956
28.01.2016,2487.0474
29.01.2016,2515.1769
30.01.2016,2515.1769
31.01.2016,2515.1769
01.02.2016,2555.5029
02.02.2016,2544.8377
03.02.2016,2587.2756
04.02.2016,2569.8375
05.02.2016,2589.2673
06.02.2016,2589.2673
07.02.2016,2589.2673
08.02.2016,2591.2994
09.02.2016,2587.7397
10.02.2016,2594.4535
11.02.2016,2594.118
12.02.2016,2608.3668
13.02.2016,2608.3668
14.02.2016,2608.3668
15.02.2016,2614.743
16.02.2016,2681.808
17.02.2016,2701.9798
18.02.2016,2672.3709
19.02.2016,2646.2253
20.02.2016,2646.2253
21.02.2016,2646.2253
22.02.2016,2685.5762
23.02.2016,2701.4507
24.02.2016,2723.3858
25.02.2016,2721.863
26.02.2016,2724.8642
27.02.2016,2724.8642
28.02.2016,2724.8642
29.02.2016,2705.4389
01.03.2016,2709.4802
02.03.2016,2708.5229
03.03.2016,2681.0762
04.03.2016,2621.3621
05.03.2016,2621.3621
06.03.2016,2621.3621
07.03.2016,2621.3621
08.03.2016,2621.3621
09.03.2016,2649.713
10.03.2016,2618.2756
11.03.2016,2551.9193
12.03.2016,2584.5149
13.03.2016,2584.5149
14.03.2016,2601.9961
15.03.2016,2651.7435
16.03.2016,2688.5419
17.03.2016,2684.4691
18.03.2016,2669.9975
19.03.2016,2669.9975
20.03.2016,2669.9975
21.03.2016,2624.2902
22.03.2016,2660.0686
23.03.2016,2610.2487
24.03.2016,2601.5065
25.03.2016,2625.2159
26.03.2016,2625.2159
27.03.2016,2625.2159
28.03.2016,2607.0332
29.03.2016,2628.0144
30.03.2016,2643.9172
31.03.2016,2621.8056
01.04.2016,2621.8214
02.04.2016,2621.8214
03.04.2016,2621.8214
04.04.2016,2610.8475
05.04.2016,2599.4632
06.04.2016,2607.7248
07.04.2016,2595.7927
08.04.2016,2580.1289
09.04.2016,2580.1289
10.04.2016,2580.1289
11.04.2016,2562.9848
12.04.2016,2557.0599
13.04.2016,2555.3147
14.04.2016,2548.3477
15.04.2016,2564.764
16.04.2016,2564.764
17.04.2016,2564.764
18.04.2016,2547.5042
19.04.2016,2548.4764
20.04.2016,2544.3478
21.04.2016,2541.1365
22.04.2016,2537.3655
23.04.2016,2537.3655
24.04.2016,2537.3655
25.04.2016,2534.3646
26.04.2016,2533.8921
27.04.2016,2530.1814
28.04.2016,2521.5094
29.04.2016,2518.6528
30.04.2016,2518.6528
01.05.2016,2518.6528
02.05.2016,2518.6528
03.05.2016,2518.6528
04.05.2016,2520.0907
05.05.2016,2519.5281
06.05.2016,2512.3024
07.05.2016,2512.3024
08.05.2016,2512.3024
09.05.2016,2516.2672
10.05.2016,2516.2672
11.05.2016,2519.6137
12.05.2016,2532.5663
13.05.2016,2531.2938
14.05.2016,2531.2938
15.05.2016,2531.2938
16.05.2016,2545.2175
17.05.2016,2539.4671
18.05.2016,2527.3426
19.05.2016,2525.7239
20.05.2016,2525.9572
21.05.2016,2525.9572
22.05.2016,2525.9572
23.05.2016,2520.1506
24.05.2016,2512.3692
25.05.2016,2513.3711
26.05.2016,2511.25
27.05.2016,2509.9995
28.05.2016,2509.9995
29.05.2016,2509.9995
30.05.2016,2513.6025
31.05.2016,2516.6002
01.06.2016,2514.1637
02.06.2016,2509.759
03.06.2016,2505.1207
04.06.2016,2505.1207
05.06.2016,2505.1207
06.06.2016,2500.2072
07.06.2016,2498.5658
08.06.2016,2496.168
09.06.2016,2494.4121
10.06.2016,2500.2237
11.06.2016,2500.2237
12.06.2016,2500.2237
13.06.2016,2501.5343
14.06.2016,2496.8681
15.06.2016,2491.4945
16.06.2016,2488.7642
17.06.2016,2490.4642
18.06.2016,2490.4642
19.06.2016,2490.4642
20.06.2016,2490.4642
21.06.2016,2490.8886
22.06.2016,2489.2558
23.06.2016,2489.8078
24.06.2016,2488.2929
25.06.2016,2488.2929
26.06.2016,2488.2929
27.06.2016,2488.2929
28.06.2016,2488.2929
29.06.2016,2487.3395
30.06.2016,2485.4409
01.07.2016,2482.8412
02.07.2016,2482.1412
03.07.2016,2482.1412
04.07.2016,2482.1412
05.07.2016,2481.5823
06.07.2016,2484.5936
07.07.2016,2484.1948
08.07.2016,2481.4798
09.07.2016,2481.4798
10.07.2016,2481.4798
11.07.2016,2483.6822
12.07.2016,2485.2093
13.07.2016,2484.1663
14.07.2016,2482.1286
15.07.2016,2479.8021
16.07.2016,2479.8021
17.07.2016,2479.8021
18.07.2016,2480.7177
19.07.2016,2485.6585
20.07.2016,2481.4308
21.07.2016,2481.1596
22.07.2016,2481.6117
23.07.2016,2481.6117
24.07.2016,2481.6117
25.07.2016,2481.2552
26.07.2016,2478.7745
27.07.2016,2478.5259
28.07.2016,2481.535
29.07.2016,2479.8204
30.07.2016,2479.8204
31.07.2016,2479.8204
01.08.2016,2480.6544
02.08.2016,2478.3525
03.08.2016,2482.3176
04.08.2016,2481.6008
05.08.2016,2480.9076
06.08.2016,2480.9076
07.08.2016,2480.9076
08.08.2016,2480.5647
09.08.2016,2481.9639
10.08.2016,2481.8263
11.08.2016,2481.659
12.08.2016,2485.0409
13.08.2016,2485.0409
14.08.2016,2485.0409
15.08.2016,2504.4197
16.08.2016,2511.5141
17.08.2016,2505.9288
18.08.2016,2508.8661
19.08.2016,2517.091
20.08.2016,2517.091
21.08.2016,2517.091
22.08.2016,2526.244
23.08.2016,2529.1161
24.08.2016,2529.1161
25.08.2016,2530.553
26.08.2016,2532.9215
27.08.2016,2532.9215
28.08.2016,2532.9215
29.08.2016,2544.2357
30.08.2016,2548.8686
31.08.2016,2565.2241
01.09.2016,2608.125
02.09.2016,2661.5934
03.09.2016,2661.5934
04.09.2016,2661.5934
05.09.2016,2663.2976
06.09.2016,2678.7052
07.09.2016,2684.8462
08.09.2016,2672.4306
09.09.2016,2663.7804
10.09.2016,2663.7804
11.09.2016,2663.7804
12.09.2016,2667.4886
13.09.2016,2663.0711
14.09.2016,2642.5985
15.09.2016,2632.9976
16.09.2016,2620.6713
17.09.2016,2620.6713
18.09.2016,2620.6713
19.09.2016,2590.1081
20.09.2016,2576.7047
21.09.2016,2580.5527
22.09.2016,2597.462
23.09.2016,2592.2831
24.09.2016,2592.2831
25.09.2016,2592.2831
26.09.2016,2599.0626
27.09.2016,2590.1519
28.09.2016,2582.9474
29.09.2016,2589.6643
30.09.2016,2591.1879
01.10.2016,2591.1879
02.10.2016,2591.1879
03.10.2016,2593.6893
04.10.2016,2592.0623
05.10.2016,2586.4415
06.10.2016,2589.8334
07.10.2016,2588.8929
08.10.2016,2588.8929
09.10.2016,2588.8929
10.10.2016,2584.0885
11.10.2016,2582.7169
12.10.2016,2585.1713
13.10.2016,2580.74
14.10.2016,2580.74
15.10.2016,2580.74
16.10.2016,2580.74
17.10.2016,2579.079
18.10.2016,2578.3191
19.10.2016,2566.3049
20.10.2016,2569.3239
21.10.2016,2570.3574
22.10.2016,2570.3574
23.10.2016,2570.3574
24.10.2016,2566.2802
25.10.2016,2564.048
26.10.2016,2559.5314
27.10.2016,2558.1368
28.10.2016,2553.2787
29.10.2016,2553.2787
30.10.2016,2553.2787
31.10.2016,2549.5951
01.11.2016,2551.5438
02.11.2016,2558.4772
03.11.2016,2555.8676
04.11.2016,2559.4826
05.11.2016,2559.4826
06.11.2016,2559.4826
07.11.2016,2557.6191
08.11.2016,2557.0654
09.11.2016,2556.3263
10.11.2016,2556.2021
11.11.2016,2558.0051
12.11.2016,2558.0051
13.11.2016,2558.0051
14.11.2016,2563.0399
15.11.2016,2575.1234
16.11.2016,2601.1762
17.11.2016,2634.568
18.11.2016,2605.3438
19.11.2016,2605.3438
20.11.2016,2605.3438
21.11.2016,2589.5267
22.11.2016,2578.3819
23.11.2016,2565.8938
24.11.2016,2558.7619
25.11.2016,2558.8045
26.11.2016,2558.8045
27.11.2016,2558.8045
28.11.2016,2572.4426
29.11.2016,2565.9521
30.11.2016,2559.9374
01.12.2016,2555.8575
02.12.2016,2563.8209
03.12.2016,2563.8209
04.12.2016,2563.8209
05.12.2016,2589.8742
06.12.2016,2612.7478
07.12.2016,2609.7384
08.12.2016,2602.0104
09.12.2016,2577.249
10.12.2016,2577.249
11.12.2016,2577.249
12.12.2016,2587.9355
13.12.2016,2617.1129
14.12.2016,2610.882
15.12.2016,2630.7416
16.12.2016,2629.851
17.12.2016,2629.851
18.12.2016,2629.851
19.12.2016,2633.1835
20.12.2016,2639.6034
21.12.2016,2647.0481
22.12.2016,2642.9366
23.12.2016,2628.6013
24.12.2016,2628.6013
25.12.2016,2628.6013
26.12.2016,2626.6766
27.12.2016,2636.5578
28.12.2016,2665.067
29.12.2016,2689.3158
30.12.2016,2719.0858
31.12.2016,2719.0858
01.01.2017,2719.0858
02.01.2017,2719.0858
03.01.2017,2719.0858
04.01.2017,2719.0858
05.01.2017,2669.2366
06.01.2017,2628.6719
07.01.2017,2628.6719
08.01.2017,2628.6719
09.01.2017,2628.6719
10.01.2017,2702.0929
11.01.2017,2718.6833
12.01.2017,2711.3199
13.01.2017,2725.1629
14.01.2017,2725.1629
15.01.2017,2725.1629
16.01.2017,2766.9232
17.01.2017,2772.1541
18.01.2017,2762.9792
19.01.2017,2749.1865
20.01.2017,2744.2159
21.01.2017,2744.2159
22.01.2017,2744.2159
23.01.2017,2742.849
24.01.2017,2733.2499
25.01.2017,2723.1902
26.01.2017,2720.8137
27.01.2017,2721.3078
28.01.2017,2721.3078
29.01.2017,2721.3078
30.01.2017,2719.2242
31.01.2017,2711.9036
01.02.2017,2707.9535
02.02.2017,2699.8586
03.02.2017,2698.6979
04.02.2017,2698.6979
05.02.2017,2698.6979
06.02.2017,2707.7975
07.02.2017,2726.2733
08.02.2017,2703.1894
09.02.2017,2691.2499
10.02.2017,2702.5143
11.02.2017,2702.5143
12.02.2017,2702.5143
13.02.2017,2720.6833
14.02.2017,2716.511
15.02.2017,2723.0462
16.02.2017,2699.3603
17.02.2017,2698.8684
18.02.2017,2698.8684
19.02.2017,2698.8684
20.02.2017,2702.6138
21.02.2017,2702.5299
22.02.2017,2704.2536
23.02.2017,2697.287
24.02.2017,2690.6286
25.02.2017,2690.6286
26.02.2017,2690.6286
27.02.2017,2697.6569
28.02.2017,2705.3672
01.03.2017,2716.3714
02.03.2017,2718.0639
03.03.2017,2709.1316
04.03.2017,2709.1316
05.03.2017,2709.1316
06.03.2017,2711.9249
07.03.2017,2702.132
08.03.2017,2702.132
09.03.2017,2695.9467
10.03.2017,2690.8632
11.03.2017,2690.8632
12.03.2017,2690.8632
13.03.2017,2681.0151
14.03.2017,2689.4568
15.03.2017,2690.4296
16.03.2017,2688.0768
17.03.2017,2697.9001
18.03.2017,2697.9001
19.03.2017,2697.9001
20.03.2017,2690.9264
21.03.2017,2688.7865
22.03.2017,2685.106
23.03.2017,2691.9904
24.03.2017,2705.7689
25.03.2017,2705.7689
26.03.2017,2705.7689
27.03.2017,2712.4559
28.03.2017,2715.3547
29.03.2017,2712.0665
30.03.2017,2704.0107
31.03.2017,2697.6058
01.04.2017,2697.6058
02.04.2017,2697.6058
03.04.2017,2702.1745
04.04.2017,2702.4639
05.04.2017,2711.8953
06.04.2017,2715.7009
07.04.2017,2710.0326
08.04.2017,2710.0326
09.04.2017,2710.0326
10.04.2017,2697.3995
11.04.2017,2693.3241
12.04.2017,2689.3785
13.04.2017,2687.5671
14.04.2017,2686.4209
15.04.2017,2686.4209
16.04.2017,2686.4209
17.04.2017,2686.4209
18.04.2017,2681.2058
19.04.2017,2684.4959
20.04.2017,2678.7082
21.04.2017,2675.6734
22.04.2017,2675.6734
23.04.2017,2675.6734
24.04.2017,2673.278
25.04.2017,2667.3697
26.04.2017,2663.1832
27.04.2017,2658.8876
28.04.2017,2655.1453
29.04.2017,2655.1453
30.04.2017,2655.1453
01.05.2017,2655.1453
02.05.2017,2655.1453
03.05.2017,2656.093
04.05.2017,2652.3425
05.05.2017,2648.5778
06.05.2017,2648.5778
07.05.2017,2648.5778
08.05.2017,2648.5778
09.05.2017,2648.5778
10.05.2017,2650.9341
11.05.2017,2645.5859
12.05.2017,2642.893
13.05.2017,2647.4312
14.05.2017,2647.4312
15.05.2017,2647.4312
16.05.2017,2647.1947
17.05.2017,2643.3401
18.05.2017,2641.7446
19.05.2017,2639.3442
20.05.2017,2639.3442
21.05.2017,2639.3442
22.05.2017,2636.9659
23.05.2017,2634.1917
24.05.2017,2630.4507
25.05.2017,2626.6118
26.05.2017,2627.667
27.05.2017,2627.667
28.05.2017,2627.667
29.05.2017,2634.5368
30.05.2017,2638.7789
31.05.2017,2635.2778
01.06.2017,2631.0335
02.06.2017,2627.0953
03.06.2017,2627.0953
04.06.2017,2627.0953
05.06.2017,2627.0953
06.06.2017,2628.0938
07.06.2017,2624.6584
08.06.2017,2620.5414
09.06.2017,2614.9214
10.06.2017,2614.9214
11.06.2017,2614.9214
12.06.2017,2612.4759
13.06.2017,2607.0702
14.06.2017,2599.5212
15.06.2017,2601.4971
16.06.2017,2600.7115
17.06.2017,2600.7115
18.06.2017,2600.7115
19.06.2017,2602.19
20.06.2017,2602.3126
21.06.2017,2603.488
22.06.2017,2602.3602
23.06.2017,2602.5695
24.06.2017,2602.5695
25.06.2017,2602.5695
26.06.2017,2603.1112
27.06.2017,2603.6606
28.06.2017,2603.6606
29.06.2017,2608.012
30.06.2017,2609.8994
01.07.2017,2609.8994
02.07.2017,2609.8994
03.07.2017,2602.3367
04.07.2017,2599.4486
05.07.2017,2601.7365
06.07.2017,2611.9317
07.07.2017,2606.0308
08.07.2017,2606.0308
09.07.2017,2606.0308
10.07.2017,2602.2967
11.07.2017,2600.4175
12.07.2017,2597.2011
13.07.2017,2591.0673
14.07.2017,2596.8636
15.07.2017,2596.8636
16.07.2017,2596.8636
17.07.2017,2601.7657
18.07.2017,2596.4818
19.07.2017,2593.0157
20.07.2017,2594.4129
21.07.2017,2592.8333
22.07.2017,2592.8333
23.07.2017,2592.8333
24.07.2017,2588.9731
25.07.2017,2582.2625
26.07.2017,2584.3721
27.07.2017,2588.486
28.07.2017,2590.0435
29.07.2017,2590.0435
30.07.2017,2590.0435
31.07.2017,2591.5589
01.08.2017,2585.4789
02.08.2017,2585.7073
03.08.2017,2590.418
04.08.2017,2588.5752
05.08.2017,2588.5752
06.08.2017,2588.5752
07.08.2017,2584.2893
08.08.2017,2578.4907
09.08.2017,2573.2557
10.08.2017,2572.4503
11.08.2017,2569.2368
12.08.2017,2569.2368
13.08.2017,2569.2368
14.08.2017,2569.5711
15.08.2017,2563.0682
16.08.2017,2559.828
17.08.2017,2557.272
18.08.2017,2550.6409
19.08.2017,2549.0401
20.08.2017,2549.0401
21.08.2017,2549.0401
22.08.2017,2544.3168
23.08.2017,2545.1704
24.08.2017,2545.1704
25.08.2017,2545.1704
26.08.2017,2545.1704
27.08.2017,2545.1704
28.08.2017,2554.558
29.08.2017,2551.5762
30.08.2017,2544.0576
31.08.2017,2557.9541
01.09.2017,2569.3957
02.09.2017,2569.3957
03.09.2017,2569.3957
04.09.2017,2574.8384
05.09.2017,2590.6249
06.09.2017,2595.4263
07.09.2017,2598.2213
08.09.2017,2600.3183
09.09.2017,2600.3183
10.09.2017,2600.3183
11.09.2017,2607.2964
12.09.2017,2600.8703
13.09.2017,2601.8958
14.09.2017,2607.9643
15.09.2017,2616.2016
16.09.2017,2616.2016
17.09.2017,2616.2016
18.09.2017,2622.4386
19.09.2017,2618.0679
20.09.2017,2612.6436
21.09.2017,2618.9634
22.09.2017,2623.7181
23.09.2017,2623.7181
24.09.2017,2623.7181
25.09.2017,2626.1562
26.09.2017,2631.6649
27.09.2017,2638.3461
28.09.2017,2647.283
29.09.2017,2652.1094
30.09.2017,2652.1094
01.10.2017,2652.1094
02.10.2017,2657.8496
03.10.2017,2665.4606
04.10.2017,2670.4193
05.10.2017,2680.8805
06.10.2017,2679.9684
07.10.2017,2679.9684
08.10.2017,2679.9684
09.10.2017,2673.9931
10.10.2017,2655.1695
11.10.2017,2658.6183
12.10.2017,2653.3312
13.10.2017,2663.4659
14.10.2017,2663.4659
15.10.2017,2663.4659
16.10.2017,2663.4659
17.10.2017,2653.7958
18.10.2017,2648.4328
19.10.2017,2642.5466
20.10.2017,2649.995
21.10.2017,2649.995
22.10.2017,2649.995
23.10.2017,2653.8902
24.10.2017,2657.6754
25.10.2017,2666.9955
26.10.2017,2677.0046
27.10.2017,2682.6619
28.10.2017,2682.6619
29.10.2017,2682.6619
30.10.2017,2687.5781
31.10.2017,2682.939
01.11.2017,2686.2019
02.11.2017,2687.8403
03.11.2017,2693.1378
04.11.2017,2693.1378
05.11.2017,2693.1378
06.11.2017,2696.2647
07.11.2017,2685.0348
08.11.2017,2675.1287
09.11.2017,2663.6246
10.11.2017,2655.8575
11.11.2017,2655.8575
12.11.2017,2655.8575
13.11.2017,2651.673
14.11.2017,2648.7953
15.11.2017,2649.6372
16.11.2017,2648.2221
17.11.2017,2647.6407
18.11.2017,2647.6407
19.11.2017,2647.6407
20.11.2017,2649.9087
21.11.2017,2647.708
22.11.2017,2649.2211
23.11.2017,2664.7562
24.11.2017,2686.144
25.11.2017,2686.144
26.11.2017,2686.144
27.11.2017,2691.3646
28.11.2017,2683.5271
29.11.2017,2687.1826
30.11.2017,2701.393
01.12.2017,2715.5849
02.12.2017,2715.5849
03.12.2017,2715.5849
04.12.2017,2705.432
05.12.2017,2721.5318
06.12.2017,2716.4406
07.12.2017,2710.9151
08.12.2017,2711.9363
09.12.2017,2711.9363
10.12.2017,2711.9363
11.12.2017,2710.9345
12.12.2017,2713.572
13.12.2017,2717.7106
14.12.2017,2726.749
15.12.2017,2741.0006
16.12.2017,2741.0006
17.12.2017,2741.0006
18.12.2017,2763.5063
19.12.2017,2787.3635
20.12.2017,2788.4304
21.12.2017,2786.0871
22.12.2017,2785.5935
23.12.2017,2785.5935
24.12.2017,2785.5935
25.12.2017,2785.5935
26.12.2017,2795.0921
27.12.2017,2794.4567
28.12.2017,2794.8466
29.12.2017,2806.7223
30.12.2017,2806.7223
31.12.2017,2806.7223
01.01.2018,2806.7223
02.01.2018,2806.7223
03.01.2018,2806.7223
04.01.2018,2789.054
05.01.2018,2801.3366
06.01.2018,2801.3366
07.01.2018,2801.3366
08.01.2018,2801.3366
09.01.2018,2820.3329
10.01.2018,2820.3244
11.01.2018,2832.8813
12.01.2018,2844.5711
13.01.2018,2844.5711
14.01.2018,2844.5711
15.01.2018,2853.6637
16.01.2018,2856.7664
17.01.2018,2865.2576
18.01.2018,2866.6132
19.01.2018,2877.7485
20.01.2018,2877.7485
21.01.2018,2877.7485
22.01.2018,2884.4816
23.01.2018,2887.5837
24.01.2018,2886.4823
25.01.2018,2886.5367
26.01.2018,2874.5248
27.01.2018,2874.5248
28.01.2018,2874.5248
29.01.2018,2854.8638
30.01.2018,2824.6515
31.01.2018,2800.8791
01.02.2018,2784.3493
02.02.2018,2786.9462
03.02.2018,2786.9462
04.02.2018,2786.9462
05.02.2018,2788.7139
06.02.2018,2774.2448
07.02.2018,2746.0866
08.02.2018,2711.9635
09.02.2018,2712.4023
10.02.2018,2712.4023
11.02.2018,2712.4023
12.02.2018,2705.8546
13.02.2018,2684.0367
14.02.2018,2669.948
15.02.2018,2665.4762
16.02.2018,2675.9805
17.02.2018,2675.9805
18.02.2018,2675.9805
19.02.2018,2699.0889
20.02.2018,2701.1922
21.02.2018,2707.2945
22.02.2018,2698.8039
23.02.2018,2707.1843
24.02.2018,2707.1843
25.02.2018,2707.1843
26.02.2018,2698.8658
27.02.2018,2700.661
28.02.2018,2694.8185
01.03.2018,2680.5516
02.03.2018,2666.9496
03.03.2018,2653.5904
04.03.2018,2653.5904
05.03.2018,2653.5904
06.03.2018,2648.208
07.03.2018,2634.8957
08.03.2018,2634.8957
09.03.2018,2634.8957
10.03.2018,2634.8957
11.03.2018,2634.8957
12.03.2018,2609.3953
13.03.2018,2592.4612
14.03.2018,2591.5887
15.03.2018,2601.3978
16.03.2018,2627.2654
17.03.2018,2627.2654
18.03.2018,2627.2654
19.03.2018,2635.391
20.03.2018,2643.6044
21.03.2018,2630.1118
22.03.2018,2628.0974
23.03.2018,2625.3649
24.03.2018,2625.3649
25.03.2018,2625.3649
26.03.2018,2626.5478
27.03.2018,2630.439
28.03.2018,2630.627
29.03.2018,2640.5249
30.03.2018,2654.3493
31.03.2018,2654.3493
01.04.2018,2654.3493
02.04.2018,2630.7046
03.04.2018,2616.096
04.04.2018,2632.9568
05.04.2018,2626.3057
06.04.2018,2606.6537
07.04.2018,2606.6537
08.04.2018,2606.6537
09.04.2018,2606.6537
10.04.2018,2602.6968
11.04.2018,2597.5527
12.04.2018,2592.5912
13.04.2018,2598.635
14.04.2018,2598.635
15.04.2018,2598.635
16.04.2018,2612.4909
17.04.2018,2608.9279
18.04.2018,2608.2873
19.04.2018,2614.7772
20.04.2018,2622.5963
21.04.2018,2622.5963
22.04.2018,2622.5963
23.04.2018,2617.8455
24.04.2018,2612.5554
25.04.2018,2617.7264
26.04.2018,2627.0545
27.04.2018,2623.0047
28.04.2018,2623.0047
29.04.2018,2623.0047
30.04.2018,2623.0047
01.05.2018,2623.0047
02.05.2018,2619.5648
03.05.2018,2615.5067
04.05.2018,2619.147
05.05.2018,2630.5522
06.05.2018,2630.5522
07.05.2018,2630.5522
08.05.2018,2629.0191
09.05.2018,2629.0191
10.05.2018,2621.9038
11.05.2018,2619.216
12.05.2018,2619.216
13.05.2018,2619.216
14.05.2018,2619.8009
15.05.2018,2617.1243
16.05.2018,2621.0807
17.05.2018,2620.817
18.05.2018,2618.8814
19.05.2018,2618.8814
20.05.2018,2618.8814
21.05.2018,2614.7963
22.05.2018,2608.3615
23.05.2018,2607.1164
24.05.2018,2608.1533
25.05.2018,2610.7517
26.05.2018,2610.7517
27.05.2018,2610.7517
28.05.2018,2610.7517
29.05.2018,2614.949
30.05.2018,2609.8943
31.05.2018,2613.5817
01.06.2018,2612.231
02.06.2018,2612.231
03.06.2018,2612.231
04.06.2018,2611.3944
05.06.2018,2613.2875
06.06.2018,2615.621
07.06.2018,2616.2366
08.06.2018,2617.1679
09.06.2018,2617.1679
10.06.2018,2617.1679
11.06.2018,2613.6416
12.06.2018,2609.1315
13.06.2018,2608.749
14.06.2018,2612.421
15.06.2018,2621.9678
16.06.2018,2621.9678
17.06.2018,2621.9678
18.06.2018,2631.5543
19.06.2018,2632.8987
20.06.2018,2644.6439
21.06.2018,2647.5945
22.06.2018,2630.5365
23.06.2018,2623.8901
24.06.2018,2623.8901
25.06.2018,2623.8901
26.06.2018,2617.3625
27.06.2018,2618.917
28.06.2018,2618.917
29.06.2018,2618.917
30.06.2018,2618.917
01.07.2018,2618.917
02.07.2018,2632.7494
03.07.2018,2623.2692
04.07.2018,2629.9259
05.07.2018,2643.7983
06.07.2018,2642.978
07.07.2018,2642.978
08.07.2018,2642.978
09.07.2018,2631.595
10.07.2018,2624.9754
11.07.2018,2620.9172
12.07.2018,2622.7255
13.07.2018,2622.8045
14.07.2018,2622.8045
15.07.2018,2622.8045
16.07.2018,2623.3225
17.07.2018,2620.6838
18.07.2018,2622.1563
19.07.2018,2630.3338
20.07.2018,2647.2433
21.07.2018,2647.2433
22.07.2018,2647.2433
23.07.2018,2644.6104
24.07.2018,2644.9683
25.07.2018,2658.3191
26.07.2018,2662.6878
27.07.2018,2665.1412
28.07.2018,2665.1412
29.07.2018,2665.1412
30.07.2018,2676.1506
31.07.2018,2675.5214
01.08.2018,2686.6717
02.08.2018,2696.213
03.08.2018,2701.1867
04.08.2018,2701.1867
05.08.2018,2701.1867
06.08.2018,2709.2701
07.08.2018,2713.1725
08.08.2018,2702.1054
09.08.2018,2696.1726
10.08.2018,2711.1393
11.08.2018,2711.1393
12.08.2018,2711.1393
13.08.2018,2724.564
14.08.2018,2734.4448
15.08.2018,2745.8922
16.08.2018,2744.986
17.08.2018,2767.0533
18.08.2018,2767.0533
19.08.2018,2767.0533
20.08.2018,2789.8554
21.08.2018,2769.668
22.08.2018,2770.9475
23.08.2018,2788.5488
24.08.2018,2788.5488
25.08.2018,2788.5488
26.08.2018,2788.5488
27.08.2018,2785.3197
28.08.2018,2788.524
29.08.2018,2805.1217
30.08.2018,2811.6426
31.08.2018,2827.9437
01.09.2018,2827.9437
02.09.2018,2827.9437
03.09.2018,2824.6117
04.09.2018,2837.8299
05.09.2018,2849.2993
06.09.2018,2841.1552
07.09.2018,2822.4632
08.09.2018,2822.4632
09.09.2018,2822.4632
10.09.2018,2826.4977
11.09.2018,2820.0688
12.09.2018,2809.5614
13.09.2018,2802.6096
14.09.2018,2812.6838
15.09.2018,2812.6838
16.09.2018,2812.6838
17.09.2018,2815.2072
18.09.2018,2812.6754
19.09.2018,2815.1007
20.09.2018,2812.0205
21.09.2018,2806.185
22.09.2018,2806.185
23.09.2018,2806.185
24.09.2018,2806.288
25.09.2018,2811.1097
26.09.2018,2806.1209
27.09.2018,2814.2843
28.09.2018,2829.8262
29.09.2018,2829.8262
30.09.2018,2829.8262
01.10.2018,2826.9931
02.10.2018,2821.2677
03.10.2018,2827.6259
04.10.2018,2832.0055
05.10.2018,2817.5055
06.10.2018,2817.5055
07.10.2018,2817.5055
08.10.2018,2808.4816
09.10.2018,2808.792
10.10.2018,2808.144
11.10.2018,2800.2897
12.10.2018,2798.4519
13.10.2018,2798.4519
14.10.2018,2798.4519
15.10.2018,2798.4519
16.10.2018,2792.8166
17.10.2018,2793.002
18.10.2018,2791.6894
19.10.2018,2803.6647
20.10.2018,2803.6647
21.10.2018,2803.6647
22.10.2018,2818.2001
23.10.2018,2808.0405
24.10.2018,2814.9402
25.10.2018,2821.3097
26.10.2018,2833.5582
27.10.2018,2833.5582
28.10.2018,2833.5582
29.10.2018,2826.5984
30.10.2018,2820.2526
31.10.2018,2816.4437
01.11.2018,2811.8832
02.11.2018,2815.7863
03.11.2018,2815.7863
04.11.2018,2815.7863
05.11.2018,2813.2823
06.11.2018,2801.5313
07.11.2018,2795.584
08.11.2018,2789.6958
09.11.2018,2792.6734
10.11.2018,2792.6734
11.11.2018,2792.6734
12.11.2018,2789.1641
13.11.2018,2790.3737
14.11.2018,2791.8162
15.11.2018,2783.9406
16.11.2018,2777.4256
17.11.2018,2777.4256
18.11.2018,2777.4256
19.11.2018,2775.497
20.11.2018,2776.4829
21.11.2018,2776.3875
22.11.2018,2777.4898
23.11.2018,2774.5837
24.11.2018,2774.5837
25.11.2018,2774.5837
26.11.2018,2779.5828
27.11.2018,2789.8447
28.11.2018,2810.5334
29.11.2018,2826.9049
30.11.2018,2839.0932
01.12.2018,2839.0932
02.12.2018,2839.0932
03.12.2018,2822.2764
04.12.2018,2817.2738
05.12.2018,2812.5926
06.12.2018,2797.5656
07.12.2018,2787.9569
08.12.2018,2787.9569
09.12.2018,2787.9569
10.12.2018,2782.4246
11.12.2018,2777.6824
12.12.2018,2771.3165
13.12.2018,2780.8135
14.12.2018,2786.7006
15.12.2018,2786.7006
16.12.2018,2786.7006
17.12.2018,2783.7123
18.12.2018,2788.6082
19.12.2018,2784.7943
20.12.2018,2771.7006
21.12.2018,2757.6874
22.12.2018,2743.3934
23.12.2018,2743.3934
24.12.2018,2743.3934
25.12.2018,2743.3934
26.12.2018,2743.3934
27.12.2018,2726.7788
28.12.2018,2745.4979
29.12.2018,2768.8264
30.12.2018,2768.8264
31.12.2018,2768.8264
01.01.2019,2768.8264
02.01.2019,2768.8264
03.01.2019,2768.8264
04.01.2019,2751.1682
05.01.2019,2751.1682
06.01.2019,2751.1682
07.01.2019,2751.1682
08.01.2019,2770.94
09.01.2019,2802.3739
10.01.2019,2812.2133
11.01.2019,2827.0148
12.01.2019,2827.0148
13.01.2019,2827.0148
14.01.2019,2815.3842
15.01.2019,2802.3674
16.01.2019,2816.6809
17.01.2019,2800.8502
18.01.2019,2803.3609
19.01.2019,2803.3609
20.01.2019,2803.3609
21.01.2019,2798.0832
22.01.2019,2794.8597
23.01.2019,2789.5838
24.01.2019,2770.3713
25.01.2019,2778.6528
26.01.2019,2778.6528
27.01.2019,2778.6528
28.01.2019,2781.7285
29.01.2019,2779.0097
30.01.2019,2777.2064
31.01.2019,2775.5525
01.02.2019,2774.096
02.02.2019,2774.096
03.02.2019,2774.096
04.02.2019,2757.0704
05.02.2019,2742.3692
06.02.2019,2721.5854
07.02.2019,2696.4088
08.02.2019,2695.935
09.02.2019,2695.935
10.02.2019,2695.935
11.02.2019,2689.9993
12.02.2019,2705.7716
13.02.2019,2700.7494
14.02.2019,2709.2791
15.02.2019,2715.9961
16.02.2019,2715.9961
17.02.2019,2715.9961
18.02.2019,2724.7894
19.02.2019,2718.5914
20.02.2019,2717.3251
21.02.2019,2708.7563
22.02.2019,2700.263
23.02.2019,2700.263
24.02.2019,2700.263
25.02.2019,2701.7312
26.02.2019,2699.0656
27.02.2019,2698.2628
28.02.2019,2699.2764
01.03.2019,2685.9165
02.03.2019,2685.9165
03.03.2019,2685.9165
04.03.2019,2686.2244
05.03.2019,2682.7083
06.03.2019,2676.2376
07.03.2019,2648.1142
08.03.2019,2648.1142
09.03.2019,2648.1142
10.03.2019,2648.1142
11.03.2019,2638.9167
12.03.2019,2631.1955
13.03.2019,2635.9553
14.03.2019,2670.2931
15.03.2019,2671.6488
16.03.2019,2671.6488
17.03.2019,2671.6488
18.03.2019,2701.4849
19.03.2019,2713.189
20.03.2019,2716.083
21.03.2019,2716.7879
22.03.2019,2725.6311
23.03.2019,2725.6311
24.03.2019,2725.6311
25.03.2019,2696.0935
26.03.2019,2688.9136
27.03.2019,2698.0222
28.03.2019,2708.1767
29.03.2019,2724.8765
30.03.2019,2724.8765
31.03.2019,2724.8765
01.04.2019,2720.9103
02.04.2019,2719.0867
03.04.2019,2697.4158
04.04.2019,2708.1121
05.04.2019,2702.2033
06.04.2019,2702.2033
07.04.2019,2702.2033
08.04.2019,2676.8706
09.04.2019,2664.4138
10.04.2019,2669.6098
11.04.2019,2676.5228
12.04.2019,2683.1419
13.04.2019,2683.1419
14.04.2019,2683.1419
15.04.2019,2671.3872
16.04.2019,2681.0204
17.04.2019,2672.2277
18.04.2019,2668.7575
19.04.2019,2683.7655
20.04.2019,2683.7655
21.04.2019,2683.7655
22.04.2019,2685.397
23.04.2019,2677.5371
24.04.2019,2668.8008
25.04.2019,2659.4202
26.04.2019,2661.9328
27.04.2019,2661.9328
28.04.2019,2661.9328
29.04.2019,2661.9328
30.04.2019,2661.9328
01.05.2019,2661.9328
02.05.2019,2649.2737
03.05.2019,2655.7242
04.05.2019,2655.7242
05.05.2019,2655.7242
06.05.2019,2648.0461
07.05.2019,2649.592
08.05.2019,2634.002
09.05.2019,2634.002
10.05.2019,2624.955
11.05.2019,2620.5887
12.05.2019,2620.5887
13.05.2019,2620.5887
14.05.2019,2611.3216
15.05.2019,2616.2875
16.05.2019,2637.4033
17.05.2019,2634.2913
18.05.2019,2634.2913
19.05.2019,2634.2913
20.05.2019,2636.8202
21.05.2019,2620.2895
22.05.2019,2611.2451
23.05.2019,2630.4698
24.05.2019,2633.5723
25.05.2019,2633.5723
26.05.2019,2633.5723
27.05.2019,2647.478
28.05.2019,2632.5682
29.05.2019,2640.6167
30.05.2019,2668.3376
31.05.2019,2687.2573
01.06.2019,2687.2573
02.06.2019,2687.2573
03.06.2019,2685.4695
04.06.2019,2695.4834
05.06.2019,2720.6934
06.06.2019,2693.0098
07.06.2019,2679.5094
08.06.2019,2679.5094
09.06.2019,2679.5094
10.06.2019,2659.5721
11.06.2019,2637.5022
12.06.2019,2629.895
13.06.2019,2640.1893
14.06.2019,2641.708
15.06.2019,2641.708
16.06.2019,2641.708
17.06.2019,2641.708
18.06.2019,2642.1945
19.06.2019,2638.8427
20.06.2019,2633.4256
21.06.2019,2637.5876
22.06.2019,2637.5876
23.06.2019,2637.5876
24.06.2019,2626.6416
25.06.2019,2619.1201
26.06.2019,2619.1023
27.06.2019,2616.6382
28.06.2019,2616.6382
29.06.2019,2616.6382
30.06.2019,2616.6382
01.07.2019,2617.7939
02.07.2019,2620.6493
03.07.2019,2617.9033
04.07.2019,2604.4841
05.07.2019,2587.0835
06.07.2019,2587.0835
07.07.2019,2587.0835
08.07.2019,2571.1361
09.07.2019,2560.2161
10.07.2019,2548.9178
11.07.2019,2570.0474
12.07.2019,2580.1837
13.07.2019,2580.1837
14.07.2019,2580.1837
15.07.2019,2576.0584
16.07.2019,2574.092
17.07.2019,2586.4142
18.07.2019,2586.2087
19.07.2019,2603.0049
20.07.2019,2603.0049
21.07.2019,2603.0049
22.07.2019,2581.5345
23.07.2019,2564.3112
24.07.2019,2563.0047
25.07.2019,2551.63
26.07.2019,2548.7337
27.07.2019,2548.7337
28.07.2019,2548.7337
29.07.2019,2543.9728
30.07.2019,2525.2582
31.07.2019,2508.5516
01.08.2019,2502.0755
02.08.2019,2534.9919
03.08.2019,2534.9919
04.08.2019,2534.9919
05.08.2019,2553.7711
06.08.2019,2573.5045
07.08.2019,2559.0328
08.08.2019,2542.4348
09.08.2019,2531.6561
10.08.2019,2531.6561
11.08.2019,2531.6561
12.08.2019,2509.0813
13.08.2019,2515.8487
14.08.2019,2514.616
15.08.2019,2524.9317
16.08.2019,2532.1651
17.08.2019,2532.1651
18.08.2019,2532.1651
19.08.2019,2514.2848
20.08.2019,2517.5684
21.08.2019,2513.13
22.08.2019,2520.4427
23.08.2019,2504.2697
24.08.2019,2504.2697
25.08.2019,2504.2697
26.08.2019,2504.2697
27.08.2019,2506.289
28.08.2019,2516.493
29.08.2019,2522.1856
30.08.2019,2523.2299
31.08.2019,2523.2299
01.09.2019,2523.2299
02.09.2019,2514.4111
03.09.2019,2526.3473
04.09.2019,2529.6865
05.09.2019,2526.3457
06.09.2019,2531.0639
07.09.2019,2531.0639
08.09.2019,2531.0639
09.09.2019,2508.6035
10.09.2019,2502.6567
11.09.2019,2488.2279
12.09.2019,2496.8816
13.09.2019,2483.1184
14.09.2019,2483.1184
15.09.2019,2483.1184
16.09.2019,2471.0681
17.09.2019,2477.1443
18.09.2019,2476.452
19.09.2019,2466.9853
20.09.2019,2461.7559
21.09.2019,2461.7559
22.09.2019,2461.7559
23.09.2019,2443.2618
24.09.2019,2432.7195
25.09.2019,2420.9491
26.09.2019,2412.0199
27.09.2019,2418.6956
28.09.2019,2418.6956
29.09.2019,2418.6956
30.09.2019,2408.2809
01.10.2019,2419.7474
02.10.2019,2455.5302
03.10.2019,2485.9769
04.10.2019,2487.7122
05.10.2019,2487.7122
06.10.2019,2487.7122
07.10.2019,2461.1821
08.10.2019,2486.7568
09.10.2019,2470.7021
10.10.2019,2470.1001
11.10.2019,2453.0569
12.10.2019,2453.0569
13.10.2019,2453.0569
14.10.2019,2453.0569
15.10.2019,2453.8038
16.10.2019,2478.5759
17.10.2019,2483.5244
18.10.2019,2473.3852
19.10.2019,2473.3852
20.10.2019,2473.3852
21.10.2019,2503.5071
22.10.2019,2497.5156
23.10.2019,2484.4629
24.10.2019,2489.2529
25.10.2019,2511.4112
26.10.2019,2511.4112
27.10.2019,2511.4112
28.10.2019,2517.4116
29.10.2019,2506.7144
30.10.2019,2511.3805
31.10.2019,2499.5421
01.11.2019,2481.9089
02.11.2019,2481.9089
03.11.2019,2481.9089
04.11.2019,2473.8144
05.11.2019,2479.8021
06.11.2019,2471.9467
07.11.2019,2465.7612
08.11.2019,2451.5816
09.11.2019,2451.5816
10.11.2019,2451.5816
11.11.2019,2450.1887
12.11.2019,2451.1018
13.11.2019,2446.1896
14.11.2019,2431.5588
15.11.2019,2424.4999
16.11.2019,2424.4999
17.11.2019,2424.4999
18.11.2019,2422.0132
19.11.2019,2413.7178
20.11.2019,2420.3928
21.11.2019,2418.3603
22.11.2019,2419.3689
23.11.2019,2419.3689
24.11.2019,2419.3689
25.11.2019,2416.4262
26.11.2019,2405.3801
27.11.2019,2398.2702
28.11.2019,2398.4391
29.11.2019,2403.5575
30.11.2019,2403.5575
01.12.2019,2403.5575
02.12.2019,2397.2276
03.12.2019,2395.7354
04.12.2019,2393.9216
05.12.2019,2393.0282
06.12.2019,2387.7034
07.12.2019,2387.7034
08.12.2019,2387.7034
09.12.2019,2372.4789
10.12.2019,2368.8511
11.12.2019,2368.9203
12.12.2019,2360.3546
13.12.2019,2356.3276
14.12.2019,2356.3276
15.12.2019,2356.3276
16.12.2019,2349.7996
17.12.2019,2349.0376
18.12.2019,2346.9132
19.12.2019,2341.3086
20.12.2019,2337.4052
21.12.2019,2332.5284
22.12.2019,2332.5284
23.12.2019,2329.1225
24.12.2019,2327.5766
25.12.2019,2327.5766
26.12.2019,2325.5155
27.12.2019,2329.2885
28.12.2019,23.6862
29.12.2019,23.6862
30.12.2019,23.6862
31.12.2019,23.6862
01.01.2020,23.6862
02.01.2020,23.6862
03.01.2020,23.6862
04.01.2020,23.6862
05.01.2020,23.6862
06.01.2020,23.6862
07.01.2020,23.6862
08.01.2020,23.6785
09.01.2020,23.8345
10.01.2020,24.119
11.01.2020,23.9677
12.01.2020,23.9677
13.01.2020,23.9677
14.01.2020,23.9275
15.01.2020,24.0257
16.01.2020,23.9821
17.01.2020,24.0923
18.01.2020,24.0923
19.01.2020,24.0923
20.01.2020,24.2527
21.01.2020,24.3257
22.01.2020,24.2586
23.01.2020,24.331
24.01.2020,24.5212
25.01.2020,24.5212
26.01.2020,24.5212
27.01.2020,24.3301
28.01.2020,24.5984
29.01.2020,24.7204
30.01.2020,24.8491
31.01.2020,24.9196
01.02.2020,24.9196
02.02.2020,24.9196
03.02.2020,25.0294
04.02.2020,25.0836
05.02.2020,24.8523
06.02.2020,24.7959
07.02.2020,24.5794
08.02.2020,24.5794
09.02.2020,24.5794
10.02.2020,24.537
11.02.2020,24.5188
12.02.2020,24.4236
13.02.2020,24.4966
14.02.2020,24.4795
15.02.2020,24.4795
16.02.2020,24.4795
17.02.2020,24.447
18.02.2020,24.4456
19.02.2020,24.4431
20.02.2020,24.5231
21.02.2020,24.4777
22.02.2020,24.4777
23.02.2020,24.4777
24.02.2020,24.453
25.02.2020,24.4995
26.02.2020,24.5307
27.02.2020,24.649
28.02.2020,24.561
29.02.2020,24.561
01.03.2020,24.561
02.03.2020,24.59
03.03.2020,24.818
04.03.2020,24.9386
05.03.2020,24.8908
06.03.2020,24.7413
07.03.2020,24.7413
08.03.2020,24.7413
09.03.2020,24.7413
10.03.2020,24.9215
11.03.2020,25.3135
12.03.2020,25.624
13.03.2020,25.858
14.03.2020,25.858
15.03.2020,25.858
16.03.2020,26.089
17.03.2020,26.5249
18.03.2020,27.0566
19.03.2020,27.2685
20.03.2020,27.8025
21.03.2020,27.8025
22.03.2020,27.8025
23.03.2020,27.7386
24.03.2020,28.1126
25.03.2020,27.7728
26.03.2020,27.9552
27.03.2020,28.1381
28.03.2020,28.1381
29.03.2020,28.1381
30.03.2020,28.183
31.03.2020,28.0615
01.04.2020,27.6289
02.04.2020,27.7538
03.04.2020,27.5962
04.04.2020,27.5962
05.04.2020,27.5962
06.04.2020,27.373
07.04.2020,27.2365
08.04.2020,27.0996
09.04.2020,27.1965
10.04.2020,27.2598
11.04.2020,27.2598
12.04.2020,27.2598
13.04.2020,27.2022
14.04.2020,27.0404
15.04.2020,27.0899
16.04.2020,27.2219
17.04.2020,27.2022
18.04.2020,27.2022
19.04.2020,27.2022
20.04.2020,27.2022
21.04.2020,27.0774
22.04.2020,27.0815
23.04.2020,27.0536
24.04.2020,27.0137
25.04.2020,27.0137
26.04.2020,27.0137
27.04.2020,27.1441
28.04.2020,27.1025
29.04.2020,27.0485
30.04.2020,26.9714
01.05.2020,26.9714
02.05.2020,26.9714
03.05.2020,26.9714
04.05.2020,26.9592
05.05.2020,26.9749
06.05.2020,26.9774
07.05.2020,26.9323
08.05.2020,26.8185
09.05.2020,26.8185
10.05.2020,26.8185
11.05.2020,26.8185
12.05.2020,26.8196
13.05.2020,26.7947
14.05.2020,26.6897
15.05.2020,26.6792
16.05.2020,26.6792
17.05.2020,26.6792
18.05.2020,26.638
19.05.2020,26.571
20.05.2020,26.5159
21.05.2020,26.5854
22.05.2020,26.7699
23.05.2020,26.7699
24.05.2020,26.7699
25.05.2020,26.7556
26.05.2020,26.8742
27.05.2020,26.9029
28.05.2020,27.0002
29.05.2020,26.9059
30.05.2020,26.9059
31.05.2020,26.9059
01.06.2020,26.8685
02.06.2020,26.8181
03.06.2020,26.7955
04.06.2020,26.7544
05.06.2020,26.6953
06.06.2020,26.6953
07.06.2020,26.6953
08.06.2020,26.6953
09.06.2020,26.6005
10.06.2020,26.6412
11.06.2020,26.6367
12.06.2020,26.5999
13.06.2020,26.5999
14.06.2020,26.5999
15.06.2020,26.7303
16.06.2020,26.844
17.06.2020,26.7424
18.06.2020,26.776
19.06.2020,26.7633
20.06.2020,26.7633
21.06.2020,26.7633
22.06.2020,26.7207
23.06.2020,26.6695
24.06.2020,26.6078
25.06.2020,26.6509
26.06.2020,26.7002
27.06.2020,26.7002
28.06.2020,26.7002
29.06.2020,26.7002
30.06.2020,26.6922
01.07.2020,26.6676
02.07.2020,26.77
03.07.2020,27.1801
04.07.2020,27.1801
05.07.2020,27.1801
06.07.2020,27.1716
07.07.2020,27.1269
08.07.2020,26.9309
09.07.2020,26.9514
10.07.2020,26.9335
11.07.2020,26.9335
12.07.2020,26.9335
13.07.2020,26.9505
14.07.2020,27.0883
15.07.2020,27.1436
16.07.2020,27.119
17.07.2020,27.2738
18.07.2020,27.2738
19.07.2020,27.2738
20.07.2020,27.3606
21.07.2020,27.6011
22.07.2020,27.6647
23.07.2020,27.7798
24.07.2020,27.8779
25.07.2020,27.8779
26.07.2020,27.8779
27.07.2020,27.7559
28.07.2020,27.7571
29.07.2020,27.6851
30.07.2020,27.6867
31.07.2020,27.6913
01.08.2020,27.6913
02.08.2020,27.6913
03.08.2020,27.6798
04.08.2020,27.7365
05.08.2020,27.8225
06.08.2020,27.7028
07.08.2020,27.6793
08.08.2020,27.6793
09.08.2020,27.6793
10.08.2020,27.6486
11.08.2020,27.6007
12.08.2020,27.5982
13.08.2020,27.5266
14.08.2020,27.4083
15.08.2020,27.4083
16.08.2020,27.4083
17.08.2020,27.3474
18.08.2020,27.3061
19.08.2020,27.2297
20.08.2020,27.316
21.08.2020,27.4812
22.08.2020,27.4812
23.08.2020,27.4812
24.08.2020,27.4812
25.08.2020,27.3942
26.08.2020,27.4383
27.08.2020,27.386
28.08.2020,27.4615
29.08.2020,27.4615
30.08.2020,27.4615
31.08.2020,27.4759
01.09.2020,27.5618
02.09.2020,27.6049
03.09.2020,27.6428
04.09.2020,27.6908
05.09.2020,27.6908
06.09.2020,27.6908
07.09.2020,27.7325
08.09.2020,27.7509
09.09.2020,27.8032
10.09.2020,27.8296
11.09.2020,27.8346
12.09.2020,27.8346
13.09.2020,27.8346
14.09.2020,27.9003
15.09.2020,28.0003
16.09.2020,28.0556
17.09.2020,28.1195
18.09.2020,28.1127
19.09.2020,28.1127
20.09.2020,28.1127
21.09.2020,28.1718
22.09.2020,28.2022
23.09.2020,28.2059
24.09.2020,28.1874
25.09.2020,28.2487
26.09.2020,28.2487
27.09.2020,28.2487
28.09.2020,28.2673
29.09.2020,28.3062
30.09.2020,28.2989
01.10.2020,28.3105
02.10.2020,28.3343
03.10.2020,28.3343
04.10.2020,28.3343
05.10.2020,28.3408
06.10.2020,28.4009
07.10.2020,28.3639
08.10.2020,28.324
09.10.2020,28.2836
10.10.2020,28.2836
11.10.2020,28.2836
12.10.2020,28.2098
13.10.2020,28.2481
14.10.2020,28.2481
15.10.2020,28.3164
16.10.2020,28.3365
17.10.2020,28.3365
18.10.2020,28.3365
19.10.2020,28.3649
20.10.2020,28.3762
21.10.2020,28.3707
22.10.2020,28.2737
23.10.2020,28.265
24.10.2020,28.265
25.10.2020,28.265
26.10.2020,28.2911
27.10.2020,28.3352
28.10.2020,28.3655
29.10.2020,28.3989
30.10.2020,28.4383
31.10.2020,28.4383
01.11.2020,28.4383
02.11.2020,28.4507
03.11.2020,28.5827
04.11.2020,28.6
05.11.2020,28.5074
06.11.2020,28.3643
07.11.2020,28.3643
08.11.2020,28.3643
09.11.2020,28.1375
10.11.2020,28.1116
11.11.2020,28.1206
12.11.2020,28.161
13.11.2020,28.1963
14.11.2020,28.1963
15.11.2020,28.1963
16.11.2020,28.1158
17.11.2020,28.112
18.11.2020,28.1067
19.11.2020,28.13
20.11.2020,28.2572
21.11.2020,28.2572
22.11.2020,28.2572
23.11.2020,28.3553
24.11.2020,28.3694
25.11.2020,28.3741
26.11.2020,28.3816
27.11.2020,28.4428
28.11.2020,28.4428
29.11.2020,28.4428
30.11.2020,28.4681
01.12.2020,28.4962
02.12.2020,28.5583
03.12.2020,28.4367
04.12.2020,28.3038
05.12.2020,28.3038
06.12.2020,28.3038
07.12.2020,28.2913
08.12.2020,28.2394
09.12.2020,28.0828
10.12.2020,28.0406
11.12.2020,28.075
12.12.2020,28.075
13.12.2020,28.075
14.12.2020,27.9666
15.12.2020,27.8661
16.12.2020,27.759
17.12.2020,27.7373
18.12.2020,27.8184
19.12.2020,27.8184
20.12.2020,27.8184
21.12.2020,27.828
22.12.2020,28.0391
23.12.2020,28.2513
24.12.2020,28.4551
25.12.2020,28.4551
26.12.2020,28.4551
27.12.2020,28.4551
28.12.2020,28.3547
29.12.2020,28.3668
30.12.2020,28.2605
31.12.2020,28.2746
01.01.2021,28.2746
02.01.2021,28.2746
03.01.2021,28.2746
04.01.2021,28.2746
05.01.2021,28.431
06.01.2021,28.4028
07.01.2021,28.4028
08.01.2021,28.4028
09.01.2021,28.4028
10.01.2021,28.4028
11.01.2021,28.2847
12.01.2021,28.2038
13.01.2021,28.046
14.01.2021,27.9705
15.01.2021,28.0609
16.01.2021,28.0524
17.01.2021,28.0524
18.01.2021,28.0524
19.01.2021,28.1926
20.01.2021,28.1544
21.01.2021,28.2035
22.01.2021,28.2561
23.01.2021,28.2561
24.01.2021,28.2561
25.01.2021,28.1648
26.01.2021,28.1665
27.01.2021,28.1524
28.01.2021,28.1652
29.01.2021,28.1929
30.01.2021,28.1929
31.01.2021,28.1929
01.02.2021,28.1324
02.02.2021,28.0603
03.02.2021,28.0589
04.02.2021,27.995
05.02.2021,27.8885
06.02.2021,27.8885
07.02.2021,27.8885
08.02.2021,27.7711
09.02.2021,27.6651
10.02.2021,27.6426
11.02.2021,27.7665
12.02.2021,27.8384
13.02.2021,27.8384
14.02.2021,27.8384
15.02.2021,27.844
16.02.2021,27.9671
17.02.2021,27.8304
18.02.2021,27.9038
19.02.2021,27.8461
20.02.2021,27.8461
21.02.2021,27.8461
22.02.2021,27.8468
23.02.2021,27.9304
24.02.2021,27.8976
25.02.2021,27.9492
26.02.2021,27.9301
27.02.2021,27.9301
28.02.2021,27.9301
01.03.2021,27.9456
02.03.2021,28.0007
03.03.2021,27.933
04.03.2021,27.8477
05.03.2021,27.7564
06.03.2021,27.7564
07.03.2021,27.7564
08.03.2021,27.7564
09.03.2021,27.7091
10.03.2021,27.7431
11.03.2021,27.7016
12.03.2021,27.7486
13.03.2021,27.7486
14.03.2021,27.7486
15.03.2021,27.7305
16.03.2021,27.6434
17.03.2021,27.6525
18.03.2021,27.6978
19.03.2021,27.6828
20.03.2021,27.6828
21.03.2021,27.6828
22.03.2021,27.7184
23.03.2021,27.6871
24.03.2021,27.7295
25.03.2021,27.8706
26.03.2021,27.9698
27.03.2021,27.9698
28.03.2021,27.9698
29.03.2021,27.9679
30.03.2021,27.9694
31.03.2021,27.8852
01.04.2021,27.8226
02.04.2021,27.8324
03.04.2021,27.8324
04.04.2021,27.8324
05.04.2021,27.9555
06.04.2021,27.939
07.04.2021,27.8384
08.04.2021,27.8923
09.04.2021,27.9768
10.04.2021,27.9768
11.04.2021,27.9768
12.04.2021,27.9094
13.04.2021,27.9335
14.04.2021,28.0156
15.04.2021,27.9765
16.04.2021,27.9592
17.04.2021,27.9592
18.04.2021,27.9592
19.04.2021,27.9783
20.04.2021,28.0087
21.04.2021,28.0096
22.04.2021,28.0576
23.04.2021,28.0642
24.04.2021,28.0642
25.04.2021,28.0642
26.04.2021,27.9014
27.04.2021,27.8558
28.04.2021,27.7715
29.04.2021,27.7867
30.04.2021,27.75
01.05.2021,27.75
02.05.2021,27.75
03.05.2021,27.75
04.05.2021,27.75
05.05.2021,27.733
06.05.2021,27.7339
07.05.2021,27.7205
08.05.2021,27.7205
09.05.2021,27.7205
10.05.2021,27.7205
11.05.2021,27.7641
12.05.2021,27.6744
13.05.2021,27.6318
14.05.2021,27.6273
15.05.2021,27.6273
16.05.2021,27.6273
17.05.2021,27.6142
18.05.2021,27.555
19.05.2021,27.4368
20.05.2021,27.4166
21.05.2021,27.4665
22.05.2021,27.4665
23.05.2021,27.4665
24.05.2021,27.4572
25.05.2021,27.4281
26.05.2021,27.4553
27.05.2021,27.5461
28.05.2021,27.526
29.05.2021,27.526
30.05.2021,27.526
31.05.2021,27.5004
01.06.2021,27.4674
02.06.2021,27.4381
03.06.2021,27.3449
04.06.2021,27.34
05.06.2021,27.34
06.06.2021,27.34
07.06.2021,27.2914
08.06.2021,27.1923
09.06.2021,27.1764
10.06.2021,27.0906
11.06.2021,27.1068
12.06.2021,27.1068
13.06.2021,27.1068
14.06.2021,27.0404
15.06.2021,26.9957
16.06.2021,26.9258
17.06.2021,27.0275
18.06.2021,27.1712
19.06.2021,27.1712
20.06.2021,27.1712
21.06.2021,27.1712
22.06.2021,27.1935
23.06.2021,27.305
24.06.2021,27.2737
25.06.2021,27.4589
26.06.2021,27.4589
27.06.2021,27.4589
28.06.2021,27.4589
29.06.2021,27.3964
30.06.2021,27.1763
01.07.2021,27.2275
02.07.2021,27.3841
03.07.2021,27.3841
04.07.2021,27.3841
05.07.2021,27.4121
06.07.2021,27.2904
07.07.2021,27.2497
08.07.2021,27.2993
09.07.2021,27.2862
10.07.2021,27.2862
11.07.2021,27.2862
12.07.2021,27.3234
13.07.2021,27.2904
14.07.2021,27.3216
15.07.2021,27.3047
16.07.2021,27.2905
17.07.2021,27.2905
18.07.2021,27.2905
19.07.2021,27.2301
20.07.2021,27.2132
21.07.2021,27.2205
22.07.2021,27.2405
23.07.2021,27.1915
24.07.2021,27.1915
25.07.2021,27.1915
26.07.2021,27.048
27.07.2021,26.9805
28.07.2021,26.906
29.07.2021,26.8628
30.07.2021,26.8867
31.07.2021,26.8867
01.08.2021,26.8867
02.08.2021,26.8168
03.08.2021,26.8444
04.08.2021,26.8411
05.08.2021,26.9094
06.08.2021,26.9395
07.08.2021,26.9395
08.08.2021,26.9395
09.08.2021,26.8346
10.08.2021,26.8011
11.08.2021,26.7557
12.08.2021,26.8042
13.08.2021,26.7686
14.08.2021,26.7686
15.08.2021,26.7686
16.08.2021,26.6931
17.08.2021,26.6457
18.08.2021,26.6752
19.08.2021,26.6455
20.08.2021,26.6504
21.08.2021,26.6504
22.08.2021,26.6504
23.08.2021,26.6504
24.08.2021,26.6504
25.08.2021,26.6718
26.08.2021,26.7074
27.08.2021,26.7744
28.08.2021,26.929
29.08.2021,26.929
30.08.2021,26.929
31.08.2021,26.8601
01.09.2021,26.8928
02.09.2021,27.0029
03.09.2021,27.0247
04.09.2021,27.0247
05.09.2021,27.0247
06.09.2021,26.9298
07.09.2021,26.8102
08.09.2021,26.7317
09.09.2021,26.7452
10.09.2021,26.7264
11.09.2021,26.7264
12.09.2021,26.7264
13.09.2021,26.6782
14.09.2021,26.692
15.09.2021,26.6362
16.09.2021,26.645
17.09.2021,26.6672
18.09.2021,26.6672
19.09.2021,26.6672
20.09.2021,26.7028
21.09.2021,26.7072
22.09.2021,26.7081
23.09.2021,26.6714
24.09.2021,26.5272
25.09.2021,26.5272
26.09.2021,26.5272
27.09.2021,26.6422
28.09.2021,26.6556
29.09.2021,26.5698
30.09.2021,26.576
01.10.2021,26.6175
02.10.2021,26.6175
03.10.2021,26.6175
04.10.2021,26.61
05.10.2021,26.5722
06.10.2021,26.4244
07.10.2021,26.3503
08.10.2021,26.3314
09.10.2021,26.3314
10.10.2021,26.3314
11.10.2021,26.3515
12.10.2021,26.36
13.10.2021,26.349
14.10.2021,26.349
15.10.2021,26.349
16.10.2021,26.349
17.10.2021,26.349
18.10.2021,26.3419
19.10.2021,26.3356
20.10.2021,26.272
21.10.2021,26.2078
22.10.2021,26.2016
23.10.2021,26.2918
24.10.2021,26.2918
25.10.2021,26.2918
26.10.2021,26.3509
27.10.2021,26.419
28.10.2021,26.3712
29.10.2021,26.3265
30.10.2021,26.3265
31.10.2021,26.3265
01.11.2021,26.2767
02.11.2021,26.2933
03.11.2021,26.2904
04.11.2021,26.2431
05.11.2021,26.19
06.11.2021,26.19
07.11.2021,26.19
08.11.2021,26.102
09.11.2021,26.0806
10.11.2021,26.0927
11.11.2021,26.0575
12.11.2021,26.1022
13.11.2021,26.1022
14.11.2021,26.1022
15.11.2021,26.1107
16.11.2021,26.3371
17.11.2021,26.4133
18.11.2021,26.5147
19.11.2021,26.4427
20.11.2021,26.4427
21.11.2021,26.4427
22.11.2021,26.5694
23.11.2021,26.6588
24.11.2021,26.8604
25.11.2021,26.9273
26.11.2021,27.0256
27.11.2021,27.0256
28.11.2021,27.0256
29.11.2021,27.1033
30.11.2021,27.1739
01.12.2021,27.2142
02.12.2021,27.2296
03.12.2021,27.2933
04.12.2021,27.2933
05.12.2021,27.2933
06.12.2021,27.2981
07.12.2021,27.3791
08.12.2021,27.3317
09.12.2021,27.2167
10.12.2021,27.1013
11.12.2021,27.1013
12.12.2021,27.1013
13.12.2021,27.0241
14.12.2021,26.8846
15.12.2021,26.9985
16.12.2021,27.196
17.12.2021,27.1929
18.12.2021,27.1929
19.12.2021,27.1929
20.12.2021,27.2483
21.12.2021,27.2846
22.12.2021,27.2598
23.12.2021,27.2508
24.12.2021,27.2747
25.12.2021,27.2747
26.12.2021,27.2747
27.12.2021,27.2747
28.12.2021,27.2306
29.12.2021,27.2235
30.12.2021,27.2077
31.12.2021,27.2782
01.01.2022,27.2782
02.01.2022,27.2782
03.01.2022,27.2782
04.01.2022,27.2782
05.01.2022,27.2976
06.01.2022,27.4551
07.01.2022,27.4551
08.01.2022,27.4551
09.01.2022,27.4551
10.01.2022,27.4977
11.01.2022,27.4998
12.01.2022,27.5093
13.01.2022,27.7073
14.01.2022,27.7372
15.01.2022,27.7372
16.01.2022,27.7372
17.01.2022,27.9514
18.01.2022,28.122
19.01.2022,28.4101
20.01.2022,28.4038
21.01.2022,28.3236
22.01.2022,28.3236
23.01.2022,28.3236
24.01.2022,28.3181
25.01.2022,28.3749
26.01.2022,28.6658
27.01.2022,28.7984
28.01.2022,28.9879
29.01.2022,28.9879
30.01.2022,28.9879
31.01.2022,28.7839
01.02.2022,28.4555
02.02.2022,28.318
03.02.2022,28.3876
04.02.2022,28.2701
05.02.2022,28.2701
06.02.2022,28.2701
07.02.2022,28.1468
08.02.2022,27.9998
09.02.2022,27.9619
10.02.2022,27.9795
11.02.2022,27.8756
12.02.2022,27.8756
13.02.2022,27.8756
14.02.2022,28.0346
15.02.2022,28.5355
16.02.2022,28.2424
17.02.2022,28.0943
18.02.2022,28.3
19.02.2022,28.3
20.02.2022,28.3
21.02.2022,28.3428
22.02.2022,28.4846
23.02.2022,28.9877
24.02.2022,29.2549
25.02.2022,29.2549
26.02.2022,29.2549
27.02.2022,29.2549
28.02.2022,29.2549
01.03.2022,29.2549
02.03.2022,29.2549
03.03.2022,29.2549
04.03.2022,29.2549
05.03.2022,29.2549
06.03.2022,29.2549
07.03.2022,29.2549
08.03.2022,29.2549
09.03.2022,29.2549
10.03.2022,29.2549
11.03.2022,29.2549
12.03.2022,29.2549
13.03.2022,29.2549
14.03.2022,29.2549
15.03.2022,29.2549
16.03.2022,29.2549
17.03.2022,29.2549
18.03.2022,29.2549
19.03.2022,29.2549
20.03.2022,29.2549
21.03.2022,29.2549
22.03.2022,29.2549
23.03.2022,29.2549
24.03.2022,29.2549
25.03.2022,29.2549
26.03.2022,29.2549
27.03.2022,29.2549
28.03.2022,29.2549
29.03.2022,29.2549
30.03.2022,29.2549
31.03.2022,29.2549
01.04.2022,29.2549
02.04.2022,29.2549
03.04.2022,29.2549
04.04.2022,29.2549
05.04.2022,29.2549
06.04.2022,29.2549
07.04.2022,29.2549
08.04.2022,29.2549
09.04.2022,29.2549
10.04.2022,29.2549
11.04.2022,29.2549
12.04.2022,29.2549
13.04.2022,29.2549
14.04.2022,29.2549
15.04.2022,29.2549
16.04.2022,29.2549
17.04.2022,29.2549
18.04.2022,29.2549
19.04.2022,29.2549
20.04.2022,29.2549
21.04.2022,29.2549
22.04.2022,29.2549
23.04.2022,29.2549
24.04.2022,29.2549
25.04.2022,29.2549
26.04.2022,29.2549
27.04.2022,29.2549
28.04.2022,29.2549
29.04.2022,29.2549
30.04.2022,29.2549
01.05.2022,29.2549
02.05.2022,29.2549
03.05.2022,29.2549
04.05.2022,29.2549
05.05.2022,29.2549
06.05.2022,29.2549
07.05.2022,29.2549
08.05.2022,29.2549
09.05.2022,29.2549
10.05.2022,29.2549
11.05.2022,29.2549
12.05.2022,29.2549
13.05.2022,29.2549
14.05.2022,29.2549
15.05.2022,29.2549
16.05.2022,29.2549
17.05.2022,29.2549
18.05.2022,29.2549
19.05.2022,29.2549
20.05.2022,29.2549
21.05.2022,29.2549
22.05.2022,29.2549
23.05.2022,29.2549
24.05.2022,29.2549
25.05.2022,29.2549
26.05.2022,29.2549
27.05.2022,29.2549
28.05.2022,29.2549
29.05.2022,29.2549
30.05.2022,29.2549
31.05.2022,29.2549
01.06.2022,29.2549
02.06.2022,29.2549
03.06.2022,29.2549
04.06.2022,29.2549
05.06.2022,29.2549
06.06.2022,29.2549
07.06.2022,29.2549
08.06.2022,29.2549
09.06.2022,29.2549
10.06.2022,29.2549
11.06.2022,29.2549
12.06.2022,29.2549
13.06.2022,29.2549
14.06.2022,29.2549
15.06.2022,29.2549
16.06.2022,29.2549
17.06.2022,29.2549
18.06.2022,29.2549
19.06.2022,29.2549
20.06.2022,29.2549
21.06.2022,29.2549
22.06.2022,29.2549
23.06.2022,29.2549
24.06.2022,29.2549
25.06.2022,29.2549
26.06.2022,29.2549
27.06.2022,29.2549
28.06.2022,29.2549
29.06.2022,29.2549
30.06.2022,29.2549
01.07.2022,29.2549
02.07.2022,29.2549
03.07.2022,29.2549
04.07.2022,29.2549
05.07.2022,29.2549
06.07.2022,29.2549
07.07.2022,29.2549
08.07.2022,29.2549
09.07.2022,29.2549
10.07.2022,29.2549
11.07.2022,29.2549
12.07.2022,29.2549
13.07.2022,29.2549
14.07.2022,29.2549
15.07.2022,29.2549
16.07.2022,29.2549
17.07.2022,29.2549
18.07.2022,29.2549
19.07.2022,29.2549
20.07.2022,29.2549
21.07.2022,36.5686
22.07.2022,36.5686
23.07.2022,36.5686
24.07.2022,36.5686
25.07.2022,36.5686
26.07.2022,36.5686
27.07.2022,36.5686
28.07.2022,36.5686
29.07.2022,36.5686
30.07.2022,36.5686
31.07.2022,36.5686
01.08.2022,36.5686
02.08.2022,36.5686
03.08.2022,36.5686
04.08.2022,36.5686
05.08.2022,36.5686
06.08.2022,36.5686
07.08.2022,36.5686
08.08.2022,36.5686
09.08.2022,36.5686
10.08.2022,36.5686
11.08.2022,36.5686
12.08.2022,36.5686
13.08.2022,36.5686
14.08.2022,36.5686
15.08.2022,36.5686
16.08.2022,36.5686
17.08.2022,36.5686
18.08.2022,36.5686
19.08.2022,36.5686
20.08.2022,36.5686
21.08.2022,36.5686
22.08.2022,36.5686
23.08.2022,36.5686
24.08.2022,36.5686
25.08.2022,36.5686
26.08.2022,36.5686
27.08.2022,36.5686
28.08.2022,36.5686
29.08.2022,36.5686
30.08.2022,36.5686
31.08.2022,36.5686
01.09.2022,36.5686
02.09.2022,36.5686
03.09.2022,36.5686
04.09.2022,36.5686
05.09.2022,36.5686
06.09.2022,36.5686
07.09.2022,36.5686
08.09.2022,36.5686
09.09.2022,36.5686
10.09.2022,36.5686
11.09.2022,36.5686
12.09.2022,36.5686
13.09.2022,36.5686
14.09.2022,36.5686
15.09.2022,36.5686
16.09.2022,36.5686
17.09.2022,36.5686
18.09.2022,36.5686
19.09.2022,36.5686
20.09.2022,36.5686
21.09.2022,36.5686
22.09.2022,36.5686
23.09.2022,36.5686
24.09.2022,36.5686
25.09.2022,36.5686
26.09.2022,36.5686
27.09.2022,36.5686
28.09.2022,36.5686
29.09.2022,36.5686
30.09.2022,36.5686
01.10.2022,36.5686
02.10.2022,36.5686
03.10.2022,36.5686
04.10.2022,36.5686
05.10.2022,36.5686
06.10.2022,36.5686
07.10.2022,36.5686
08.10.2022,36.5686
09.10.2022,36.5686
10.10.2022,36.5686
11.10.2022,36.5686
12.10.2022,36.5686
13.10.2022,36.5686
14.10.2022,36.5686
15.10.2022,36.5686
16.10.2022,36.5686
17.10.2022,36.5686
18.10.2022,36.5686
19.10.2022,36.5686
20.10.2022,36.5686
21.10.2022,36.5686
22.10.2022,36.5686
23.10.2022,36.5686
24.10.2022,36.5686
25.10.2022,36.5686
26.10.2022,36.5686
27.10.2022,36.5686
28.10.2022,36.5686
29.10.2022,36.5686
30.10.2022,36.5686
31.10.2022,36.5686
01.11.2022,36.5686
02.11.2022,36.5686
03.11.2022,36.5686
04.11.2022,36.5686
05.11.2022,36.5686
06.11.2022,36.5686
07.11.2022,36.5686
08.11.2022,36.5686
09.11.2022,36.5686
10.11.2022,36.5686
11.11.2022,36.5686
12.11.2022,36.5686
13.11.2022,36.5686
14.11.2022,36.5686
15.11.2022,36.5686
16.11.2022,36.5686
17.11.2022,36.5686
18.11.2022,36.5686
19.11.2022,36.5686
20.11.2022,36.5686
21.11.2022,36.5686
22.11.2022,36.5686
23.11.2022,36.5686
24.11.2022,36.5686
25.11.2022,36.5686
26.11.2022,36.5686
27.11.2022,36.5686
28.11.2022,36.5686
29.11.2022,36.5686
30.11.2022,36.5686
01.12.2022,36.5686
02.12.2022,36.5686
03.12.2022,36.5686
04.12.2022,36.5686
05.12.2022,36.5686
06.12.2022,36.5686
07.12.2022,36.5686
08.12.2022,36.5686
09.12.2022,36.5686
10.12.2022,36.5686
11.12.2022,36.5686
12.12.2022,36.5686
13.12.2022,36.5686
14.12.2022,36.5686
15.12.2022,36.5686
16.12.2022,36.5686
17.12.2022,36.5686
18.12.2022,36.5686
19.12.2022,36.5686
20.12.2022,36.5686
21.12.2022,36.5686
22.12.2022,36.5686
23.12.2022,36.5686
24.12.2022,36.5686
25.12.2022,36.5686
26.12.2022,36.5686
27.12.2022,36.5686
28.12.2022,36.5686
29.12.2022,36.5686
30.12.2022,36.5686
31.12.2022,36.5686
01.01.2023,36.5686
02.01.2023,36.5686
03.01.2023,36.5686
04.01.2023,36.5686
05.01.2023,36.5686
06.01.2023,36.5686
07.01.2023,36.5686
08.01.2023,36.5686
09.01.2023,36.5686
10.01.2023,36.5686
11.01.2023,36.5686
12.01.2023,36.5686
13.01.2023,36.5686
14.01.2023,36.5686
15.01.2023,36.5686
16.01.2023,36.5686
17.01.2023,36.5686
18.01.2023,36.5686
19.01.2023,36.5686
20.01.2023,36.5686
21.01.2023,36.5686
22.01.2023,36.5686
23.01.2023,36.5686
24.01.2023,36.5686
25.01.2023,36.5686
26.01.2023,36.5686
27.01.2023,36.5686
28.01.2023,36.5686
29.01.2023,36.5686
30.01.2023,36.5686
31.01.2023,36.5686
01.02.2023,36.5686
02.02.2023,36.5686
03.02.2023,36.5686
04.02.2023,36.5686
05.02.2023,36.5686
06.02.2023,36.5686
07.02.2023,36.5686
08.02.2023,36.5686
09.02.2023,36.5686
10.02.2023,36.5686
11.02.2023,36.5686
12.02.2023,36.5686
13.02.2023,36.5686
14.02.2023,36.5686
15.02.2023,36.5686
16.02.2023,36.5686
17.02.2023,36.5686
18.02.2023,36.5686
19.02.2023,36.5686
20.02.2023,36.5686
21.02.2023,36.5686
22.02.2023,36.5686
23.02.2023,36.5686
24.02.2023,36.5686
25.02.2023,36.5686
26.02.2023,36.5686
27.02.2023,36.5686
28.02.2023,36.5686
01.03.2023,36.5686
02.03.2023,36.5686
03.03.2023,36.5686
04.03.2023,36.5686
05.03.2023,36.5686
06.03.2023,36.5686
07.03.2023,36.5686
08.03.2023,36.5686
09.03.2023,36.5686
10.03.2023,36.5686
11.03.2023,36.5686
12.03.2023,36.5686
13.03.2023,36.5686
14.03.2023,36.5686
15.03.2023,36.5686
16.03.2023,36.5686
17.03.2023,36.5686
18.03.2023,36.5686
19.03.2023,36.5686
20.03.2023,36.5686
21.03.2023,36.5686
22.03.2023,36.5686
23.03.2023,36.5686
24.03.2023,36.5686
25.03.2023,36.5686
26.03.2023,36.5686
27.03.2023,36.5686
28.03.2023,36.5686
29.03.2023,36.5686
30.03.2023,36.5686
31.03.2023,36.5686
01.04.2023,36.5686
02.04.2023,36.5686
03.04.2023,36.5686
04.04.2023,36.5686
05.04.2023,36.5686
06.04.2023,36.5686
07.04.2023,36.5686
08.04.2023,36.5686
09.04.2023,36.5686
10.04.2023,36.5686
11.04.2023,36.5686
12.04.2023,36.5686
13.04.2023,36.5686
14.04.2023,36.5686
15.04.2023,36.5686
16.04.2023,36.5686
17.04.2023,36.5686
18.04.2023,36.5686
19.04.2023,36.5686
20.04.2023,36.5686
21.04.2023,36.5686
22.04.2023,36.5686
23.04.2023,36.5686
24.04.2023,36.5686
25.04.2023,36.5686
26.04.2023,36.5686
27.04.2023,36.5686
28.04.2023,36.5686
29.04.2023,36.5686
30.04.2023,36.5686
01.05.2023,36.5686
02.05.2023,36.5686
03.05.2023,36.5686
04.05.2023,36.5686
05.05.2023,36.5686
06.05.2023,36.5686
07.05.2023,36.5686
08.05.2023,36.5686
09.05.2023,36.5686
10.05.2023,36.5686
11.05.2023,36.5686
12.05.2023,36.5686
13.05.2023,36.5686
14.05.2023,36.5686
15.05.2023,36.5686
16.05.2023,36.5686
17.05.2023,36.5686
18.05.2023,36.5686
19.05.2023,36.5686
20.05.2023,36.5686
21.05.2023,36.5686
22.05.2023,36.5686
23.05.2023,36.5686
24.05.2023,36.5686
25.05.2023,36.5686
26.05.2023,36.5686
27.05.2023,36.5686
28.05.2023,36.5686
29.05.2023,36.5686
30.05.2023,36.5686
31.05.2023,36.5686
01.06.2023,36.5686
02.06.2023,36.5686
03.06.2023,36.5686
04.06.2023,36.5686
05.06.2023,36.5686
06.06.2023,36.5686
07.06.2023,36.5686
08.06.2023,36.5686
09.06.2023,36.5686
10.06.2023,36.5686
11.06.2023,36.5686
12.06.2023,36.5686
13.06.2023,36.5686
14.06.2023,36.5686
15.06.2023,36.5686
16.06.2023,36.5686
17.06.2023,36.5686
18.06.2023,36.5686
19.06.2023,36.5686
20.06.2023,36.5686
21.06.2023,36.5686
22.06.2023,36.5686
23.06.2023,36.5686
24.06.2023,36.5686
25.06.2023,36.5686
26.06.2023,36.5686
27.06.2023,36.5686
28.06.2023,36.5686
29.06.2023,36.5686
30.06.2023,36.5686
01.07.2023,36.5686
02.07.2023,36.5686
03.07.2023,36.5686
04.07.2023,36.5686
05.07.2023,36.5686
06.07.2023,36.5686
07.07.2023,36.5686
08.07.2023,36.5686
09.07.2023,36.5686
10.07.2023,36.5686
11.07.2023,36.5686
12.07.2023,36.5686
13.07.2023,36.5686
14.07.2023,36.5686
15.07.2023,36.5686
16.07.2023,36.5686
17.07.2023,36.5686
18.07.2023,36.5686
19.07.2023,36.5686
20.07.2023,36.5686
21.07.2023,36.5686
22.07.2023,36.5686
23.07.2023,36.5686
24.07.2023,36.5686
25.07.2023,36.5686
26.07.2023,36.5686
27.07.2023,36.5686
28.07.2023,36.5686
29.07.2023,36.5686
30.07.2023,36.5686
31.07.2023,36.5686
01.08.2023,36.5686
02.08.2023,36.5686
03.08.2023,36.5686
04.08.2023,36.5686
05.08.2023,36.5686
06.08.2023,36.5686
07.08.2023,36.5686
08.08.2023,36.5686
09.08.2023,36.5686
10.08.2023,36.5686
11.08.2023,36.5686
12.08.2023,36.5686
13.08.2023,36.5686
14.08.2023,36.5686
15.08.2023,36.5686
16.08.2023,36.5686
17.08.2023,36.5686
18.08.2023,36.5686
19.08.2023,36.5686
20.08.2023,36.5686
21.08.2023,36.5686
22.08.2023,36.5686
23.08.2023,36.5686
24.08.2023,36.5686
25.08.2023,36.5686
26.08.2023,36.5686
27.08.2023,36.5686
28.08.2023,36.5686
29.08.2023,36.5686
30.08.2023,36.5686
31.08.2023,36.5686
01.09.2023,36.5686
02.09.2023,36.5686
03.09.2023,36.5686
04.09.2023,36.5686
05.09.2023,36.5686
06.09.2023,36.5686
07.09.2023,36.5686
08.09.2023,36.5686
09.09.2023,36.5686
10.09.2023,36.5686
11.09.2023,36.5686
12.09.2023,36.5686
13.09.2023,36.5686
14.09.2023,36.5686
15.09.2023,36.5686
16.09.2023,36.5686
17.09.2023,36.5686
18.09.2023,36.5686
19.09.2023,36.5686
20.09.2023,36.5686
21.09.2023,36.5686
22.09.2023,36.5686
23.09.2023,36.5686
24.09.2023,36.5686
25.09.2023,36.5686
26.09.2023,36.5686
27.09.2023,36.5686
28.09.2023,36.5686
29.09.2023,36.5686
30.09.2023,36.5686
01.10.2023,36.5686
02.10.2023,36.5686
03.10.2023,36.5686
04.10.2023,36.5901
05.10.2023,36.6023
06.10.2023,36.6216
07.10.2023,36.6216
08.10.2023,36.6216
09.10.2023,36.5827
10.10.2023,36.5527
11.10.2023,36.5058
12.10.2023,36.4385
13.10.2023,36.3931
14.10.2023,36.3931
15.10.2023,36.3931
16.10.2023,36.3688
17.10.2023,36.3297
18.10.2023,36.4507
19.10.2023,36.5616
20.10.2023,36.6118
21.10.2023,36.6118
22.10.2023,36.6118
23.10.2023,36.5401
24.10.2023,36.5569
25.10.2023,36.579
26.10.2023,36.5312
27.10.2023,36.5082
28.10.2023,36.5082
29.10.2023,36.5082
30.10.2023,36.4216
31.10.2023,36.3659
01.11.2023,36.2812
02.11.2023,36.2655
03.11.2023,36.2659
04.11.2023,36.2659
05.11.2023,36.2659
06.11.2023,36.1705
07.11.2023,36.0426
08.11.2023,36.0371
09.11.2023,36.0407
10.11.2023,36.036
11.11.2023,36.036
12.11.2023,36.036
13.11.2023,36.0779
14.11.2023,36.1609
15.11.2023,36.3171
16.11.2023,36.2643
17.11.2023,36.2496
18.11.2023,36.2496
19.11.2023,36.2496
20.11.2023,36.1394
21.11.2023,36.0496
22.11.2023,36.0453
23.11.2023,36.0675
24.11.2023,36.0143
25.11.2023,36.0143
26.11.2023,36.0143
27.11.2023,36.0487
28.11.2023,36.2173
29.11.2023,36.3644
30.11.2023,36.3752
01.12.2023,36.3535
02.12.2023,36.3535
03.12.2023,36.3535
04.12.2023,36.4606
05.12.2023,36.5383
06.12.2023,36.6618
07.12.2023,36.6906
08.12.2023,36.6722
09.12.2023,36.6722
10.12.2023,36.6722
11.12.2023,36.7424
12.12.2023,36.8716
13.12.2023,36.9861
14.12.2023,37.0245
15.12.2023,36.9913
16.12.2023,36.9913
17.12.2023,36.9913
18.12.2023,37.0211
19.12.2023,37.1924
20.12.2023,37.3205
21.12.2023,37.5516
22.12.2023,37.5964
23.12.2023,37.5964
24.12.2023,37.5964
25.12.2023,37.5525
26.12.2023,37.5225
27.12.2023,37.3684
28.12.2023,37.6194
29.12.2023,37.9824
30.12.2023,37.9824
31.12.2023,37.9824
01.01.2024,38.002
02.01.2024,38.0144
03.01.2024,38.0839
04.01.2024,38.1159
05.01.2024,38.0412
06.01.2024,38.0412
07.01.2024,38.0412
08.01.2024,38.0775
09.01.2024,38.192
10.01.2024,38.2253
11.01.2024,38.1923
12.01.2024,37.9982
13.01.2024,37.9982
14.01.2024,37.9982
15.01.2024,37.8386
16.01.2024,37.8641
17.01.2024,37.9247
18.01.2024,37.8977
19.01.2024,37.7094
20.01.2024,37.7094
21.01.2024,37.7094
22.01.2024,37.5268
23.01.2024,37.4521
24.01.2024,37.4544
25.01.2024,37.5252
26.01.2024,37.5825
27.01.2024,37.5825
28.01.2024,37.5825
29.01.2024,37.7811
30.01.2024,37.8862
31.01.2024,37.8746
01.02.2024,37.5627
02.02.2024,37.6047
03.02.2024,37.6047
04.02.2024,37.6047
05.02.2024,37.5698
06.02.2024,37.5544
07.02.2024,37.6254
08.02.2024,37.5937
09.02.2024,37.5707
10.02.2024,37.5707
11.02.2024,37.5707
12.02.2024,37.6234
13.02.2024,37.8951
14.02.2024,38.1264
15.02.2024,38.1734
16.02.2024,37.9484
17.02.2024,37.9484
18.02.2024,37.9484
19.02.2024,37.9719
20.02.2024,38.2847
21.02.2024,38.4756
22.02.2024,38.6237
23.02.2024,38.4803
24.02.2024,38.4803
25.02.2024,38.4803
26.02.2024,38.3527
27.02.2024,38.3361
28.02.2024,38.4249
29.02.2024,38.2077
01.03.2024,38.0492
02.03.2024,38.0492
03.03.2024,38.0492
04.03.2024,38.1575
05.03.2024,38.3135
06.03.2024,38.3943
07.03.2024,38.2664
08.03.2024,38.0836
09.03.2024,38.0836
10.03.2024,38.0836
11.03.2024,38.141
12.03.2024,38.3825
13.03.2024,38.4924
14.03.2024,38.7878
15.03.2024,38.6854
16.03.2024,38.6854
17.03.2024,38.6854
18.03.2024,38.7998
19.03.2024,38.9744
20.03.2024,39.1338
21.03.2024,39.1399
22.03.2024,38.9234
23.03.2024,38.9234
24.03.2024,38.9234
25.03.2024,38.9075
26.03.2024,39.2298
27.03.2024,39.343
28.03.2024,39.2273
29.03.2024,39.2214
30.03.2024,39.2214
31.03.2024,39.2214
01.04.2024,38.9974
02.04.2024,39.0749
03.04.2024,39.3236
04.04.2024,39.1953
05.04.2024,39.0201
06.04.2024,39.0201
07.04.2024,39.0201
08.04.2024,38.8437
09.04.2024,38.9882
10.04.2024,38.9945
11.04.2024,39.0232
12.04.2024,39.1676
13.04.2024,39.1676
14.04.2024,39.1676
15.04.2024,39.399
16.04.2024,39.5737
17.04.2024,39.5737
18.04.2024,39.5451
19.04.2024,39.6037
20.04.2024,39.6037
21.04.2024,39.6037
22.04.2024,39.7879
23.04.2024,39.7836
24.04.2024,39.586
25.04.2024,39.4716
26.04.2024,39.6702
27.04.2024,39.6702
28.04.2024,39.6702
29.04.2024,39.6015
30.04.2024,39.6688
01.05.2024,39.5151
02.05.2024,39.637
03.05.2024,39.5345
04.05.2024,39.5345
05.05.2024,39.5345
06.05.2024,39.3969
07.05.2024,39.3561
08.05.2024,39.2966
09.05.2024,39.3828
10.05.2024,39.5518
11.05.2024,39.5518
12.05.2024,39.5518
13.05.2024,39.7206
14.05.2024,39.6196
15.05.2024,39.6799
16.05.2024,39.5771
17.05.2024,39.4305
18.05.2024,39.4305
19.05.2024,39.4305
20.05.2024,39.4272
21.05.2024,39.665
22.05.2024,39.8052
23.05.2024,39.825
24.05.2024,39.9205
25.05.2024,39.9205
26.05.2024,39.9205
27.05.2024,40.1153
28.05.2024,40.3012
29.05.2024,40.3958
30.05.2024,40.4832
31.05.2024,40.5001
01.06.2024,40.5001
02.06.2024,40.5001
03.06.2024,40.5373
04.06.2024,40.4813
05.06.2024,40.2938
06.06.2024,40.1254
07.06.2024,40.1537
08.06.2024,40.1537
09.06.2024,40.1537
10.06.2024,40.2485
11.06.2024,40.4246
12.06.2024,40.5178
13.06.2024,40.4441
14.06.2024,40.6908
15.06.2024,40.6908
16.06.2024,40.6908
17.06.2024,40.649
18.06.2024,40.6485
19.06.2024,40.5493
20.06.2024,40.5381
21.06.2024,40.5184
22.06.2024,40.5184
23.06.2024,40.5184
24.06.2024,40.4478
25.06.2024,40.5505
26.06.2024,40.6545
27.06.2024,40.5138
28.06.2024,40.5374
29.06.2024,40.5374
30.06.2024,40.5374
01.07.2024,40.4542
02.07.2024,40.6413
03.07.2024,40.7476
04.07.2024,40.7599
05.07.2024,40.5458
06.07.2024,40.5458
07.07.2024,40.5458
08.07.2024,40.542
09.07.2024,40.7
10.07.2024,40.7662
11.07.2024,40.7146
12.07.2024,40.8823
13.07.2024,40.8823
14.07.2024,40.8823
15.07.2024,41.0434
16.07.2024,41.0107
17.07.2024,41.2575
18.07.2024,41.4627
19.07.2024,41.422
20.07.2024,41.422
21.07.2024,41.422
22.07.2024,41.4912
23.07.2024,41.3369
24.07.2024,41.2316
25.07.2024,41.2174
26.07.2024,41.1977
27.07.2024,41.1977
28.07.2024,41.1977
29.07.2024,41.098
30.07.2024,41.0478
31.07.2024,41.0291
01.08.2024,41.0063
02.08.2024,41.139
03.08.2024,41.139
04.08.2024,41.139
05.08.2024,41.225
06.08.2024,41.1966
07.08.2024,41.0381
08.08.2024,40.9847
09.08.2024,40.9926
10.08.2024,40.9926
11.08.2024,40.9926
12.08.2024,41.119
13.08.2024,41.283
14.08.2024,41.3464
15.08.2024,41.3262
16.08.2024,41.1382
17.08.2024,41.1382
18.08.2024,41.1382
19.08.2024,41.211
20.08.2024,41.3027
21.08.2024,41.3459
22.08.2024,41.2975
23.08.2024,41.2881
24.08.2024,41.2881
25.08.2024,41.2881
26.08.2024,41.2236
27.08.2024,41.3591
28.08.2024,41.3008
29.08.2024,41.2508
30.08.2024,41.1901
31.08.2024,41.1901
01.09.2024,41.1901
02.09.2024,41.0592
03.09.2024,41.0976
04.09.2024,41.264
05.09.2024,41.2766
06.09.2024,41.089
07.09.2024,41.089
08.09.2024,41.089
09.09.2024,41.0168
10.09.2024,41.0948
11.09.2024,41.14
12.09.2024,41.1855
13.09.2024,41.2743
14.09.2024,41.2743
15.09.2024,41.2743
16.09.2024,41.3171
17.09.2024,41.3591
18.09.2024,41.41
19.09.2024,41.4508
20.09.2024,41.4445
21.09.2024,41.4445
22.09.2024,41.4445
23.09.2024,41.3481
24.09.2024,41.3567
25.09.2024,41.3744
26.09.2024,41.2647
27.09.2024,41.2085
28.09.2024,41.2085
29.09.2024,41.2085
30.09.2024,41.1664
01.10.2024,41.2199
02.10.2024,41.2476
03.10.2024,41.2755
04.10.2024,41.2202
05.10.2024,41.2202
06.10.2024,41.2202
07.10.2024,41.1859
08.10.2024,41.1961
09.10.2024,41.1756
10.10.2024,41.1934
11.10.2024,41.2072
12.10.2024,41.2072
13.10.2024,41.2072
14.10.2024,41.1891
15.10.2024,41.1963
16.10.2024,41.2139
17.10.2024,41.2256
18.10.2024,41.2351
19.10.2024,41.2351
20.10.2024,41.2351
21.10.2024,41.2308
22.10.2024,41.2833
23.10.2024,41.3313
24.10.2024,41.2739
25.10.2024,41.263
26.10.2024,41.263
27.10.2024,41.263
28.10.2024,41.3135
29.10.2024,41.3292
30.10.2024,41.3798
31.10.2024,41.279
01.11.2024,41.2194
02.11.2024,41.2194
03.11.2024,41.2194
04.11.2024,41.2891
05.11.2024,41.3954
06.11.2024,41.4375
07.11.2024,41.4562
08.11.2024,41.3589
09.11.2024,41.3589
10.11.2024,41.3589
11.11.2024,41.2982
12.11.2024,41.2981
13.11.2024,41.3763
14.11.2024,41.3413
15.11.2024,41.2446
16.11.2024,41.2446
17.11.2024,41.2446
18.11.2024,41.2796
19.11.2024,41.3715
20.11.2024,41.331
21.11.2024,41.2533
22.11.2024,41.286
23.11.2024,41.286
24.11.2024,41.286
25.11.2024,41.3193
26.11.2024,41.4387
27.11.2024,41.5035
28.11.2024,41.601
29.11.2024,41.5956
30.11.2024,41.5956
01.12.2024,41.5956
02.12.2024,41.5847
03.12.2024,41.6461
04.12.2024,41.6972
05.12.2024,41.6628
06.12.2024,41.5975
07.12.2024,41.5975
08.12.2024,41.5975
09.12.2024,41.4446
10.12.2024,41.5093
11.12.2024,41.6119
12.12.2024,41.6941
13.12.2024,41.6588
14.12.2024,41.6588
15.12.2024,41.6588
16.12.2024,41.607
17.12.2024,41.7403
18.12.2024,41.8271
19.12.2024,41.9048
20.12.2024,41.9292
21.12.2024,41.9292
22.12.2024,41.9292
23.12.2024,41.8761
24.12.2024,41.991
25.12.2024,41.9875
26.12.2024,41.8623
27.12.2024,41.8447
28.12.2024,41.8447
29.12.2024,41.8447
30.12.2024,41.9403
31.12.2024,42.039
01.01.2025,42.0295
02.01.2025,41.9725
03.01.2025,42.0385
04.01.2025,42.0385
05.01.2025,42.0385
06.01.2025,42.0889
07.01.2025,42.1959
08.01.2025,42.2297
09.01.2025,42.2361
10.01.2025,42.2825
11.01.2025,42.2825
12.01.2025,42.2825
13.01.2025,42.2841
14.01.2025,42.2692
15.01.2025,42.2734
16.01.2025,42.2659
17.01.2025,42.1729
18.01.2025,42.1729
19.01.2025,42.1729
20.01.2025,42.1257
21.01.2025,42.1551
22.01.2025,42.1661
23.01.2025,42.0325
24.01.2025,41.9751
25.01.2025,41.9751
26.01.2025,41.9751
27.01.2025,41.9253
28.01.2025,41.9479
29.01.2025,42.0195
30.01.2025,41.9294
31.01.2025,41.8242
01.02.2025,41.8242
02.02.2025,41.8242
03.02.2025,41.7263
04.02.2025,41.7908
05.02.2025,41.7558
06.02.2025,41.6584
07.02.2025,41.4897
08.02.2025,41.4897
09.02.2025,41.4897
10.02.2025,41.4733
11.02.2025,41.5936
12.02.2025,41.6696
13.02.2025,41.7927
14.02.2025,41.7996
15.02.2025,41.7996
16.02.2025,41.7996
17.02.2025,41.6299
18.02.2025,41.5554
19.02.2025,41.5705
20.02.2025,41.6814
21.02.2025,41.7316
22.02.2025,41.7316
23.02.2025,41.7316
24.02.2025,41.5919
25.02.2025,41.7015
26.02.2025,41.7358
27.02.2025,41.639
28.02.2025,41.514
01.03.2025,41.514
02.03.2025,41.514
03.03.2025,41.4313
04.03.2025,41.5911
05.03.2025,41.5782
06.03.2025,41.368
07.03.2025,41.2742
08.03.2025,41.2742
09.03.2025,41.2742
10.03.2025,41.2127
11.03.2025,41.287
12.03.2025,41.4124
13.03.2025,41.5076
14.03.2025,41.527
15.03.2025,41.527
16.03.2025,41.527
17.03.2025,41.5098
18.03.2025,41.4395
19.03.2025,41.5658
20.03.2025,41.573
21.03.2025,41.541
22.03.2025,41.541
23.03.2025,41.541
24.03.2025,41.5277
25.03.2025,41.6446
26.03.2025,41.6949
27.03.2025,41.5644
28.03.2025,41.4863
29.03.2025,41.4863
30.03.2025,41.4863
31.03.2025,41.4787
01.04.2025,41.4228
02.04.2025,41.373
03.04.2025,41.3162
04.04.2025,41.3426
05.04.2025,41.3426
06.04.2025,41.3426
07.04.2025,41.1941
08.04.2025,41.0807
09.04.2025,41.174
10.04.2025,41.2751
11.04.2025,41.4031
12.04.2025,41.4031
13.04.2025,41.4031
14.04.2025,41.3879
15.04.2025,41.3153
16.04.2025,41.1753
17.04.2025,41.2152
18.04.2025,41.3825
19.04.2025,41.3825
20.04.2025,41.3825
21.04.2025,41.3955
22.04.2025,41.3785
23.04.2025,41.5185
24.04.2025,41.6707
25.04.2025,41.689
26.04.2025,41.689
27.04.2025,41.689
28.04.2025,41.7513
29.04.2025,41.7441
30.04.2025,41.5647
01.05.2025,41.4706
02.05.2025,41.5945
03.05.2025,41.5945
04.05.2025,41.5945
05.05.2025,41.7091
06.05.2025,41.6036
07.05.2025,41.4544
08.05.2025,41.4388
09.05.2025,41.5113
10.05.2025,41.5113
11.05.2025,41.5113
12.05.2025,41.547
13.05.2025,41.5387
14.05.2025,41.5004
15.05.2025,41.5376
16.05.2025,41.4709
17.05.2025,41.4709
18.05.2025,41.4709
19.05.2025,41.4983
20.05.2025,41.576
21.05.2025,41.4851
22.05.2025,41.436
23.05.2025,41.4999
24.05.2025,41.4999
25.05.2025,41.4999
26.05.2025,41.5094
27.05.2025,41.5707
28.05.2025,41.6758
29.05.2025,41.5903
30.05.2025,41.5285
31.05.2025,41.5285
01.06.2025,41.5285
02.06.2025,41.5261
03.06.2025,41.6184
04.06.2025,41.6385
05.06.2025,41.4829
06.06.2025,41.4717
07.06.2025,41.4717
08.06.2025,41.4717
09.06.2025,41.4018
10.06.2025,41.4919
11.06.2025,41.5566
12.06.2025,41.5117
13.06.2025,41.488
14.06.2025,41.488
15.06.2025,41.488
16.06.2025,41.4466
17.06.2025,41.5306
18.06.2025,41.5255
19.06.2025,41.6293
20.06.2025,41.6854
21.06.2025,41.6854
22.06.2025,41.6854
23.06.2025,41.8335
24.06.2025,41.8702
25.06.2025,41.7924
26.06.2025,41.662
27.06.2025,41.5852
28.06.2025,41.5852
29.06.2025,41.5852
30.06.2025,41.6409
01.07.2025,41.7788
02.07.2025,41.8191
03.07.2025,41.8116
04.07.2025,41.7239
05.07.2025,41.7239
06.07.2025,41.7239
07.07.2025,41.7341
08.07.2025,41.7975
09.07.2025,41.8462
10.07.2025,41.7745
11.07.2025,41.8232
12.07.2025,41.8232
13.07.2025,41.8232
14.07.2025,41.7842
15.07.2025,41.8355
16.07.2025,41.8211
17.07.2025,41.8129
18.07.2025,41.867
19.07.2025,41.867
20.07.2025,41.867
21.07.2025,41.7514
22.07.2025,41.8194
23.07.2025,41.7653
24.07.2025,41.7651
25.07.2025,41.7738
26.07.2025,41.7738
27.07.2025,41.7738
28.07.2025,41.7824
29.07.2025,41.7997
30.07.2025,41.7886
31.07.2025,41.7662
01.08.2025,41.7132
02.08.2025,41.7132
03.08.2025,41.7132
04.08.2025,41.7644
05.08.2025,41.7901
06.08.2025,41.6845
07.08.2025,41.611
08.08.2025,41.4564
09.08.2025,41.4564
10.08.2025,41.4564
11.08.2025,41.3895
12.08.2025,41.449
13.08.2025,41.4268
14.08.2025,41.5149
15.08.2025,41.45
16.08.2025,41.45
17.08.2025,41.45
18.08.2025,41.3401
19.08.2025,41.2589
20.08.2025,41.3557
21.08.2025,41.3782
22.08.2025,41.2185
23.08.2025,41.2185
24.08.2025,41.2185
25.08.2025,41.2839
26.08.2025,41.43
27.08.2025,41.4047
28.08.2025,41.3222
29.08.2025,41.2602
30.08.2025,41.2602
31.08.2025,41.2602
01.09.2025,41.3203
02.09.2025,41.3722
03.09.2025,41.3631
04.09.2025,41.3719
05.09.2025,41.3494
06.09.2025,41.3494
07.09.2025,41.3494
08.09.2025,41.2199
09.09.2025,41.2497
10.09.2025,41.1237
11.09.2025,41.2138
12.09.2025,41.3127
13.09.2025,41.3127
14.09.2025,41.3127
15.09.2025,41.2838
16.09.2025,41.2317
17.09.2025,41.1752
18.09.2025,41.1941
19.09.2025,41.2488
20.09.2025,41.2488
21.09.2025,41.2488
22.09.2025,41.2502
23.09.2025,41.3811
24.09.2025,41.378
25.09.2025,41.4105
26.09.2025,41.4939
27.09.2025,41.4939
28.09.2025,41.4939
29.09.2025,41.4789
30.09.2025,41.3176
01.10.2025,41.142
02.10.2025,41.2215
03.10.2025,41.2764
04.10.2025,41.2764
05.10.2025,41.2764
06.10.2025,41.2286
07.10.2025,41.3409
08.10.2025,41.3158
09.10.2025,41.4024
10.10.2025,41.5062
11.10.2025,41.5062
12.10.2025,41.5062
13.10.2025,41.6027
14.10.2025,41.6102
15.10.2025,41.7514
16.10.2025,41.7607
17.10.2025,41.6358
18.10.2025,41.6358
19.10.2025,41.6358
20.10.2025,41.7308
21.10.2025,41.7565
22.10.2025,41.7441
23.10.2025,41.755
24.10.2025,41.897
25.10.2025,41.897
26.10.2025,41.897
27.10.2025,41.9969
28.10.2025,42.0704
29.10.2025,42.0831
30.10.2025,42.0115
31.10.2025,41.9701
01.11.2025,41.9701
02.11.2025,41.9701
03.11.2025,41.8924
04.11.2025,42.0409
05.11.2025,42.0725
06.11.2025,42.0671
07.11.2025,42.0836
08.11.2025,42.0836
09.11.2025,42.0836
10.11.2025,41.9782
11.11.2025,41.9559
12.11.2025,42.0139
13.11.2025,42.0377
14.11.2025,42.0641
15.11.2025,42.0641
16.11.2025,42.0641
17.11.2025,42.0423
18.11.2025,42.067
19.11.2025,42.0924
20.11.2025,42.0948
21.11.2025,42.1549
22.11.2025,42.1549
23.11.2025,42.1549
24.11.2025,42.2672
25.11.2025,42.3713
26.11.2025,42.4015
27.11.2025,42.2987
28.11.2025,42.1928
29.11.2025,42.1928
30.11.2025,42.1928
01.12.2025,42.266
02.12.2025,42.3413
03.12.2025,42.3342
04.12.2025,42.2034
05.12.2025,42.1838
06.12.2025,42.1838
07.12.2025,42.1838
08.12.2025,42.0567
09.12.2025,42.07
10.12.2025,42.1838
11.12.2025,42.2812
12.12.2025,42.2721
13.12.2025,42.2721
14.12.2025,42.2721
15.12.2025,42.1936
16.12.2025,42.2451
17.12.2025,42.1848
18.12.2025,42.3384
19.12.2025,42.3374
20.12.2025,42.3374
21.12.2025,42.3374
22.12.2025,42.2481
23.12.2025,42.1482
24.12.2025,42.1003
25.12.2025,42.1541
26.12.2025,41.9331
27.12.2025,41.9331
28.12.2025,41.9331
29.12.2025,42.0637
30.12.2025,42.2179
31.12.2025,42.3878
01.01.2026,42.3532
02.01.2026,42.1701
03.01.2026,42.1701
04.01.2026,42.1701
05.01.2026,42.2942
06.01.2026,42.4208
07.01.2026,42.5634
08.01.2026,42.7155
09.01.2026,42.9904
10.01.2026,42.9904
11.01.2026,42.9904
12.01.2026,43.0757
13.01.2026,43.2552
14.01.2026,43.1762
15.01.2026,43.1236
16.01.2026,43.3927
17.01.2026,43.3927
18.01.2026,43.3927
19.01.2026,43.413
20.01.2026,43.2678
21.01.2026,43.2522
22.01.2026,43.1759
23.01.2026,43.1667
24.01.2026,43.1667
25.01.2026,43.1667
26.01.2026,43.1391
27.01.2026,43.1253
28.01.2026,42.9563
29.01.2026,42.7689
30.01.2026,42.8483
31.01.2026,42.8483
01.02.2026,42.8483
02.02.2026,42.8113
03.02.2026,42.9697
04.02.2026,43.1928
05.02.2026,43.1695
06.02.2026,43.1405
07.02.2026,43.1405
08.02.2026,43.1405
09.02.2026,43.0487
10.02.2026,43.0267
11.02.2026,43.0904
12.02.2026,43.0318
13.02.2026,42.993
14.02.2026,42.993
15.02.2026,42.993
16.02.2026,43.102
17.02.2026,43.1705
18.02.2026,43.2577
19.02.2026,43.292
20.02.2026,43.2667
21.02.2026,43.2667
22.02.2026,43.2667
23.02.2026,43.2747
24.02.2026,43.2982
25.02.2026,43.2648
26.02.2026,43.2413
27.02.2026,43.2081
28.02.2026,43.2081
01.03.2026,43.2081
02.03.2026,43.0996
03.03.2026,43.2343
04.03.2026,43.4548
05.03.2026,43.717
06.03.2026,43.8069
07.03.2026,43.8069
08.03.2026,43.8069
09.03.2026,43.7292
10.03.2026,43.8961
11.03.2026,43.8627
12.03.2026,43.9776
13.03.2026,44.1636
14.03.2026,44.1636
15.03.2026,44.1636
16.03.2026,44.1381
17.03.2026,44.0803
18.03.2026,43.9497
19.03.2026,43.896
20.03.2026,43.9617
21.03.2026,43.9617
22.03.2026,43.9617
23.03.2026,43.82
24.03.2026,43.8288
25.03.2026,43.9205
26.03.2026,43.8722
27.03.2026,43.885
28.03.2026,43.885
29.03.2026,43.885
30.03.2026,43.84
31.03.2026,43.7955
01.04.2026,43.9175
02.04.2026,43.7808
03.04.2026,43.8144
04.04.2026,43.8144
05.04.2026,43.8144
06.04.2026,43.6549
07.04.2026,43.5831
08.04.2026,43.4946
09.04.2026,43.3792
10.04.2026,43.4653
11.04.2026,43.4653
12.04.2026,43.4653
13.04.2026,43.4587
14.04.2026,43.4372
15.04.2026,43.4997
16.04.2026,43.5152
17.04.2026,43.6368
18.04.2026,43.6368
19.04.2026,43.6368
20.04.2026,43.8943
21.04.2026,44.1004
22.04.2026,44.116
23.04.2026,43.8873
24.04.2026,43.9412
25.04.2026,43.9412
26.04.2026,43.9412
27.04.2026,44.0039
28.04.2026,44.0894
29.04.2026,44.0735
30.04.2026,44.082
01.05.2026,43.963
02.05.2026,43.963
03.05.2026,43.963
04.05.2026,43.9129
05.05.2026,44
06.05.2026,43.9698
07.05.2026,43.8528
08.05.2026,43.8033
09.05.2026,43.8033
10.05.2026,43.8033
11.05.2026,43.855
12.05.2026,43.9584
13.05.2026,43.9709
14.05.2026,43.9694
15.05.2026,43.9569
16.05.2026,43.9569
17.05.2026,43.9569
18.05.2026,44.0724
19.05.2026,44.1591
20.05.2026,44.153
21.05.2026,44.2271
22.05.2026,44.2341
23.05.2026,44.2341
24.05.2026,44.2341
25.05.2026,44.2619
26.05.2026,44.2447
27.05.2026,44.2767
28.05.2026,44.2996
29.05.2026,44.2653
30.05.2026,44.2653
31.05.2026,44.2653
01.06.2026,44.268
02.06.2026,44.3023
03.06.2026,44.3399
04.06.2026,44.3494
05.06.2026,44.3793
06.06.2026,44.3793
07.06.2026,44.3793
08.06.2026,44.3583
09.06.2026,44.5129
10.06.2026,44.8437
11.06.2026,44.979
12.06.2026,44.9256
13.06.2026,44.9256
14.06.2026,44.9256
15.06.2026,44.8144
16.06.2026,44.8177
17.06.2026,44.7828
18.06.2026,44.8064
19.06.2026,44.9125
20.06.2026,44.9125
21.06.2026,44.9125
22.06.2026,44.9067
23.06.2026,44.9093
24.06.2026,44.8819
25.06.2026,44.8685
26.06.2026,44.9229
27.06.2026,44.9229
28.06.2026,44.9229
29.06.2026,44.8596
30.06.2026,44.8478
01.07.2026,44.7917
02.07.2026,44.7687
03.07.2026,44.8016
04.07.2026,44.8016
05.07.2026,44.8016
06.07.2026,44.5696
07.07.2026,44.5638
08.07.2026,44.5098
09.07.2026,44.4766
10.07.2026,44.5155
11.07.2026,44.5155
12.07.2026,44.5155
13.07.2026,44.495
14.07.2026,44.6746
15.07.2026,44.8833
16.07.2026,44.748
17.07.2026,44.6173
18.07.2026,44.6173
19.07.2026,44.6173
20.07.2026,44.6676
21.07.2026,44.703
22.07.2026,44.7503
23.07.2026,44.7711
24.07.2026,44.811
25.07.2026,44.811
26.07.2026,44.811
27.07.2026,44.8086
28.07.2026,44.8568
29.07.2026,44.9277
30.07.2026,44.8789
31.07.2026,44.6916
01.08.2026,44.6916
02.08.2026,44.6916
03.08.2026,44.6395
04.08.2026,44.7876
05.08.2026,44.7488
06.08.2026,44.6895
07.08.2026,44.7626
08.08.2026,44.7626
09.08.2026,44.7626
10.08.2026,44.7579
11.08.2026,44.8305
12.08.2026,44.866
13.08.2026,44.7128
14.08.2026,44.6988
15.08.2026,44.6988
16.08.2026,44.6988
17.08.2026,44.7061
18.08.2026,44.6938
19.08.2026,44.7756
20.08.2026,44.7006
21.08.2026,44.6144
22.08.2026,44.6144
