tender_id,tenderID,date_created,date_modified,status,main_category,cpv_id,cpv_description,value_amount,value_currency,procuring_entity_name,procuring_entity_edrpou,region
cc6ad56049a742bdbc58f21bf1d5f417,UA-2026-08-14-002098-a,2026-08-14T10:20:29.967990+03:00,2026-08-21T21:28:46.371788+03:00,active.awarded,goods,15110000-2,М’ясо,582400.0,UAH,ВЕРЕНЧАНСЬКА СІЛЬСЬКА РАДА ЧЕРНІВЕЦЬКОГО РАЙОНУ ЧЕРНІВЕЦЬКОЇ ОБЛАСТІ,04418535,Чернівецька область
4d8356ff3cca48d6b0ec4421b6fd5daf,UA-2026-08-10-011863-a,2026-08-10T19:36:21.547002+03:00,2026-08-21T20:52:56.765812+03:00,complete,goods,15540000-5,Сирні продукти,46010.0,UAH,"ВІДДІЛ ОСВІТИ, МОЛОДІЖНОЇ ПОЛІТИКИ ТА СПОРТУ СНЯТИНСЬКОЇ МІСЬКОЇ РАДИ КОЛОМИЙСЬКОГО РАЙОНУ ІВАНО-ФРАНКІВСЬКОЇ ОБЛАСТІ",43917808,Івано-Франківська область
ca9ca8848ae9451bbb40b863a56f38ca,UA-2026-08-10-012200-a,2026-08-10T22:12:37.130074+03:00,2026-08-21T20:42:53.892862+03:00,complete,goods,15530000-2,Вершкове масло,79650.0,UAH,"ВІДДІЛ ОСВІТИ, МОЛОДІЖНОЇ ПОЛІТИКИ ТА СПОРТУ СНЯТИНСЬКОЇ МІСЬКОЇ РАДИ КОЛОМИЙСЬКОГО РАЙОНУ ІВАНО-ФРАНКІВСЬКОЇ ОБЛАСТІ",43917808,Івано-Франківська область
c0a8f7dd3d0d49d4b88cb442a56357d3,UA-2026-08-13-013146-a,2026-08-13T20:31:54.846541+03:00,2026-08-21T20:42:12.831737+03:00,complete,goods,15220000-6,"Риба, рибне філе та інше м’ясо риби морожені",1931565.54,UAH,УПРАВЛІННЯ ОСВІТИ БІЛГОРОД-ДНІСТРОВСЬКОЇ МІСЬКОЇ РАДИ,20989154,Одеська область
1a11a628e7344d6cabcd8a49c7693aa6,UA-2026-08-10-012157-a,2026-08-10T21:55:36.868031+03:00,2026-08-21T20:28:54.395155+03:00,complete,goods,15510000-6,Молоко та вершки,98712.0,UAH,"ВІДДІЛ ОСВІТИ, МОЛОДІЖНОЇ ПОЛІТИКИ ТА СПОРТУ СНЯТИНСЬКОЇ МІСЬКОЇ РАДИ КОЛОМИЙСЬКОГО РАЙОНУ ІВАНО-ФРАНКІВСЬКОЇ ОБЛАСТІ",43917808,Івано-Франківська область
feefb55ff8954e009e7a6c27a9701567,UA-2026-08-10-012295-a,2026-08-10T22:43:57.979517+03:00,2026-08-21T20:17:08.021810+03:00,complete,goods,15550000-8,Молочні продукти різні,55637.5,UAH,"ВІДДІЛ ОСВІТИ, МОЛОДІЖНОЇ ПОЛІТИКИ ТА СПОРТУ СНЯТИНСЬКОЇ МІСЬКОЇ РАДИ КОЛОМИЙСЬКОГО РАЙОНУ ІВАНО-ФРАНКІВСЬКОЇ ОБЛАСТІ",43917808,Івано-Франківська область
85da63b756814037b92bf1cbdaaca092,UA-2026-08-14-008265-a,2026-08-14T14:47:33.966568+03:00,2026-08-21T19:44:36.631594+03:00,complete,goods,15840000-8,Какао; шоколад та цукрові кондитерські вироби,2016.65,UAH,"КОМУНАЛЬНЕ ПІДПРИЄМСТВО ""КОЗЯТИНСЬКА ЦЕНТРАЛЬНА РАЙОННА ЛІКАРНЯ"" КОЗЯТИНСЬКОЇ МІСЬКОЇ РАДИ",35814729,Вінницька область
24a4342ae5bb4faeb60de5a1568c2d8a,UA-2026-08-14-008514-a,2026-08-14T14:55:56.515315+03:00,2026-08-21T19:42:49.968608+03:00,complete,goods,15330000-0,Оброблені фрукти та овочі,22500.0,UAH,"КОМУНАЛЬНЕ ПІДПРИЄМСТВО ""КОЗЯТИНСЬКА ЦЕНТРАЛЬНА РАЙОННА ЛІКАРНЯ"" КОЗЯТИНСЬКОЇ МІСЬКОЇ РАДИ",35814729,Вінницька область
df9421f574e14a59b3e2fbefd1da83fc,UA-2026-08-14-008412-a,2026-08-14T14:52:57.477163+03:00,2026-08-21T19:40:47.869980+03:00,complete,goods,15220000-6,"Риба, рибне філе та інше м’ясо риби морожені",28800.0,UAH,"КОМУНАЛЬНЕ ПІДПРИЄМСТВО ""КОЗЯТИНСЬКА ЦЕНТРАЛЬНА РАЙОННА ЛІКАРНЯ"" КОЗЯТИНСЬКОЇ МІСЬКОЇ РАДИ",35814729,Вінницька область
87b47f4de0ce4e668f8860fe24c87c47,UA-2026-08-10-012090-a,2026-08-10T21:22:21.592510+03:00,2026-08-21T19:35:13.711061+03:00,active.awarded,goods,15811100-7,Хліб,219000.0,UAH,"ВІДДІЛ ОСВІТИ, СІМ'Ї, МОЛОДІ, СПОРТУ ТА КУЛЬТУРИ  МІЖГІРСЬКОЇ СЕЛИЩНОЇ РАДИ",44070606,Закарпатська область
2df925efabfa439dba7e4753e8b6f647,UA-2026-08-10-012039-a,2026-08-10T20:53:55.365502+03:00,2026-08-21T19:20:23.087829+03:00,complete,goods,15320000-7,Фруктові та овочеві соки,84240.0,UAH,"ВІДДІЛ ОСВІТИ, МОЛОДІЖНОЇ ПОЛІТИКИ ТА СПОРТУ СНЯТИНСЬКОЇ МІСЬКОЇ РАДИ КОЛОМИЙСЬКОГО РАЙОНУ ІВАНО-ФРАНКІВСЬКОЇ ОБЛАСТІ",43917808,Івано-Франківська область
f20d99624dd44117834d343d0ea7655a,UA-2026-08-10-011495-a,2026-08-10T17:58:45.434883+03:00,2026-08-21T19:08:31.747869+03:00,complete,goods,15220000-6,"Риба, рибне філе та інше м’ясо риби морожені",62000.0,UAH,"ВІДДІЛ ОСВІТИ, МОЛОДІЖНОЇ ПОЛІТИКИ ТА СПОРТУ СНЯТИНСЬКОЇ МІСЬКОЇ РАДИ КОЛОМИЙСЬКОГО РАЙОНУ ІВАНО-ФРАНКІВСЬКОЇ ОБЛАСТІ",43917808,Івано-Франківська область
19550779c9104b64a05e748a636c3794,UA-2026-08-06-008856-a,2026-08-06T15:22:10.577612+03:00,2026-08-21T18:59:04.605176+03:00,complete,goods,15890000-3,Продукти харчування та сушені продукти різні,191566.67,UAH,Національний Банк України,00032106,Київська область
2e75b65993d74c839b8d49b0b8e3bac0,UA-2026-08-11-012882-a,2026-08-11T19:00:12.817716+03:00,2026-08-21T18:33:00.742700+03:00,complete,goods,15610000-7,Продукція борошномельно-круп'яної промисловості,40505.0,UAH,"ВІДДІЛ ОСВІТИ, МОЛОДІЖНОЇ ПОЛІТИКИ ТА СПОРТУ СНЯТИНСЬКОЇ МІСЬКОЇ РАДИ КОЛОМИЙСЬКОГО РАЙОНУ ІВАНО-ФРАНКІВСЬКОЇ ОБЛАСТІ",43917808,Івано-Франківська область
1926a941038246218be8749ab69851c7,UA-2026-07-30-011006-a,2026-07-30T21:01:04.662484+03:00,2026-08-21T18:25:31.346094+03:00,active.awarded,goods,15710000-8,Готові корми для сільськогосподарських та інших тварин,48000.0,UAH,Військова частина А4795,26637864,
b22cb83937504e54a617d451ca46bfb7,UA-2026-08-10-011269-a,2026-08-10T17:31:16.361861+03:00,2026-08-21T18:21:16.224187+03:00,complete,goods,15110000-2,М’ясо,442290.0,UAH,"ВІДДІЛ ОСВІТИ, МОЛОДІЖНОЇ ПОЛІТИКИ ТА СПОРТУ СНЯТИНСЬКОЇ МІСЬКОЇ РАДИ КОЛОМИЙСЬКОГО РАЙОНУ ІВАНО-ФРАНКІВСЬКОЇ ОБЛАСТІ",43917808,Івано-Франківська область
36288a94ecd148498bd6760865dfc52b,UA-2026-08-12-012800-a,2026-08-12T23:19:25.015627+03:00,2026-08-21T18:02:40.022565+03:00,complete,goods,15810000-9,"Хлібопродукти, свіжовипечені хлібобулочні та кондитерські вироби",64000.0,UAH,БУШТИНСЬКИЙ ЛІЦЕЙ БУШТИНСЬКОЇ СЕЛИЩНОЇ РАДИ ТЯЧІВСЬКОГО РАЙОНУ ЗАКАРПАТСЬКОЇ ОБЛАСТІ,22114862,Закарпатська область
77335d82875b40bc9616f2b37c60848f,UA-2026-08-14-011381-a,2026-08-14T17:42:54.074621+03:00,2026-08-21T17:56:07.656456+03:00,active.awarded,goods,15220000-6,"Риба, рибне філе та інше м’ясо риби морожені",409090.91,UAH,ТЕРЕСВЯНСЬКИЙ ЛІЦЕЙ ІМЕНІ ВІТАЛІЯ БЕНЧАКА ТЕРЕСВЯНСЬКОЇ СЕЛИЩНОЇ РАДИ ТЯЧІВСЬКОГО РАЙОНУ ЗАКАРПАТСЬКОЇ ОБЛАСТІ,26326940,Закарпатська область
e9b7d7cb40064f7ba82556ec89b3f2cc,UA-2026-08-14-011355-a,2026-08-14T17:39:48.752452+03:00,2026-08-21T17:53:13.686790+03:00,active.awarded,goods,15530000-2,Вершкове масло,347368.42,UAH,ТЕРЕСВЯНСЬКИЙ ЛІЦЕЙ ІМЕНІ ВІТАЛІЯ БЕНЧАКА ТЕРЕСВЯНСЬКОЇ СЕЛИЩНОЇ РАДИ ТЯЧІВСЬКОГО РАЙОНУ ЗАКАРПАТСЬКОЇ ОБЛАСТІ,26326940,Закарпатська область
3f7b36390f3741b6b6b6898ca347d4fb,UA-2026-08-10-000918-a,2026-08-10T09:46:55.589920+03:00,2026-08-21T17:45:42.084003+03:00,active.awarded,goods,15880000-0,"Спеціальні продукти харчування, збагачені поживними речовинами",276080.0,UAH,"КОМУНАЛЬНЕ НЕКОМЕРЦІЙНЕ ПІДПРИЄМСТВО ""ЦЕНТР ПЕРВИННОЇ МЕДИЧНОЇ ДОПОМОГИ ОБ'ЄДНАНИХ ТЕРИТОРІАЛЬНИХ ГРОМАД"" МАЧУХІВСЬКОЇ СІЛЬСЬКОЇ РАДИ ПОЛТАВСЬКОГО РАЙОНУ ПОЛТАВСЬКОЇ ОБЛАСТІ",43245813,Полтавська область
be5f477d602943aa9f7125e43be8a22a,UA-2026-07-31-008344-a,2026-07-31T16:23:17.974996+03:00,2026-08-21T17:36:44.448769+03:00,active.qualification,goods,15330000-0,Оброблені фрукти та овочі,8800000.0,UAH,ГОЛОВНЕ УПРАВЛІННЯ НАЦІОНАЛЬНОЇ ГВАРДІЇ УКРАЇНИ,08803498,
88ecf8a02df142ffb5f1069ee6f0321b,UA-2026-08-07-008851-a,2026-08-07T14:57:01.018360+03:00,2026-08-21T17:35:13.616135+03:00,active.qualification,goods,15610000-7,Продукція борошномельно-круп'яної промисловості,2441400.0,UAH,ГОЛОВНЕ УПРАВЛІННЯ НАЦІОНАЛЬНОЇ ГВАРДІЇ УКРАЇНИ,08803498,
a255cdd35ee44bd89213c1cde2d6cbe0,UA-2026-08-12-007659-a,2026-08-12T14:40:37.723680+03:00,2026-08-21T17:31:03.804064+03:00,complete,goods,15810000-9,"Хлібопродукти, свіжовипечені хлібобулочні та кондитерські вироби",290400.0,UAH,"ВІДДІЛ ОСВІТИ, МОЛОДІ, СПОРТУ ТА КУЛЬТУРИ СВАЛЯВСЬКОЇ МІСЬКОЇ РАДИ ЗАКАРПАТСЬКОЇ ОБЛАСТІ",44634286,Закарпатська область
a15635bc3feb47ac961fb64460ce7710,UA-2026-08-13-008914-a,2026-08-13T15:02:10.154710+03:00,2026-08-21T17:18:14.380190+03:00,active.qualification,goods,15510000-6,Молоко та вершки,155370.0,UAH,"КОМУНАЛЬНИЙ ЗАКЛАД КИЇВСЬКОЇ ОБЛАСНОЇ РАДИ ""БАЗА СПЕЦІАЛЬНОГО МЕДИЧНОГО ПОСТАЧАННЯ""",02125740,Київська область
1a60b68698854b2b8cee70839a8af88d,UA-2026-07-28-011680-a,2026-07-28T17:16:33.946043+03:00,2026-08-21T17:16:48.645003+03:00,complete,goods,15220000-6,"Риба, рибне філе та інше м’ясо риби морожені",8791.97,UAH,Управління СБУ в Закарпатській області,20001562,Закарпатська область
645a4c7ff25247adad7d1e84e2b98af1,UA-2026-08-11-008122-a,2026-08-11T14:37:28.143810+03:00,2026-08-21T17:07:39.419606+03:00,active.qualification,goods,15000000-8,"Продукти харчування, напої, тютюн та супутня продукція",100833.34,UAH,"ДОЧІРНЄ ПІДПРИЄМСТВО ДЕРЖАВНОЇ КОМПАНІЇ ""УКРСПЕЦЕКСПОРТ"" - ДЕРЖАВНЕ ГОСПРОЗРАХУНКОВЕ ЗОВНІШНЬОТОРГІВЕЛЬНЕ ПІДПРИЄМСТВО ""СПЕЦТЕХНОЕКСПОРТ""",30019335,м. Київ
d52801d7f5834fa0adbfeb5b72af7fcd,UA-2026-07-29-008464-a,2026-07-29T15:30:37.982208+03:00,2026-08-21T17:07:12.103487+03:00,complete,goods,15860000-4,"Кава, чай та супутня продукція",5088.2,UAH,Управління СБУ в Закарпатській області,20001562,Закарпатська область
e2d98badcd724915b6a2d03bd25d1c4e,UA-2026-08-12-012040-a,2026-08-12T17:52:57.802993+03:00,2026-08-21T17:05:44.908551+03:00,complete,goods,15510000-6,Молоко та вершки,1625.0,UAH,Радивилівський ліцей № 2 ім.П.Г.Стрижака Радивилівської міської ради Дубенського  району Рівненської області,38505512,Рівненська область
008fea7e57774f6ca34c6bb6877962f6,UA-2026-08-16-000254-a,2026-08-16T14:54:02.334149+03:00,2026-08-21T17:04:37.175665+03:00,complete,goods,15890000-3,Продукти харчування та сушені продукти різні,71148.0,UAH,Комунальний заклад «Стародобровільський психоневрологічний інтернат» Дніпропетровської обласної ради»  ,03188240,Дніпропетровська область
a2dc158199da4afabc5d21fbd2ec77a8,UA-2026-07-30-007146-a,2026-07-30T14:51:47.823488+03:00,2026-08-21T17:03:21.628603+03:00,complete,goods,15320000-7,Фруктові та овочеві соки,4838.81,UAH,Управління СБУ в Закарпатській області,20001562,Закарпатська область
1c2a7c4e34af4687b63439e64928f411,UA-2026-08-13-005062-a,2026-08-13T12:06:49.355254+03:00,2026-08-21T16:41:48.614588+03:00,complete,goods,15320000-7,Фруктові та овочеві соки,372782.4,UAH,Державний заклад “Центр соціально-побутового та культурного забезпечення”,33551192,м. Київ
67244c84f6684fee9bbb2d360187ba4f,UA-2026-08-14-010968-a,2026-08-14T16:47:28.521409+03:00,2026-08-21T16:36:39.274464+03:00,complete,goods,15110000-2,М’ясо,275148.55,UAH,Відділ освіти Козлівської селищної ради ,41080689,Тернопільська область
f70bf983f9f840fda14e22988755bbb9,UA-2026-08-14-010776-a,2026-08-14T16:32:04.305209+03:00,2026-08-21T16:36:06.764994+03:00,active.awarded,goods,15540000-5,Сирні продукти,287500.0,UAH,КОЦЮБИНСЬКИЙ ЛІЦЕЙ №1 КОЦЮБИНСЬКОЇ СЕЛИЩНОЇ РАДИ БУЧАНСЬКОГО РАЙОНУ КИЇВСЬКОЇ ОБЛАСТІ,13736671,Київська область
7b40bee8aa7645b2a9fceda40ec83042,UA-2026-08-12-012323-a,2026-08-12T19:03:32.224889+03:00,2026-08-21T16:35:11.845715+03:00,complete,goods,15540000-5,Сирні продукти,820.83,UAH,Радивилівський ліцей № 2 ім.П.Г.Стрижака Радивилівської міської ради Дубенського  району Рівненської області,38505512,Рівненська область
e8785115717745b4baccb58b829d4323,UA-2026-07-29-010446-a,2026-07-29T17:00:44.415389+03:00,2026-08-21T16:21:01.955043+03:00,complete,goods,15330000-0,Оброблені фрукти та овочі,1981801.67,UAH,Національна академія внутрішніх справ,08751177,м. Київ
45a11014dfa74f5684b1d533bc2da7de,UA-2026-08-14-010558-a,2026-08-14T16:18:12.103882+03:00,2026-08-21T16:17:00.257428+03:00,unsuccessful,goods,15530000-2,Вершкове масло,192500.0,UAH,КОЦЮБИНСЬКИЙ ЛІЦЕЙ №1 КОЦЮБИНСЬКОЇ СЕЛИЩНОЇ РАДИ БУЧАНСЬКОГО РАЙОНУ КИЇВСЬКОЇ ОБЛАСТІ,13736671,Київська область
b29da5cff3984643873e5047d10689cf,UA-2026-08-14-001056-a,2026-08-14T09:33:07.627244+03:00,2026-08-21T16:09:36.473472+03:00,complete,goods,15550000-8,Молочні продукти різні,40460.0,UAH,"Державна установа ""Територіальне медичне об'єднання Міністерства внутрішніх справ України по Закарпатській області""",08734492,Закарпатська область
3f1dfbdc7b354835a4bb769b2d2b9f18,UA-2026-08-14-000552-a,2026-08-14T09:02:03.999377+03:00,2026-08-21T16:07:40.372448+03:00,complete,goods,15510000-6,Молоко та вершки,52500.0,UAH,"Державна установа ""Територіальне медичне об'єднання Міністерства внутрішніх справ України по Закарпатській області""",08734492,Закарпатська область
4e8aeab9c65b483ead0dffc6295ef2a0,UA-2026-07-30-009987-a,2026-07-30T16:55:28.345271+03:00,2026-08-21T16:07:22.550529+03:00,active.awarded,goods,15981100-9,Мінеральна вода негазована,820800.0,UAH,ФІЛІЯ «ВІДОКРЕМЛЕНИЙ ПІДРОЗДІЛ  «УПРАВЛІННЯ СПРАВАМИ» АКЦІОНЕРНОГО ТОВАРИСТВА «НАЦІОНАЛЬНА АТОМНА ЕНЕРГОГЕНЕРУЮЧА КОМПАНІЯ «ЕНЕРГОАТОМ»,26200529,
25ce34714de84e88b24be3088b9b5e90,UA-2026-08-14-006798-a,2026-08-14T13:48:08.891661+03:00,2026-08-21T16:07:13.215056+03:00,complete,goods,15110000-2,М’ясо,821500.0,UAH,Відділ освіти виконавчого комітету Лохвицької міської ради,41814742,Полтавська область
3ff305a5f5a44b56ab4a737ad623dcea,UA-2026-07-28-007862-a,2026-07-28T14:43:05.090983+03:00,2026-08-21T16:06:51.122091+03:00,active.awarded,goods,15884000-8,Продукти дитячого харчування,229158.12,UAH,"КОМУНАЛЬНЕ НЕКОМЕРЦІЙНЕ ПІДПРИЄМСТВО ""ВІННИЦЬКА ОБЛАСНА КЛІНІЧНА ЛІКАРНЯ ІМ. М.І. ПИРОГОВА ВІННИЦЬКОЇ ОБЛАСНОЇ РАДИ""",02011031,Вінницька область
940d7abd194d472ca6aa9e08aa7156bd,UA-2026-08-14-010443-a,2026-08-14T16:10:58.673907+03:00,2026-08-21T16:06:00.185738+03:00,unsuccessful,goods,15550000-8,Молочні продукти різні,41283.0,UAH,КОЦЮБИНСЬКИЙ ЛІЦЕЙ №1 КОЦЮБИНСЬКОЇ СЕЛИЩНОЇ РАДИ БУЧАНСЬКОГО РАЙОНУ КИЇВСЬКОЇ ОБЛАСТІ,13736671,Київська область
cef7a26057cd467b802c51fef1deb365,UA-2026-07-29-010803-a,2026-07-29T17:41:43.371117+03:00,2026-08-21T16:05:41.797817+03:00,active.awarded,goods,15890000-3,Продукти харчування та сушені продукти різні,340623675.0,UAH,ДЕРЖАВНЕ ПІДПРИЄМСТВО МІНІСТЕРСТВА ОБОРОНИ УКРАЇНИ “АГЕНЦІЯ  ОБОРОННИХ ЗАКУПІВЕЛЬ”,44725823,м. Київ
4269dd617fed46b8b32472393a7c1a5f,UA-2026-08-12-008528-a,2026-08-12T15:10:06.556823+03:00,2026-08-21T16:01:57.354965+03:00,complete,goods,15510000-6,Молоко та вершки,56000.0,UAH,КОМУНАЛЬНЕ НЕКОМЕРЦІЙНЕ ПІДПРИЄМСТВО «ЗДОЛБУНІВСЬКА ЦЕНТРАЛЬНА МІСЬКА ЛІКАРНЯ» ЗДОЛБУНІВСЬКОЇ МІСЬКОЇ РАДИ РІВНЕНСЬКОЇ ОБЛАСТІ,02000105,Рівненська область
3db2aa0669f24dd2b43d768c7b07a6da,UA-2026-08-12-009029-a,2026-08-12T15:26:19.393983+03:00,2026-08-21T15:57:25.770738+03:00,active.awarded,goods,15882000-4,Дієтичні продукти,97473.0,UAH,Довбиський психоневрологічний інтернат,03188470,Житомирська область
2eec7f874a5d4563b67a7618982b84d3,UA-2026-08-12-011372-a,2026-08-12T16:52:55.324584+03:00,2026-08-21T15:56:33.282357+03:00,complete,goods,15550000-8,Молочні продукти різні,966.67,UAH,Радивилівський ліцей № 2 ім.П.Г.Стрижака Радивилівської міської ради Дубенського  району Рівненської області,38505512,Рівненська область
0737fa1da74f48e49d6a219035f289ba,UA-2026-08-14-001063-a,2026-08-14T09:33:34.445167+03:00,2026-08-21T15:56:10.902492+03:00,complete,goods,15110000-2,М’ясо,237500.0,UAH,Миргородський ліцей імені Т.Г. Шевченка Миргородської міської ради Полтавської області,22548394,Полтавська область
7324af631eea4cd496bdef7dbee335c3,UA-2026-08-11-010352-a,2026-08-11T15:49:25.965756+03:00,2026-08-21T15:54:33.016567+03:00,complete,goods,15330000-0,Оброблені фрукти та овочі,59150.0,UAH,"КОМУНАЛЬНЕ НЕКОМЕРЦІЙНЕ ПІДПРИЄМСТВО ""МІСЬКА КЛІНІЧНА ЛІКАРНЯ № 4"" ДНІПРОВСЬКОЇ МІСЬКОЇ РАДИ",01280527,Дніпропетровська область
9451787df43f4fee85c5742dc0b1cd7c,UA-2026-08-14-009735-a,2026-08-14T15:37:07.674868+03:00,2026-08-21T15:53:46.954033+03:00,complete,goods,15220000-6,"Риба, рибне філе та інше м’ясо риби морожені",193333.3,UAH,ВЕЛИКОДИМЕРСЬКИЙ ЛІЦЕЙ ВЕЛИКОДИМЕРСЬКОЇ СЕЛИЩНОЇ РАДИ БРОВАРСЬКОГО РАЙОНУ КИЇВСЬКОЇ ОБЛАСТІ,22207996,Київська область
75a9dd3129d5437db014ac7ca39e6b9a,UA-2026-08-12-007329-a,2026-08-12T14:28:45.579090+03:00,2026-08-21T15:51:43.333327+03:00,complete,goods,15330000-0,Оброблені фрукти та овочі,13000.0,UAH,"КОМУНАЛЬНЕ НЕКОМЕРЦІЙНЕ ПІДПРИЄМСТВО ""МІСЬКА КЛІНІЧНА ЛІКАРНЯ № 4"" ДНІПРОВСЬКОЇ МІСЬКОЇ РАДИ",01280527,Дніпропетровська область
345f8aac8d6e46dbb449367a7a7f777f,UA-2026-08-14-007838-a,2026-08-14T14:32:30.619312+03:00,2026-08-21T15:51:21.190975+03:00,complete,goods,15110000-2,М’ясо,1241583.3,UAH,ВЕЛИКОДИМЕРСЬКИЙ ЛІЦЕЙ ВЕЛИКОДИМЕРСЬКОЇ СЕЛИЩНОЇ РАДИ БРОВАРСЬКОГО РАЙОНУ КИЇВСЬКОЇ ОБЛАСТІ,22207996,Київська область
442c9fd100f14603bba4139a3c56b812,UA-2026-08-11-009465-a,2026-08-11T15:19:52.688738+03:00,2026-08-21T15:48:08.513058+03:00,complete,goods,15540000-5,Сирні продукти,1485080.83,UAH,ДП Київський національний університет імені Тараса Шевченка,02070944,м. Київ
ba1023b624f94940a826439f2cbb6d73,UA-2026-08-14-010655-a,2026-08-14T16:23:32.652809+03:00,2026-08-21T15:47:37.432457+03:00,complete,goods,15530000-2,Вершкове масло,189233.3,UAH,ВЕЛИКОДИМЕРСЬКИЙ ЛІЦЕЙ ВЕЛИКОДИМЕРСЬКОЇ СЕЛИЩНОЇ РАДИ БРОВАРСЬКОГО РАЙОНУ КИЇВСЬКОЇ ОБЛАСТІ,22207996,Київська область
739c3041fab7450cbb29747817b08aa7,UA-2026-08-13-009779-a,2026-08-13T15:30:58.470862+03:00,2026-08-21T15:46:36.084449+03:00,complete,goods,15420000-8,Рафіновані олії та жири,126070.0,UAH,"КОМУНАЛЬНЕ НЕКОМЕРЦІЙНЕ ПІДПРИЄМСТВО ""ЛІКАРНЯ ІНТЕНСИВНОГО ЛІКУВАННЯ БОЯРСЬКОЇ МІСЬКОЇ РАДИ""",01994669,Київська область
aa49abfd0e9745deb102840d48f3b587,UA-2026-08-11-008531-a,2026-08-11T14:51:10.577755+03:00,2026-08-21T15:46:32.561190+03:00,complete,goods,15510000-6,Молоко та вершки,43200.0,UAH,"КОМУНАЛЬНЕ НЕКОМЕРЦІЙНЕ ПІДПРИЄМСТВО ""МІСЬКА КЛІНІЧНА ЛІКАРНЯ № 4"" ДНІПРОВСЬКОЇ МІСЬКОЇ РАДИ",01280527,Дніпропетровська область
20a6602dd0054ebe946412eee383ea51,UA-2026-08-10-000195-a,2026-08-10T08:42:04.209689+03:00,2026-08-21T15:45:10.457025+03:00,complete,goods,15510000-6,Молоко та вершки,149785.16,UAH,"ФІЛІЯ "" УЗ ВАГОН-СЕРВІС"" АКЦІОНЕРНОГО ТОВАРИСТВА ""УКРАЇНСЬКА ЗАЛІЗНИЦЯ""",45462724,Київська область
9c492778064240fab92dc532f24a9762,UA-2026-08-14-009514-a,2026-08-14T15:29:48.862267+03:00,2026-08-21T15:43:01.347366+03:00,complete,goods,15610000-7,Продукція борошномельно-круп'яної промисловості,119960.0,UAH,Комунальне некомерційне підприємство «Київська міська клінічна лікарня №12» виконавчого органу Київської міської ради (Київської міської державної адміністрації),25680639,м. Київ
1c44ee941d8742af8e5df1e9ada06a69,UA-2026-08-14-009889-a,2026-08-14T15:43:04.657606+03:00,2026-08-21T15:42:41.232502+03:00,complete,goods,15810000-9,"Хлібопродукти, свіжовипечені хлібобулочні та кондитерські вироби",185220.0,UAH,ОДЕСЬКИЙ НАЦІОНАЛЬНИЙ МЕДИЧНИЙ УНІВЕРСИТЕТ,02010801,Одеська область
936ceff4e8ff4708bd759d21529c89ff,UA-2026-08-12-012140-a,2026-08-12T18:11:12.028495+03:00,2026-08-21T15:42:05.662937+03:00,complete,goods,15110000-2,М'ясо,959608.34,UAH,ГЕРЦАЇВСЬКА МІСЬКА РАДА ЧЕРНІВЕЦЬКОГО РАЙОНУ ЧЕРНІВЕЦЬКОЇ ОБЛАСТІ,21423970,Чернівецька область
46aa9dbba2f542a4889f54d80141fc97,UA-2026-07-13-006080-a,2026-07-13T14:01:35.307699+03:00,2026-08-21T15:37:48.802289+03:00,active.awarded,goods,15810000-9,"Хлібопродукти, свіжовипечені хлібобулочні та кондитерські вироби",864250.0,UAH,"КОМУНАЛЬНЕ НЕКОМЕРЦІЙНЕ ПІДПРИЄМСТВО ""МІСЬКА КЛІНІЧНА ЛІКАРНЯ № 16"" ДНІПРОВСЬКОЇ МІСЬКОЇ РАДИ",01984624,Дніпропетровська область
7482f4f4c5704c86ab4395c26aa477cd,UA-2026-08-14-007163-a,2026-08-14T14:04:57.538613+03:00,2026-08-21T15:35:48.811854+03:00,complete,goods,15320000-7,Фруктові та овочеві соки,268333.33,UAH,Відділ освіти виконавчого комітету Лохвицької міської ради,41814742,Полтавська область
cab02a6fe9c746a9aa268f24a103f1dd,UA-2026-08-11-001647-a,2026-08-11T09:59:59.231089+03:00,2026-08-21T15:35:41.243776+03:00,complete,goods,15130000-8,М’ясопродукти,120000.0,UAH,"КОМУНАЛЬНЕ НЕКОМЕРЦІЙНЕ ПІДПРИЄМСТВО ""МІСЬКА КЛІНІЧНА ЛІКАРНЯ № 4"" ДНІПРОВСЬКОЇ МІСЬКОЇ РАДИ",01280527,Дніпропетровська область
73bb8514a7c247378ae749c086272c1d,UA-2026-08-13-011672-a,2026-08-13T16:40:20.330270+03:00,2026-08-21T15:35:14.693460+03:00,complete,goods,15540000-5,Сирні продукти,94375.0,UAH,Миргородський ліцей імені Т.Г. Шевченка Миргородської міської ради Полтавської області,22548394,Полтавська область
a00c7b9862c24b39be950599c2fbdefc,UA-2026-08-14-004680-a,2026-08-14T11:57:58.248050+03:00,2026-08-21T15:31:47.497346+03:00,complete,goods,15610000-7,Продукція борошномельно-круп'яної промисловості,15892.33,UAH,ГОЛОВНИЙ ВІЙСЬКОВО-МЕДИЧНИЙ КЛІНІЧНИЙ ЦЕНТР (ЦЕНТРАЛЬНИЙ КЛІНІЧНИЙ ГОСПІТАЛЬ ) ДЕРЖАВНОЇ ПРИКОРДОННОЇ СЛУЖБИ УКРАЇНИ,14321618,Київська область
ab2c6a14ec8d46eeb8774d70a6ee56c7,UA-2026-07-31-008278-a,2026-07-31T16:18:30.147699+03:00,2026-08-21T15:30:31.129399+03:00,active.qualification,goods,15320000-7,Фруктові та овочеві соки,7140000.0,UAH,ГОЛОВНЕ УПРАВЛІННЯ НАЦІОНАЛЬНОЇ ГВАРДІЇ УКРАЇНИ,08803498,
33b1f1428b3f4558b5bc8a0305968313,UA-2026-07-27-011715-a,2026-07-27T21:32:37.881546+03:00,2026-08-21T15:28:03.112109+03:00,active.qualification,goods,15540000-5,Сирні продукти,25000.0,UAH,"КНП ""Обласна інфекційна клінічна лікарня"" ЗОР",05498849,Запорізька область
0803cf42a6b7472bb25991f0e922e196,UA-2026-07-31-008315-a,2026-07-31T16:20:58.720836+03:00,2026-08-21T15:25:56.528057+03:00,active.awarded,goods,15320000-7,Фруктові та овочеві соки,6690000.0,UAH,ГОЛОВНЕ УПРАВЛІННЯ НАЦІОНАЛЬНОЇ ГВАРДІЇ УКРАЇНИ,08803498,
9cf3726b3b2a4bd4aca63d36a5e7c42d,UA-2026-08-06-007808-a,2026-08-06T14:43:24.511369+03:00,2026-08-21T15:24:38.921087+03:00,complete,goods,15880000-0,"Спеціальні продукти харчування, збагачені поживними речовинами",388945.28,UAH,"КОМУНАЛЬНЕ НЕКОМЕРЦІЙНЕ ПІДПРИЄМСТВО ""ІВАНО-ФРАНКІВСЬКА ОБЛАСНА ДИТЯЧА КЛІНІЧНА ЛІКАРНЯ ІВАНО-ФРАНКІВСЬКОЇ ОБЛАСНОЇ РАДИ""",01993256,Івано-Франківська область
2bd1f7a22b8245408a6faffbb455d6f6,UA-2026-08-13-008477-a,2026-08-13T14:48:34.253058+03:00,2026-08-21T15:21:45.914685+03:00,active.qualification,goods,15530000-2,Вершкове масло,304310.0,UAH,"КОМУНАЛЬНИЙ ЗАКЛАД КИЇВСЬКОЇ ОБЛАСНОЇ РАДИ ""БАЗА СПЕЦІАЛЬНОГО МЕДИЧНОГО ПОСТАЧАННЯ""",02125740,Київська область
7b0589784a4c4712bb0811fa6f3136b8,UA-2026-08-12-011508-a,2026-08-12T17:01:11.812390+03:00,2026-08-21T15:18:51.917197+03:00,complete,goods,15810000-9,"Хлібопродукти, свіжовипечені хлібобулочні та кондитерські вироби",1904882.5,UAH,"КОМУНАЛЬНЕ ПІДПРИЄМСТВО ""ДОБРОБУТ
ПОЛТАВСЬКОЇ ГРОМАДИ ПОЛТАВСЬКОЇ МІСЬКОЇ РАДИ""",43965125,Полтавська область
9fe1dd14915f47a0adb3019e3e94cbd3,UA-2026-08-07-001561-a,2026-08-07T10:02:51.357187+03:00,2026-08-21T15:18:03.318693+03:00,complete,goods,15510000-6,Молоко та вершки,160054.7,UAH,"ФІЛІЯ "" УЗ ВАГОН-СЕРВІС"" АКЦІОНЕРНОГО ТОВАРИСТВА ""УКРАЇНСЬКА ЗАЛІЗНИЦЯ""",45462724,Київська область
af3879ec94904c2394cbdcca3fb809b0,UA-2026-08-13-003748-a,2026-08-13T11:22:53.497088+03:00,2026-08-21T15:14:20.872433+03:00,complete,goods,15420000-8,Рафіновані олії та жири,25500.0,UAH,КІЦМАНСЬКА МІСЬКА РАДА,04062127,Чернівецька область
7bd4b39d87f345e9a0bd9b7d44ac4f1d,UA-2026-08-07-008916-a,2026-08-07T14:59:14.635544+03:00,2026-08-21T15:06:18.708845+03:00,active.awarded,goods,15330000-0,Оброблені фрукти та овочі,7739000.0,UAH,ГОЛОВНЕ УПРАВЛІННЯ НАЦІОНАЛЬНОЇ ГВАРДІЇ УКРАЇНИ,08803498,
